ymin	ymax	xmin	xmax	showSelected2
-0.0588235343459271	0	0.00112517580872011	0.00511954992967651	McGill0004
-0.117647068691854	0	0.00511954992967651	0.00534458509142053	McGill0004
-0.0588235343459271	0	0.00534458509142053	0.00956399437412096	McGill0004
-0.0588235343459271	0	0.0109704641350211	0.0112517580872011	McGill0004
-0.117647068691854	0	0.0112517580872011	0.0129395218002813	McGill0004
-0.176470589058045	0	0.0129395218002813	0.0145147679324895	McGill0004
-0.235294137383708	0	0.0145147679324895	0.0165963431786217	McGill0004
-0.176470589058045	0	0.0165963431786217	0.0168213783403657	McGill0004
-0.117647068691854	0	0.0168213783403657	0.0185654008438819	McGill0004
-0.0588235343459271	0	0.0185654008438819	0.019521800281294	McGill0004
-0.117647068691854	0	0.019521800281294	0.02014064697609	McGill0004
-0.0588235343459271	0	0.02014064697609	0.020196905766526	McGill0004
-0.117647068691854	0	0.020196905766526	0.0231786216596343	McGill0004
-0.176470589058045	0	0.0231786216596343	0.0235724331926864	McGill0004
-0.235294137383708	0	0.0235724331926864	0.0250914205344585	McGill0004
-0.176470589058045	0	0.0250914205344585	0.0258227848101266	McGill0004
-0.117647068691854	0	0.0258227848101266	0.0288045007032349	McGill0004
-0.0588235343459271	0	0.0288045007032349	0.0291983122362869	McGill0004
-0.0588235343459271	0	0.0340928270042194	0.0392123769338959	McGill0004
-0.117647068691854	0	0.0392123769338959	0.039662447257384	McGill0004
-0.0588235343459271	0	0.039662447257384	0.0427004219409283	McGill0004
-0.117647068691854	0	0.0427004219409283	0.0432630098452883	McGill0004
-0.176470589058045	0	0.0432630098452883	0.0447819971870605	McGill0004
-0.117647068691854	0	0.0447819971870605	0.0448382559774965	McGill0004
-0.176470589058045	0	0.0448382559774965	0.0448945147679325	McGill0004
-0.235294137383708	0	0.0448945147679325	0.0483263009845288	McGill0004
-0.176470589058045	0	0.0483263009845288	0.0488888888888889	McGill0004
-0.117647068691854	0	0.0488888888888889	0.0504641350210971	McGill0004
-0.0588235343459271	0	0.0504641350210971	0.0505203938115331	McGill0004
-0.0588235343459271	0	0.0532208157524613	0.0532770745428973	McGill0004
-0.117647068691854	0	0.0532770745428973	0.0537834036568214	McGill0004
-0.176470589058045	0	0.0537834036568214	0.0564838255977497	McGill0004
-0.235294137383708	0	0.0564838255977497	0.0582841068917018	McGill0004
-0.294117643770164	0	0.0582841068917018	0.0588466947960619	McGill0004
-0.235294137383708	0	0.0588466947960619	0.0589029535864979	McGill0004
-0.176470589058045	0	0.0589029535864979	0.0594092827004219	McGill0004
-0.117647068691854	0	0.0594092827004219	0.0614345991561182	McGill0004
-0.176470589058045	0	0.0614345991561182	0.0618284106891702	McGill0004
-0.235294137383708	0	0.0618284106891702	0.0621097046413502	McGill0004
-0.176470589058045	0	0.0621097046413502	0.0622222222222222	McGill0004
-0.235294137383708	0	0.0622222222222222	0.0622784810126582	McGill0004
-0.294117643770164	0	0.0622784810126582	0.0639099859353024	McGill0004
-0.235294137383708	0	0.0639099859353024	0.0657665260196906	McGill0004
-0.294117643770164	0	0.0657665260196906	0.0670042194092827	McGill0004
-0.235294137383708	0	0.0670042194092827	0.0670604781997187	McGill0004
-0.294117643770164	0	0.0670604781997187	0.0674542897327707	McGill0004
-0.235294137383708	0	0.0674542897327707	0.0676230661040788	McGill0004
-0.176470589058045	0	0.0676230661040788	0.0677355836849508	McGill0004
-0.235294137383708	0	0.0677355836849508	0.0678481012658228	McGill0004
-0.176470589058045	0	0.0678481012658228	0.0685232067510549	McGill0004
-0.235294137383708	0	0.0685232067510549	0.069648382559775	McGill0004
-0.294117643770164	0	0.069648382559775	0.0713924050632912	McGill0004
-0.235294137383708	0	0.0713924050632912	0.0726863572433193	McGill0004
-0.176470589058045	0	0.0726863572433193	0.0731926863572433	McGill0004
-0.117647068691854	0	0.0731926863572433	0.0741490857946554	McGill0004
-0.0588235343459271	0	0.0741490857946554	0.0752742616033755	McGill0004
-0.0588235343459271	0	0.0806188466947961	0.0829254571026723	McGill0004
-0.117647068691854	0	0.0829254571026723	0.0848945147679325	McGill0004
-0.176470589058045	0	0.0848945147679325	0.0857946554149086	McGill0004
-0.235294137383708	0	0.0857946554149086	0.0862447257383966	McGill0004
-0.176470589058045	0	0.0862447257383966	0.0872011251758087	McGill0004
-0.235294137383708	0	0.0872011251758087	0.0885513361462729	McGill0004
-0.176470589058045	0	0.0885513361462729	0.0890576652601969	McGill0004
-0.235294137383708	0	0.0890576652601969	0.0905203938115331	McGill0004
-0.176470589058045	0	0.0905203938115331	0.0914205344585091	McGill0004
-0.117647068691854	0	0.0914205344585091	0.0926582278481013	McGill0004
-0.176470589058045	0	0.0926582278481013	0.0928270042194093	McGill0004
-0.117647068691854	0	0.0928270042194093	0.0935021097046413	McGill0004
-0.176470589058045	0	0.0935021097046413	0.0941209563994374	McGill0004
-0.235294137383708	0	0.0941209563994374	0.0946835443037975	McGill0004
-0.176470589058045	0	0.0946835443037975	0.0980590717299578	McGill0004
-0.235294137383708	0	0.0980590717299578	0.0982841068917018	McGill0004
-0.176470589058045	0	0.0982841068917018	0.0991279887482419	McGill0004
-0.117647068691854	0	0.0991279887482419	0.099746835443038	McGill0004
-0.0588235343459271	0	0.099746835443038	0.100534458509142	McGill0004
-0.117647068691854	0	0.100534458509142	0.102447257383966	McGill0004
-0.176470589058045	0	0.102447257383966	0.103684950773558	McGill0004
-0.117647068691854	0	0.103684950773558	0.105260196905767	McGill0004
-0.176470589058045	0	0.105260196905767	0.105372714486639	McGill0004
-0.117647068691854	0	0.105372714486639	0.106160337552743	McGill0004
-0.0588235343459271	0	0.106160337552743	0.107566807313643	McGill0004
-0.117647068691854	0	0.107566807313643	0.108748241912799	McGill0004
-0.176470589058045	0	0.108748241912799	0.109198312236287	McGill0004
-0.117647068691854	0	0.109198312236287	0.111223628691983	McGill0004
-0.176470589058045	0	0.111223628691983	0.112236286919831	McGill0004
-0.235294137383708	0	0.112236286919831	0.112855133614627	McGill0004
-0.176470589058045	0	0.112855133614627	0.114092827004219	McGill0004
-0.117647068691854	0	0.114092827004219	0.115724331926864	McGill0004
-0.176470589058045	0	0.115724331926864	0.116849507735584	McGill0004
-0.117647068691854	0	0.116849507735584	0.117243319268636	McGill0004
-0.0588235343459271	0	0.117243319268636	0.117355836849508	McGill0004
-0.0588235343459271	0	0.117412095639944	0.118087201125176	McGill0004
-0.117647068691854	0	0.118087201125176	0.118931082981716	McGill0004
-0.0588235343459271	0	0.118931082981716	0.123713080168776	McGill0004
-0.0588235343459271	0	0.124838255977497	0.129338959212377	McGill0004
-0.117647068691854	0	0.129338959212377	0.130295358649789	McGill0004
-0.0588235343459271	0	0.130295358649789	0.130520393811533	McGill0004
-0.117647068691854	0	0.130520393811533	0.134458509142053	McGill0004
-0.0588235343459271	0	0.134458509142053	0.135977496483826	McGill0004
-0.0588235343459271	0	0.148748241912799	0.149198312236287	McGill0004
-0.117647068691854	0	0.149198312236287	0.153811533052039	McGill0004
-0.176470589058045	0	0.153811533052039	0.154092827004219	McGill0004
-0.235294137383708	0	0.154092827004219	0.154317862165963	McGill0004
-0.294117643770164	0	0.154317862165963	0.154374120956399	McGill0004
-0.235294137383708	0	0.154374120956399	0.154824191279887	McGill0004
-0.176470589058045	0	0.154824191279887	0.15943741209564	McGill0004
-0.117647068691854	0	0.15943741209564	0.159662447257384	McGill0004
-0.0588235343459271	0	0.159662447257384	0.159831223628692	McGill0004
-0.117647068691854	0	0.159831223628692	0.159943741209564	McGill0004
-0.0588235343459271	0	0.159943741209564	0.160450070323488	McGill0004
-0.117647068691854	0	0.160450070323488	0.160618846694796	McGill0004
-0.176470589058045	0	0.160618846694796	0.161744022503516	McGill0004
-0.235294137383708	0	0.161744022503516	0.164669479606188	McGill0004
-0.294117643770164	0	0.164669479606188	0.165400843881857	McGill0004
-0.235294137383708	0	0.165400843881857	0.165963431786217	McGill0004
-0.294117643770164	0	0.165963431786217	0.166075949367089	McGill0004
-0.235294137383708	0	0.166075949367089	0.166244725738397	McGill0004
-0.176470589058045	0	0.166244725738397	0.167369901547117	McGill0004
-0.117647068691854	0	0.167369901547117	0.168045007032349	McGill0004
-0.176470589058045	0	0.168045007032349	0.168945147679325	McGill0004
-0.235294137383708	0	0.168945147679325	0.170295358649789	McGill0004
-0.176470589058045	0	0.170295358649789	0.171589310829817	McGill0004
-0.117647068691854	0	0.171589310829817	0.173052039381153	McGill0004
-0.176470589058045	0	0.173052039381153	0.173558368495077	McGill0004
-0.117647068691854	0	0.173558368495077	0.174571026722925	McGill0004
-0.0588235343459271	0	0.174571026722925	0.174683544303797	McGill0004
-0.117647068691854	0	0.174683544303797	0.175527426160338	McGill0004
-0.176470589058045	0	0.175527426160338	0.176315049226442	McGill0004
-0.235294137383708	0	0.176315049226442	0.17676511954993	McGill0004
-0.294117643770164	0	0.17676511954993	0.178002812939522	McGill0004
-0.352941178116091	0	0.178002812939522	0.178677918424754	McGill0004
-0.294117643770164	0	0.178677918424754	0.180309423347398	McGill0004
-0.235294137383708	0	0.180309423347398	0.181153305203938	McGill0004
-0.176470589058045	0	0.181153305203938	0.181940928270042	McGill0004
-0.117647068691854	0	0.181940928270042	0.18239099859353	McGill0004
-0.0588235343459271	0	0.18239099859353	0.183628691983122	McGill0004
-0.0588235343459271	0	0.195611814345992	0.195668073136428	McGill0004
-0.117647068691854	0	0.195668073136428	0.197018284106892	McGill0004
-0.176470589058045	0	0.197018284106892	0.199268635724332	McGill0004
-0.235294137383708	0	0.199268635724332	0.200056258790436	McGill0004
-0.294117643770164	0	0.200056258790436	0.201237693389592	McGill0004
-0.235294137383708	0	0.201237693389592	0.201293952180028	McGill0004
-0.176470589058045	0	0.201293952180028	0.20253164556962	McGill0004
-0.235294137383708	0	0.20253164556962	0.202644163150492	McGill0004
-0.176470589058045	0	0.202644163150492	0.20309423347398	McGill0004
-0.235294137383708	0	0.20309423347398	0.204838255977497	McGill0004
-0.176470589058045	0	0.204838255977497	0.205682137834037	McGill0004
-0.117647068691854	0	0.205682137834037	0.208157524613221	McGill0004
-0.0588235343459271	0	0.208157524613221	0.208382559774965	McGill0004
-0.117647068691854	0	0.208382559774965	0.208720112517581	McGill0004
-0.0588235343459271	0	0.208720112517581	0.214008438818565	McGill0004
-0.0588235343459271	0	0.21535864978903	0.217665260196906	McGill0004
-0.117647068691854	0	0.217665260196906	0.21845288326301	McGill0004
-0.0588235343459271	0	0.21845288326301	0.223178621659634	McGill0004
-0.0588235343459271	0	0.225822784810127	0.227510548523207	McGill0004
-0.0588235343459271	0	0.231617440225035	0.236174402250352	McGill0004
-0.0588235343459271	0	0.236680731364276	0.241631504922644	McGill0004
-0.117647068691854	0	0.241631504922644	0.242194092827004	McGill0004
-0.0588235343459271	0	0.242194092827004	0.246469760900141	McGill0004
-0.117647068691854	0	0.246469760900141	0.246582278481013	McGill0004
-0.176470589058045	0	0.246582278481013	0.247257383966245	McGill0004
-0.117647068691854	0	0.247257383966245	0.249226441631505	McGill0004
-0.176470589058045	0	0.249226441631505	0.249451476793249	McGill0004
-0.117647068691854	0	0.249451476793249	0.250689170182841	McGill0004
-0.235294137383708	0	0.250689170182841	0.251420534458509	McGill0004
-0.294117643770164	0	0.251420534458509	0.252095639943741	McGill0004
-0.235294137383708	0	0.252095639943741	0.252151898734177	McGill0004
-0.294117643770164	0	0.252151898734177	0.253502109704641	McGill0004
-0.235294137383708	0	0.253502109704641	0.254852320675106	McGill0004
-0.176470589058045	0	0.254852320675106	0.256315049226442	McGill0004
-0.117647068691854	0	0.256315049226442	0.256371308016878	McGill0004
-0.176470589058045	0	0.256371308016878	0.256990154711674	McGill0004
-0.0588235343459271	0	0.256990154711674	0.258790436005626	McGill0004
-0.117647068691854	0	0.258790436005626	0.260815752461322	McGill0004
-0.176470589058045	0	0.260815752461322	0.261659634317862	McGill0004
-0.294117643770164	0	0.261659634317862	0.261997187060478	McGill0004
-0.235294137383708	0	0.261997187060478	0.263909985935302	McGill0004
-0.294117643770164	0	0.263909985935302	0.264303797468354	McGill0004
-0.352941178116091	0	0.264303797468354	0.26436005625879	McGill0004
-0.294117643770164	0	0.26436005625879	0.266216596343179	McGill0004
-0.352941178116091	0	0.266216596343179	0.267285513361463	McGill0004
-0.294117643770164	0	0.267285513361463	0.267566807313643	McGill0004
-0.352941178116091	0	0.267566807313643	0.269367088607595	McGill0004
-0.294117643770164	0	0.269367088607595	0.269929676511955	McGill0004
-0.176470589058045	0	0.269929676511955	0.271786216596343	McGill0004
-0.117647068691854	0	0.271786216596343	0.272067510548523	McGill0004
-0.0588235343459271	0	0.272067510548523	0.272742616033755	McGill0004
-0.117647068691854	0	0.272742616033755	0.272911392405063	McGill0004
-0.0588235343459271	0	0.272911392405063	0.273699015471167	McGill0004
-0.117647068691854	0	0.273699015471167	0.274092827004219	McGill0004
-0.176470589058045	0	0.274092827004219	0.279268635724332	McGill0004
-0.117647068691854	0	0.279268635724332	0.280956399437412	McGill0004
-0.176470589058045	0	0.280956399437412	0.283431786216596	McGill0004
-0.117647068691854	0	0.283431786216596	0.284163150492264	McGill0004
-0.0588235343459271	0	0.284163150492264	0.285007032348805	McGill0004
-0.0588235343459271	0	0.289170182841069	0.291701828410689	McGill0004
-0.117647068691854	0	0.291701828410689	0.293277074542897	McGill0004
-0.0588235343459271	0	0.293277074542897	0.296821378340366	McGill0004
-0.117647068691854	0	0.296821378340366	0.297271448663854	McGill0004
-0.0588235343459271	0	0.297271448663854	0.29873417721519	McGill0004
-0.117647068691854	0	0.29873417721519	0.29957805907173	McGill0004
-0.176470589058045	0	0.29957805907173	0.301772151898734	McGill0004
-0.117647068691854	0	0.301772151898734	0.302222222222222	McGill0004
-0.0588235343459271	0	0.302222222222222	0.302503516174402	McGill0004
-0.117647068691854	0	0.302503516174402	0.304191279887482	McGill0004
-0.176470589058045	0	0.304191279887482	0.305203938115331	McGill0004
-0.117647068691854	0	0.305203938115331	0.306385372714487	McGill0004
-0.176470589058045	0	0.306385372714487	0.306610407876231	McGill0004
-0.235294137383708	0	0.306610407876231	0.308129395218003	McGill0004
-0.176470589058045	0	0.308129395218003	0.309592123769339	McGill0004
-0.235294137383708	0	0.309592123769339	0.309817158931083	McGill0004
-0.176470589058045	0	0.309817158931083	0.310267229254571	McGill0004
-0.235294137383708	0	0.310267229254571	0.311842475386779	McGill0004
-0.176470589058045	0	0.311842475386779	0.312236286919831	McGill0004
-0.117647068691854	0	0.312236286919831	0.314824191279888	McGill0004
-0.176470589058045	0	0.314824191279888	0.31521800281294	McGill0004
-0.117647068691854	0	0.31521800281294	0.315555555555556	McGill0004
-0.176470589058045	0	0.315555555555556	0.315893108298172	McGill0004
-0.117647068691854	0	0.315893108298172	0.317974683544304	McGill0004
-0.176470589058045	0	0.317974683544304	0.320450070323488	McGill0004
-0.117647068691854	0	0.320450070323488	0.321181434599156	McGill0004
-0.0588235343459271	0	0.321181434599156	0.323600562587904	McGill0004
-0.0588235343459271	0	0.325963431786217	0.327819971870605	McGill0004
-0.117647068691854	0	0.327819971870605	0.331589310829817	McGill0004
-0.0588235343459271	0	0.331589310829817	0.332433192686357	McGill0004
-0.0588235343459271	0	0.336933895921238	0.338902953586498	McGill0004
-0.117647068691854	0	0.338902953586498	0.340478199718706	McGill0004
-0.176470589058045	0	0.340478199718706	0.34070323488045	McGill0004
-0.235294137383708	0	0.34070323488045	0.342053445850914	McGill0004
-0.176470589058045	0	0.342053445850914	0.34436005625879	McGill0004
-0.117647068691854	0	0.34436005625879	0.346104078762307	McGill0004
-0.0588235343459271	0	0.346104078762307	0.346329113924051	McGill0004
-0.0588235343459271	0	0.349198312236287	0.350267229254571	McGill0004
-0.117647068691854	0	0.350267229254571	0.350717299578059	McGill0004
-0.235294137383708	0	0.350717299578059	0.351561181434599	McGill0004
-0.294117643770164	0	0.351561181434599	0.352123769338959	McGill0004
-0.352941178116091	0	0.352123769338959	0.354824191279887	McGill0004
-0.294117643770164	0	0.354824191279887	0.355724331926864	McGill0004
-0.235294137383708	0	0.355724331926864	0.35606188466948	McGill0004
-0.176470589058045	0	0.35606188466948	0.356286919831224	McGill0004
-0.117647068691854	0	0.356286919831224	0.3571870604782	McGill0004
-0.0588235343459271	0	0.3571870604782	0.35774964838256	McGill0004
-0.0588235343459271	0	0.371420534458509	0.373670886075949	McGill0004
-0.117647068691854	0	0.373670886075949	0.37704641350211	McGill0004
-0.0588235343459271	0	0.37704641350211	0.379071729957806	McGill0004
-0.0588235343459271	0	0.38210970464135	0.387735583684951	McGill0004
-0.0588235343459271	0	0.388241912798875	0.393248945147679	McGill0004
-0.0588235343459271	0	0.3957805907173	0.396118143459916	McGill0004
-0.117647068691854	0	0.396118143459916	0.401350210970464	McGill0004
-0.0588235343459271	0	0.401350210970464	0.401744022503516	McGill0004
-0.0588235343459271	0	0.403769338959212	0.406863572433193	McGill0004
-0.117647068691854	0	0.406863572433193	0.407201125175809	McGill0004
-0.176470589058045	0	0.407201125175809	0.407763713080169	McGill0004
-0.235294137383708	0	0.407763713080169	0.407819971870605	McGill0004
-0.294117643770164	0	0.407819971870605	0.409282700421941	McGill0004
-0.235294137383708	0	0.409282700421941	0.409395218002813	McGill0004
-0.176470589058045	0	0.409395218002813	0.412770745428973	McGill0004
-0.235294137383708	0	0.412770745428973	0.412827004219409	McGill0004
-0.176470589058045	0	0.412827004219409	0.413389592123769	McGill0004
-0.117647068691854	0	0.413389592123769	0.413445850914205	McGill0004
-0.0588235343459271	0	0.413445850914205	0.41479606188467	McGill0004
-0.117647068691854	0	0.41479606188467	0.415021097046414	McGill0004
-0.176470589058045	0	0.415021097046414	0.41507735583685	McGill0004
-0.235294137383708	0	0.41507735583685	0.416596343178622	McGill0004
-0.294117643770164	0	0.416596343178622	0.42042194092827	McGill0004
-0.235294137383708	0	0.42042194092827	0.420534458509142	McGill0004
-0.176470589058045	0	0.420534458509142	0.422222222222222	McGill0004
-0.117647068691854	0	0.422222222222222	0.424022503516174	McGill0004
-0.0588235343459271	0	0.424022503516174	0.424191279887482	McGill0004
-0.117647068691854	0	0.429985935302391	0.431223628691983	McGill0004
-0.176470589058045	0	0.431223628691983	0.431954992967651	McGill0004
-0.235294137383708	0	0.431954992967651	0.432461322081575	McGill0004
-0.294117643770164	0	0.432461322081575	0.435274261603376	McGill0004
-0.352941178116091	0	0.435274261603376	0.435555555555556	McGill0004
-0.294117643770164	0	0.435555555555556	0.435611814345992	McGill0004
-0.235294137383708	0	0.435611814345992	0.436849507735584	McGill0004
-0.176470589058045	0	0.436849507735584	0.436962025316456	McGill0004
-0.235294137383708	0	0.436962025316456	0.43746835443038	McGill0004
-0.294117643770164	0	0.43746835443038	0.437580872011252	McGill0004
-0.176470589058045	0	0.437580872011252	0.440900140646976	McGill0004
-0.117647068691854	0	0.440900140646976	0.442475386779184	McGill0004
-0.176470589058045	0	0.442475386779184	0.442587904360056	McGill0004
-0.117647068691854	0	0.442587904360056	0.44309423347398	McGill0004
-0.0588235343459271	0	0.44309423347398	0.445569620253165	McGill0004
-0.117647068691854	0	0.445569620253165	0.447032348804501	McGill0004
-0.0588235343459271	0	0.447032348804501	0.448045007032349	McGill0004
-0.117647068691854	0	0.448045007032349	0.451195499296765	McGill0004
-0.0588235343459271	0	0.451195499296765	0.452320675105485	McGill0004
-0.117647068691854	0	0.452320675105485	0.453670886075949	McGill0004
-0.0588235343459271	0	0.453670886075949	0.456090014064698	McGill0004
-0.117647068691854	0	0.456090014064698	0.45732770745429	McGill0004
-0.176470589058045	0	0.45732770745429	0.457946554149086	McGill0004
-0.117647068691854	0	0.457946554149086	0.45901547116737	McGill0004
-0.176470589058045	0	0.45901547116737	0.461715893108298	McGill0004
-0.117647068691854	0	0.461715893108298	0.46295358649789	McGill0004
-0.0588235343459271	0	0.46295358649789	0.463741209563994	McGill0004
-0.117647068691854	0	0.463741209563994	0.464641350210971	McGill0004
-0.0588235343459271	0	0.464641350210971	0.466047819971871	McGill0004
-0.117647068691854	0	0.466047819971871	0.467229254571027	McGill0004
-0.0588235343459271	0	0.467229254571027	0.470604781997187	McGill0004
-0.0588235343459271	0	0.476568213783404	0.482081575246132	McGill0004
-0.0588235343459271	0	0.483544303797468	0.487763713080169	McGill0004
-0.0588235343459271	0	0.491082981715893	0.496033755274262	McGill0004
-0.117647068691854	0	0.496033755274262	0.496708860759494	McGill0004
-0.0588235343459271	0	0.496708860759494	0.497552742616034	McGill0004
-0.117647068691854	0	0.497552742616034	0.49760900140647	McGill0004
-0.176470589058045	0	0.49760900140647	0.50126582278481	McGill0004
-0.235294137383708	0	0.50126582278481	0.501603375527426	McGill0004
-0.176470589058045	0	0.501603375527426	0.502897327707454	McGill0004
-0.117647068691854	0	0.502897327707454	0.503178621659634	McGill0004
-0.0588235343459271	0	0.503178621659634	0.506891701828411	McGill0004
-0.0588235343459271	0	0.509873417721519	0.515330520393812	McGill0004
-0.0588235343459271	0	0.515949367088608	0.519662447257384	McGill0004
-0.0588235343459271	0	0.527594936708861	0.528720112517581	McGill0004
-0.117647068691854	0	0.528720112517581	0.531870604781997	McGill0004
-0.176470589058045	0	0.531870604781997	0.533220815752461	McGill0004
-0.117647068691854	0	0.533220815752461	0.534345991561182	McGill0004
-0.0588235343459271	0	0.534345991561182	0.538284106891702	McGill0004
-0.176470589058045	0	0.538284106891702	0.53845288326301	McGill0004
-0.235294137383708	0	0.53845288326301	0.538959212376934	McGill0004
-0.294117643770164	0	0.538959212376934	0.540590717299578	McGill0004
-0.352941178116091	0	0.540590717299578	0.541322081575246	McGill0004
-0.411764712462018	0	0.541322081575246	0.541659634317862	McGill0004
-0.352941178116091	0	0.541659634317862	0.541772151898734	McGill0004
-0.411764712462018	0	0.541772151898734	0.54182841068917	McGill0004
-0.529411781156218	0	0.54182841068917	0.542447257383966	McGill0004
-0.588235287539389	0	0.542447257383966	0.542503516174402	McGill0004
-0.647058849847134	0	0.542503516174402	0.54267229254571	McGill0004
-0.76470591853805	0	0.54267229254571	0.54323488045007	McGill0004
-0.823529424925912	0	0.54323488045007	0.543572433192686	McGill0004
-0.705882356230305	0	0.543572433192686	0.543628691983122	McGill0004
-0.647058849847134	0	0.543628691983122	0.543684950773558	McGill0004
-0.705882356230305	0	0.543684950773558	0.543853727144866	McGill0004
-0.647058849847134	0	0.543853727144866	0.544416315049227	McGill0004
-0.705882356230305	0	0.544416315049227	0.545035161744023	McGill0004
-0.76470591853805	0	0.545035161744023	0.545091420534459	McGill0004
-0.823529424925912	0	0.545091420534459	0.545991561181435	McGill0004
-0.882352987228965	0	0.545991561181435	0.546666666666667	McGill0004
-1	0	0.546666666666667	0.546835443037975	McGill0004
-0.882352987228965	0	0.546835443037975	0.547004219409283	McGill0004
-0.823529424925912	0	0.547004219409283	0.547398030942335	McGill0004
-0.76470591853805	0	0.547398030942335	0.548073136427567	McGill0004
-0.705882356230305	0	0.548073136427567	0.548129395218003	McGill0004
-0.647058849847134	0	0.548129395218003	0.548298171589311	McGill0004
-0.529411781156218	0	0.548298171589311	0.548860759493671	McGill0004
-0.470588274768355	0	0.548860759493671	0.548917018284107	McGill0004
-0.411764712462018	0	0.548917018284107	0.549310829817159	McGill0004
-0.352941178116091	0	0.549310829817159	0.550042194092827	McGill0004
-0.294117643770164	0	0.550042194092827	0.550661040787623	McGill0004
-0.235294137383708	0	0.550661040787623	0.550717299578059	McGill0004
-0.176470589058045	0	0.550717299578059	0.551504922644163	McGill0004
-0.235294137383708	0	0.551504922644163	0.551617440225035	McGill0004
-0.176470589058045	0	0.551617440225035	0.551898734177215	McGill0004
-0.235294137383708	0	0.551898734177215	0.552292545710267	McGill0004
-0.117647068691854	0	0.552292545710267	0.554486638537271	McGill0004
-0.176470589058045	0	0.554486638537271	0.55521800281294	McGill0004
-0.235294137383708	0	0.55521800281294	0.556399437412096	McGill0004
-0.176470589058045	0	0.556399437412096	0.556511954992968	McGill0004
-0.235294137383708	0	0.556511954992968	0.557130801687764	McGill0004
-0.176470589058045	0	0.557130801687764	0.560112517580872	McGill0004
-0.117647068691854	0	0.560112517580872	0.560393811533052	McGill0004
-0.176470589058045	0	0.560393811533052	0.56084388185654	McGill0004
-0.117647068691854	0	0.56084388185654	0.562137834036568	McGill0004
-0.0588235343459271	0	0.562137834036568	0.565400843881857	McGill0004
-0.176470589058045	0	0.565400843881857	0.565625879043601	McGill0004
-0.235294137383708	0	0.565625879043601	0.566019690576653	McGill0004
-0.176470589058045	0	0.566019690576653	0.568720112517581	McGill0004
-0.235294137383708	0	0.568720112517581	0.573895921237693	McGill0004
-0.117647068691854	0	0.573895921237693	0.574345991561181	McGill0004
-0.0588235343459271	0	0.574345991561181	0.574458509142053	McGill0004
-0.0588235343459271	0	0.577777777777778	0.579127988748242	McGill0004
-0.0588235343459271	0	0.579915611814346	0.580253164556962	McGill0004
-0.117647068691854	0	0.580253164556962	0.581153305203938	McGill0004
-0.176470589058045	0	0.581153305203938	0.585541490857947	McGill0004
-0.117647068691854	0	0.585541490857947	0.585766526019691	McGill0004
-0.0588235343459271	0	0.585766526019691	0.586441631504923	McGill0004
-0.117647068691854	0	0.586441631504923	0.586779184247539	McGill0004
-0.0588235343459271	0	0.586779184247539	0.587172995780591	McGill0004
-0.117647068691854	0	0.587172995780591	0.587229254571027	McGill0004
-0.176470589058045	0	0.587229254571027	0.592236286919831	McGill0004
-0.117647068691854	0	0.592236286919831	0.592742616033755	McGill0004
-0.0588235343459271	0	0.592742616033755	0.595161744022504	McGill0004
-0.117647068691854	0	0.595161744022504	0.596568213783404	McGill0004
-0.176470589058045	0	0.596568213783404	0.597693389592124	McGill0004
-0.117647068691854	0	0.597693389592124	0.599043600562588	McGill0004
-0.235294137383708	0	0.599043600562588	0.600787623066104	McGill0004
-0.176470589058045	0	0.600787623066104	0.602194092827004	McGill0004
-0.117647068691854	0	0.602194092827004	0.604219409282701	McGill0004
-0.176470589058045	0	0.604219409282701	0.604669479606188	McGill0004
-0.0588235343459271	0	0.604669479606188	0.606357243319269	McGill0004
-0.117647068691854	0	0.606357243319269	0.606413502109705	McGill0004
-0.176470589058045	0	0.606413502109705	0.606582278481013	McGill0004
-0.235294137383708	0	0.606582278481013	0.608382559774965	McGill0004
-0.294117643770164	0	0.608382559774965	0.609845288326301	McGill0004
-0.235294137383708	0	0.609845288326301	0.611983122362869	McGill0004
-0.117647068691854	0	0.611983122362869	0.612095639943741	McGill0004
-0.0588235343459271	0	0.612095639943741	0.612714486638537	McGill0004
-0.117647068691854	0	0.612714486638537	0.614008438818565	McGill0004
-0.0588235343459271	0	0.614008438818565	0.618340365682138	McGill0004
-0.0588235343459271	0	0.620646976090014	0.622334739803094	McGill0004
-0.117647068691854	0	0.622334739803094	0.626272855133615	McGill0004
-0.0588235343459271	0	0.626272855133615	0.626835443037975	McGill0004
-0.117647068691854	0	0.626835443037975	0.626891701828411	McGill0004
-0.176470589058045	0	0.626891701828411	0.627116736990155	McGill0004
-0.235294137383708	0	0.627116736990155	0.627960618846695	McGill0004
-0.176470589058045	0	0.627960618846695	0.630154711673699	McGill0004
-0.235294137383708	0	0.630154711673699	0.632461322081575	McGill0004
-0.117647068691854	0	0.632461322081575	0.632742616033755	McGill0004
-0.0588235343459271	0	0.632742616033755	0.633248945147679	McGill0004
-0.117647068691854	0	0.633248945147679	0.635274261603376	McGill0004
-0.176470589058045	0	0.635274261603376	0.635668073136428	McGill0004
-0.117647068691854	0	0.635668073136428	0.636568213783404	McGill0004
-0.176470589058045	0	0.636568213783404	0.637412095639944	McGill0004
-0.235294137383708	0	0.637412095639944	0.63887482419128	McGill0004
-0.176470589058045	0	0.63887482419128	0.638931082981716	McGill0004
-0.235294137383708	0	0.638931082981716	0.640675105485232	McGill0004
-0.294117643770164	0	0.640675105485232	0.642137834036568	McGill0004
-0.235294137383708	0	0.642137834036568	0.64225035161744	McGill0004
-0.294117643770164	0	0.64225035161744	0.643037974683544	McGill0004
-0.235294137383708	0	0.643037974683544	0.644556962025316	McGill0004
-0.176470589058045	0	0.644556962025316	0.646469760900141	McGill0004
-0.117647068691854	0	0.646469760900141	0.647876230661041	McGill0004
-0.0588235343459271	0	0.647876230661041	0.647988748241913	McGill0004
-0.117647068691854	0	0.647988748241913	0.649563994374121	McGill0004
-0.176470589058045	0	0.649563994374121	0.649789029535865	McGill0004
-0.235294137383708	0	0.649789029535865	0.650182841068917	McGill0004
-0.176470589058045	0	0.650182841068917	0.650407876230661	McGill0004
-0.235294137383708	0	0.650407876230661	0.651420534458509	McGill0004
-0.294117643770164	0	0.651420534458509	0.653614627285513	McGill0004
-0.235294137383708	0	0.653614627285513	0.654571026722925	McGill0004
-0.294117643770164	0	0.654571026722925	0.655133614627285	McGill0004
-0.352941178116091	0	0.655133614627285	0.655189873417722	McGill0004
-0.294117643770164	0	0.655189873417722	0.655414908579466	McGill0004
-0.235294137383708	0	0.655414908579466	0.656033755274262	McGill0004
-0.176470589058045	0	0.656033755274262	0.65704641350211	McGill0004
-0.117647068691854	0	0.65704641350211	0.658002812939522	McGill0004
-0.176470589058045	0	0.658002812939522	0.660196905766526	McGill0004
-0.117647068691854	0	0.660196905766526	0.66070323488045	McGill0004
-0.0588235343459271	0	0.66070323488045	0.660815752461322	McGill0004
-0.117647068691854	0	0.660815752461322	0.665372714486639	McGill0004
-0.0588235343459271	0	0.665372714486639	0.665654008438819	McGill0004
-0.117647068691854	0	0.665654008438819	0.666441631504923	McGill0004
-0.0588235343459271	0	0.666441631504923	0.669198312236287	McGill0004
-0.117647068691854	0	0.669198312236287	0.671111111111111	McGill0004
-0.0588235343459271	0	0.671111111111111	0.672461322081575	McGill0004
-0.117647068691854	0	0.672461322081575	0.674824191279888	McGill0004
-0.0588235343459271	0	0.674824191279888	0.676680731364276	McGill0004
-0.117647068691854	0	0.676680731364276	0.677693389592124	McGill0004
-0.176470589058045	0	0.677693389592124	0.678087201125176	McGill0004
-0.117647068691854	0	0.678087201125176	0.678481012658228	McGill0004
-0.176470589058045	0	0.678481012658228	0.678987341772152	McGill0004
-0.235294137383708	0	0.678987341772152	0.681237693389592	McGill0004
-0.294117643770164	0	0.681237693389592	0.682025316455696	McGill0004
-0.352941178116091	0	0.682025316455696	0.68225035161744	McGill0004
-0.294117643770164	0	0.68225035161744	0.682700421940928	McGill0004
-0.352941178116091	0	0.682700421940928	0.683319268635724	McGill0004
-0.294117643770164	0	0.683319268635724	0.684106891701828	McGill0004
-0.235294137383708	0	0.684106891701828	0.684556962025317	McGill0004
-0.176470589058045	0	0.684556962025317	0.684781997187061	McGill0004
-0.235294137383708	0	0.684781997187061	0.686244725738397	McGill0004
-0.294117643770164	0	0.686244725738397	0.686413502109705	McGill0004
-0.411764712462018	0	0.686413502109705	0.686751054852321	McGill0004
-0.470588274768355	0	0.686751054852321	0.686863572433193	McGill0004
-0.411764712462018	0	0.686863572433193	0.687032348804501	McGill0004
-0.470588274768355	0	0.687032348804501	0.687651195499297	McGill0004
-0.411764712462018	0	0.687651195499297	0.688326300984529	McGill0004
-0.352941178116091	0	0.688326300984529	0.689563994374121	McGill0004
-0.411764712462018	0	0.689563994374121	0.689732770745429	McGill0004
-0.470588274768355	0	0.689732770745429	0.690407876230661	McGill0004
-0.411764712462018	0	0.690407876230661	0.691870604781997	McGill0004
-0.352941178116091	0	0.691870604781997	0.691983122362869	McGill0004
-0.294117643770164	0	0.691983122362869	0.692039381153305	McGill0004
-0.235294137383708	0	0.692039381153305	0.692376933895921	McGill0004
-0.176470589058045	0	0.692376933895921	0.692545710267229	McGill0004
-0.117647068691854	0	0.692545710267229	0.695189873417722	McGill0004
-0.0588235343459271	0	0.695189873417722	0.695302390998594	McGill0004
-0.0588235343459271	0	0.696258790436006	0.69760900140647	McGill0004
-0.117647068691854	0	0.69760900140647	0.697834036568214	McGill0004
-0.176470589058045	0	0.697834036568214	0.698115330520394	McGill0004
-0.235294137383708	0	0.698115330520394	0.699409282700422	McGill0004
-0.294117643770164	0	0.699409282700422	0.701772151898734	McGill0004
-0.235294137383708	0	0.701772151898734	0.702053445850914	McGill0004
-0.117647068691854	0	0.702053445850914	0.702784810126582	McGill0004
-0.176470589058045	0	0.702784810126582	0.703178621659634	McGill0004
-0.117647068691854	0	0.703178621659634	0.703459915611814	McGill0004
-0.176470589058045	0	0.703459915611814	0.703741209563994	McGill0004
-0.117647068691854	0	0.703741209563994	0.705316455696203	McGill0004
-0.176470589058045	0	0.705316455696203	0.706160337552743	McGill0004
-0.294117643770164	0	0.706160337552743	0.708016877637131	McGill0004
-0.352941178116091	0	0.708016877637131	0.708410689170183	McGill0004
-0.294117643770164	0	0.708410689170183	0.709085794655415	McGill0004
-0.235294137383708	0	0.709085794655415	0.709198312236287	McGill0004
-0.294117643770164	0	0.709198312236287	0.709367088607595	McGill0004
-0.352941178116091	0	0.709367088607595	0.710942334739803	McGill0004
-0.294117643770164	0	0.710942334739803	0.711617440225035	McGill0004
-0.235294137383708	0	0.711617440225035	0.711729957805907	McGill0004
-0.176470589058045	0	0.711729957805907	0.711954992967651	McGill0004
-0.235294137383708	0	0.711954992967651	0.712180028129395	McGill0004
-0.294117643770164	0	0.712180028129395	0.712292545710267	McGill0004
-0.235294137383708	0	0.712292545710267	0.713586497890295	McGill0004
-0.176470589058045	0	0.713586497890295	0.714542897327708	McGill0004
-0.235294137383708	0	0.714542897327708	0.714824191279888	McGill0004
-0.176470589058045	0	0.714824191279888	0.715274261603376	McGill0004
-0.235294137383708	0	0.715274261603376	0.715611814345992	McGill0004
-0.294117643770164	0	0.715611814345992	0.717524613220816	McGill0004
-0.235294137383708	0	0.717524613220816	0.717805907172996	McGill0004
-0.176470589058045	0	0.717805907172996	0.718762306610408	McGill0004
-0.235294137383708	0	0.718762306610408	0.719887482419128	McGill0004
-0.176470589058045	0	0.719887482419128	0.72	McGill0004
-0.235294137383708	0	0.72	0.72028129395218	McGill0004
-0.294117643770164	0	0.72028129395218	0.720900140646976	McGill0004
-0.235294137383708	0	0.720900140646976	0.721237693389592	McGill0004
-0.176470589058045	0	0.721237693389592	0.721293952180028	McGill0004
-0.235294137383708	0	0.721293952180028	0.724275668073137	McGill0004
-0.294117643770164	0	0.724275668073137	0.724388185654008	McGill0004
-0.235294137383708	0	0.724388185654008	0.724838255977497	McGill0004
-0.294117643770164	0	0.724838255977497	0.725625879043601	McGill0004
-0.235294137383708	0	0.725625879043601	0.725907172995781	McGill0004
-0.176470589058045	0	0.725907172995781	0.726919831223629	McGill0004
-0.117647068691854	0	0.726919831223629	0.729901547116737	McGill0004
-0.0588235343459271	0	0.729901547116737	0.730464135021097	McGill0004
-0.0588235343459271	0	0.73789029535865	0.741153305203938	McGill0004
-0.117647068691854	0	0.741153305203938	0.741659634317862	McGill0004
-0.176470589058045	0	0.741659634317862	0.74351617440225	McGill0004
-0.117647068691854	0	0.74351617440225	0.746779184247539	McGill0004
-0.0588235343459271	0	0.746779184247539	0.747285513361463	McGill0004
-0.0588235343459271	0	0.75943741209564	0.76365682137834	McGill0004
-0.0588235343459271	0	0.765963431786217	0.771476793248945	McGill0004
-0.0588235343459271	0	0.774177215189873	0.777721518987342	McGill0004
-0.117647068691854	0	0.777721518987342	0.781378340365682	McGill0004
-0.0588235343459271	0	0.781378340365682	0.78210970464135	McGill0004
-0.117647068691854	0	0.78210970464135	0.783178621659634	McGill0004
-0.176470589058045	0	0.783178621659634	0.78351617440225	McGill0004
-0.117647068691854	0	0.78351617440225	0.787735583684951	McGill0004
-0.0588235343459271	0	0.787735583684951	0.788804500703235	McGill0004
-0.0588235343459271	0	0.789029535864979	0.791673699015471	McGill0004
-0.0588235343459271	0	0.791729957805907	0.791842475386779	McGill0004
-0.0588235343459271	0	0.792011251758087	0.792123769338959	McGill0004
-0.0588235343459271	0	0.792180028129395	0.792461322081575	McGill0004
-0.0588235343459271	0	0.792517580872011	0.792855133614627	McGill0004
-0.0588235343459271	0	0.794824191279887	0.796849507735584	McGill0004
-0.0588235343459271	0	0.796962025316456	0.797580872011252	McGill0004
-0.117647068691854	0	0.797580872011252	0.800112517580872	McGill0004
-0.176470589058045	0	0.800112517580872	0.8014064697609	McGill0004
-0.235294137383708	0	0.8014064697609	0.802587904360056	McGill0004
-0.176470589058045	0	0.802587904360056	0.803206751054852	McGill0004
-0.117647068691854	0	0.803206751054852	0.803431786216596	McGill0004
-0.176470589058045	0	0.803431786216596	0.803488045007032	McGill0004
-0.235294137383708	0	0.803488045007032	0.805738396624473	McGill0004
-0.176470589058045	0	0.805738396624473	0.806469760900141	McGill0004
-0.235294137383708	0	0.806469760900141	0.806526019690577	McGill0004
-0.294117643770164	0	0.806526019690577	0.807032348804501	McGill0004
-0.235294137383708	0	0.807032348804501	0.807651195499297	McGill0004
-0.294117643770164	0	0.807651195499297	0.809057665260197	McGill0004
-0.235294137383708	0	0.809057665260197	0.809113924050633	McGill0004
-0.176470589058045	0	0.809113924050633	0.810126582278481	McGill0004
-0.235294137383708	0	0.810126582278481	0.811701828410689	McGill0004
-0.176470589058045	0	0.811701828410689	0.813220815752461	McGill0004
-0.117647068691854	0	0.813220815752461	0.814120956399437	McGill0004
-0.0588235343459271	0	0.814120956399437	0.81535864978903	McGill0004
-0.0588235343459271	0	0.816540084388186	0.817721518987342	McGill0004
-0.117647068691854	0	0.817721518987342	0.819409282700422	McGill0004
-0.0588235343459271	0	0.819409282700422	0.823347398030942	McGill0004
-0.0588235343459271	0	0.82379746835443	0.827285513361463	McGill0004
-0.0588235343459271	0	0.828579465541491	0.833417721518987	McGill0004
-0.0588235343459271	0	0.873530239099859	0.873699015471167	McGill0004
-0.117647068691854	0	0.873699015471167	0.874824191279888	McGill0004
-0.176470589058045	0	0.874824191279888	0.878818565400844	McGill0004
-0.235294137383708	0	0.878818565400844	0.879099859353024	McGill0004
-0.176470589058045	0	0.879099859353024	0.879324894514768	McGill0004
-0.117647068691854	0	0.879324894514768	0.88028129395218	McGill0004
-0.0588235343459271	0	0.88028129395218	0.8842194092827	McGill0004
-0.0588235343459271	0	0.885625879043601	0.888551336146273	McGill0004
-0.0588235343459271	0	0.889113924050633	0.891645569620253	McGill0004
-0.117647068691854	0	0.891645569620253	0.894627285513361	McGill0004
-0.176470589058045	0	0.894627285513361	0.894739803094234	McGill0004
-0.117647068691854	0	0.894739803094234	0.895302390998594	McGill0004
-0.176470589058045	0	0.895302390998594	0.897271448663854	McGill0004
-0.117647068691854	0	0.897271448663854	0.897440225035162	McGill0004
-0.176470589058045	0	0.897440225035162	0.900084388185654	McGill0004
-0.235294137383708	0	0.900084388185654	0.90014064697609	McGill0004
-0.176470589058045	0	0.90014064697609	0.900872011251758	McGill0004
-0.117647068691854	0	0.900872011251758	0.902503516174402	McGill0004
-0.176470589058045	0	0.902503516174402	0.903066104078762	McGill0004
-0.117647068691854	0	0.903066104078762	0.90548523206751	McGill0004
-0.0588235343459271	0	0.90548523206751	0.905597749648383	McGill0004
-0.117647068691854	0	0.905597749648383	0.905822784810127	McGill0004
-0.176470589058045	0	0.905822784810127	0.906047819971871	McGill0004
-0.235294137383708	0	0.906047819971871	0.906835443037975	McGill0004
-0.294117643770164	0	0.906835443037975	0.906891701828411	McGill0004
-0.352941178116091	0	0.906891701828411	0.908129395218003	McGill0004
-0.294117643770164	0	0.908129395218003	0.908466947960619	McGill0004
-0.352941178116091	0	0.908466947960619	0.909085794655415	McGill0004
-0.411764712462018	0	0.909085794655415	0.909254571026723	McGill0004
-0.470588274768355	0	0.909254571026723	0.910379746835443	McGill0004
-0.529411781156218	0	0.910379746835443	0.910548523206751	McGill0004
-0.588235287539389	0	0.910548523206751	0.911111111111111	McGill0004
-0.647058849847134	0	0.911111111111111	0.911223628691983	McGill0004
-0.588235287539389	0	0.911223628691983	0.911448663853727	McGill0004
-0.470588274768355	0	0.911448663853727	0.911504922644163	McGill0004
-0.529411781156218	0	0.911504922644163	0.911673699015471	McGill0004
-0.470588274768355	0	0.911673699015471	0.912461322081575	McGill0004
-0.411764712462018	0	0.912461322081575	0.912517580872011	McGill0004
-0.352941178116091	0	0.912517580872011	0.914149085794655	McGill0004
-0.294117643770164	0	0.914149085794655	0.914711673699015	McGill0004
-0.235294137383708	0	0.914711673699015	0.914824191279888	McGill0004
-0.176470589058045	0	0.914824191279888	0.91521800281294	McGill0004
-0.235294137383708	0	0.91521800281294	0.916005625879044	McGill0004
-0.176470589058045	0	0.916005625879044	0.916174402250352	McGill0004
-0.117647068691854	0	0.916174402250352	0.916736990154712	McGill0004
-0.0588235343459271	0	0.916736990154712	0.917524613220816	McGill0004
-0.117647068691854	0	0.917524613220816	0.91971870604782	McGill0004
-0.176470589058045	0	0.91971870604782	0.92084388185654	McGill0004
-0.117647068691854	0	0.92084388185654	0.921800281293952	McGill0004
-0.0588235343459271	0	0.921800281293952	0.922025316455696	McGill0004
-0.117647068691854	0	0.922025316455696	0.922137834036568	McGill0004
-0.176470589058045	0	0.922137834036568	0.923825597749648	McGill0004
-0.235294137383708	0	0.923825597749648	0.924331926863572	McGill0004
-0.294117643770164	0	0.924331926863572	0.92534458509142	McGill0004
-0.235294137383708	0	0.92534458509142	0.927482419127989	McGill0004
-0.176470589058045	0	0.927482419127989	0.927594936708861	McGill0004
-0.294117643770164	0	0.927594936708861	0.927651195499297	McGill0004
-0.235294137383708	0	0.927651195499297	0.928101265822785	McGill0004
-0.294117643770164	0	0.928101265822785	0.929057665260197	McGill0004
-0.352941178116091	0	0.929057665260197	0.929451476793249	McGill0004
-0.294117643770164	0	0.929451476793249	0.929957805907173	McGill0004
-0.235294137383708	0	0.929957805907173	0.931476793248945	McGill0004
-0.294117643770164	0	0.931476793248945	0.931589310829817	McGill0004
-0.352941178116091	0	0.931589310829817	0.933220815752461	McGill0004
-0.235294137383708	0	0.933220815752461	0.933727144866385	McGill0004
-0.176470589058045	0	0.933727144866385	0.936090014064698	McGill0004
-0.117647068691854	0	0.936090014064698	0.937102672292546	McGill0004
-0.0588235343459271	0	0.945147679324895	0.948241912798875	McGill0004
-0.117647068691854	0	0.948241912798875	0.950379746835443	McGill0004
-0.176470589058045	0	0.950379746835443	0.950548523206751	McGill0004
-0.294117643770164	0	0.950548523206751	0.950717299578059	McGill0004
-0.352941178116091	0	0.950717299578059	0.950773558368495	McGill0004
-0.294117643770164	0	0.950773558368495	0.953867791842475	McGill0004
-0.235294137383708	0	0.953867791842475	0.956005625879044	McGill0004
-0.176470589058045	0	0.956005625879044	0.956118143459916	McGill0004
-0.117647068691854	0	0.956118143459916	0.956174402250352	McGill0004
-0.0588235343459271	0	0.956174402250352	0.95634317862166	McGill0004
-0.0588235343459271	0	0.95662447257384	0.957524613220816	McGill0004
-0.117647068691854	0	0.957524613220816	0.958649789029536	McGill0004
-0.0588235343459271	0	0.958649789029536	0.959662447257384	McGill0004
-0.117647068691854	0	0.959662447257384	0.961068917018284	McGill0004
-0.176470589058045	0	0.961068917018284	0.963150492264416	McGill0004
-0.117647068691854	0	0.963150492264416	0.963994374120956	McGill0004
-0.176470589058045	0	0.963994374120956	0.965007032348804	McGill0004
-0.117647068691854	0	0.965007032348804	0.96534458509142	McGill0004
-0.176470589058045	0	0.96534458509142	0.965513361462729	McGill0004
-0.235294137383708	0	0.965513361462729	0.966300984528833	McGill0004
-0.294117643770164	0	0.966300984528833	0.966694796061885	McGill0004
-0.352941178116091	0	0.966694796061885	0.967313642756681	McGill0004
-0.411764712462018	0	0.967313642756681	0.969338959212377	McGill0004
-0.352941178116091	0	0.969338959212377	0.969620253164557	McGill0004
-0.294117643770164	0	0.969620253164557	0.970970464135021	McGill0004
-0.235294137383708	0	0.970970464135021	0.971139240506329	McGill0004
-0.176470589058045	0	0.971139240506329	0.971926863572433	McGill0004
-0.117647068691854	0	0.971926863572433	0.972320675105485	McGill0004
-0.0588235343459271	0	0.972320675105485	0.972939521800281	McGill0004
-0.0588235343459271	0	0.975189873417722	0.978565400843882	McGill0004
-0.0588235343459271	0	0.989648382559775	0.991729957805907	McGill0004
-0.117647068691854	0	0.991729957805907	0.992180028129395	McGill0004
-0.176470589058045	0	0.992180028129395	0.992798874824191	McGill0004
-0.235294137383708	0	0.992798874824191	0.992967651195499	McGill0004
-0.294117643770164	0	0.992967651195499	0.994149085794655	McGill0004
-0.352941178116091	0	0.994149085794655	0.995274261603375	McGill0004
-0.294117643770164	0	0.995274261603375	0.997355836849508	McGill0004
-0.235294137383708	0	0.997355836849508	0.997805907172996	McGill0004
-0.176470589058045	0	0.997805907172996	0.998424753867792	McGill0004
-0.117647068691854	0	0.998424753867792	0.9985935302391	McGill0004
-0.0588235343459271	0	0.9985935302391	0.999774964838256	McGill0004
-0.071428568524063	0	0.00129395218002813	0.00191279887482419	McGill0005
-0.107142852786095	0	0.00191279887482419	0.00253164556962025	McGill0005
-0.071428568524063	0	0.00253164556962025	0.00315049226441632	McGill0005
-0.107142852786095	0	0.00315049226441632	0.00388185654008439	McGill0005
-0.142857137048126	0	0.00388185654008439	0.00551336146272855	McGill0005
-0.178571431475937	0	0.00551336146272855	0.00630098452883263	McGill0005
-0.142857137048126	0	0.00630098452883263	0.00691983122362869	McGill0005
-0.107142852786095	0	0.00691983122362869	0.00781997187060478	McGill0005
-0.142857137048126	0	0.00781997187060478	0.00939521800281294	McGill0005
-0.178571431475937	0	0.00939521800281294	0.00950773558368495	McGill0005
-0.142857137048126	0	0.00950773558368495	0.0107454289732771	McGill0005
-0.178571431475937	0	0.0107454289732771	0.0110267229254571	McGill0005
-0.214285705572189	0	0.0110267229254571	0.0111392405063291	McGill0005
-0.178571431475937	0	0.0111392405063291	0.0113642756680731	McGill0005
-0.214285705572189	0	0.0113642756680731	0.0133895921237693	McGill0005
-0.25	0	0.0133895921237693	0.0134458509142053	McGill0005
-0.214285705572189	0	0.0134458509142053	0.0141209563994374	McGill0005
-0.178571431475937	0	0.0141209563994374	0.0150210970464135	McGill0005
-0.142857137048126	0	0.0150210970464135	0.0161462728551336	McGill0005
-0.178571431475937	0	0.0161462728551336	0.0163713080168776	McGill0005
-0.142857137048126	0	0.0163713080168776	0.0166526019690577	McGill0005
-0.107142852786095	0	0.0166526019690577	0.0168213783403657	McGill0005
-0.142857137048126	0	0.0168213783403657	0.0169901547116737	McGill0005
-0.107142852786095	0	0.0169901547116737	0.0171026722925457	McGill0005
-0.142857137048126	0	0.0171026722925457	0.0190154711673699	McGill0005
-0.107142852786095	0	0.0190154711673699	0.0193530239099859	McGill0005
-0.142857137048126	0	0.0193530239099859	0.0217721518987342	McGill0005
-0.107142852786095	0	0.0217721518987342	0.0224472573839662	McGill0005
-0.071428568524063	0	0.0224472573839662	0.0227285513361463	McGill0005
-0.0357142842620315	0	0.0227285513361463	0.0231223628691983	McGill0005
-0.071428568524063	0	0.0231223628691983	0.0234036568213783	McGill0005
-0.107142852786095	0	0.0234036568213783	0.0248663853727145	McGill0005
-0.071428568524063	0	0.0248663853727145	0.0257665260196906	McGill0005
-0.107142852786095	0	0.0257665260196906	0.0286919831223629	McGill0005
-0.071428568524063	0	0.0286919831223629	0.0287482419127989	McGill0005
-0.0357142842620315	0	0.0287482419127989	0.0313924050632911	McGill0005
-0.0357142842620315	0	0.0410126582278481	0.0423628691983122	McGill0005
-0.071428568524063	0	0.0423628691983122	0.0433755274261603	McGill0005
-0.142857137048126	0	0.0433755274261603	0.0452320675105485	McGill0005
-0.178571431475937	0	0.0452320675105485	0.0464135021097046	McGill0005
-0.214285705572189	0	0.0464135021097046	0.0466385372714487	McGill0005
-0.178571431475937	0	0.0466385372714487	0.0479887482419128	McGill0005
-0.142857137048126	0	0.0479887482419128	0.0490014064697609	McGill0005
-0.071428568524063	0	0.0490014064697609	0.0508579465541491	McGill0005
-0.0357142842620315	0	0.0508579465541491	0.0513642756680731	McGill0005
-0.071428568524063	0	0.0513642756680731	0.0520393811533052	McGill0005
-0.0357142842620315	0	0.0520393811533052	0.0536708860759494	McGill0005
-0.071428568524063	0	0.0536708860759494	0.0551336146272855	McGill0005
-0.107142852786095	0	0.0551336146272855	0.0561462728551336	McGill0005
-0.142857137048126	0	0.0561462728551336	0.0569901547116737	McGill0005
-0.107142852786095	0	0.0569901547116737	0.0571589310829817	McGill0005
-0.142857137048126	0	0.0571589310829817	0.0582278481012658	McGill0005
-0.178571431475937	0	0.0582278481012658	0.0592967651195499	McGill0005
-0.142857137048126	0	0.0592967651195499	0.0607032348804501	McGill0005
-0.107142852786095	0	0.0607032348804501	0.0617721518987342	McGill0005
-0.071428568524063	0	0.0617721518987342	0.0618846694796062	McGill0005
-0.107142852786095	0	0.0618846694796062	0.0621097046413502	McGill0005
-0.142857137048126	0	0.0621097046413502	0.0626722925457103	McGill0005
-0.107142852786095	0	0.0626722925457103	0.0638537271448664	McGill0005
-0.071428568524063	0	0.0638537271448664	0.0675105485232067	McGill0005
-0.0357142842620315	0	0.0675105485232067	0.0676793248945148	McGill0005
-0.0357142842620315	0	0.0727988748241913	0.0729676511954993	McGill0005
-0.071428568524063	0	0.0729676511954993	0.0739803094233474	McGill0005
-0.107142852786095	0	0.0739803094233474	0.0778059071729958	McGill0005
-0.142857137048126	0	0.0778059071729958	0.0784247538677918	McGill0005
-0.107142852786095	0	0.0784247538677918	0.0785935302390999	McGill0005
-0.071428568524063	0	0.0785935302390999	0.079549929676512	McGill0005
-0.107142852786095	0	0.079549929676512	0.079606188466948	McGill0005
-0.071428568524063	0	0.079606188466948	0.08	McGill0005
-0.107142852786095	0	0.08	0.0834317862165963	McGill0005
-0.071428568524063	0	0.0834317862165963	0.0837130801687764	McGill0005
-0.107142852786095	0	0.0837130801687764	0.0842756680731364	McGill0005
-0.071428568524063	0	0.0842756680731364	0.0854571026722926	McGill0005
-0.0357142842620315	0	0.0854571026722926	0.0874824191279888	McGill0005
-0.071428568524063	0	0.0874824191279888	0.0893389592123769	McGill0005
-0.0357142842620315	0	0.0893389592123769	0.0931082981715893	McGill0005
-0.0357142842620315	0	0.0985654008438818	0.101040787623066	McGill0005
-0.071428568524063	0	0.101040787623066	0.10379746835443	McGill0005
-0.107142852786095	0	0.10379746835443	0.104022503516174	McGill0005
-0.142857137048126	0	0.104022503516174	0.104191279887482	McGill0005
-0.107142852786095	0	0.104191279887482	0.105654008438819	McGill0005
-0.142857137048126	0	0.105654008438819	0.106666666666667	McGill0005
-0.107142852786095	0	0.106666666666667	0.107341772151899	McGill0005
-0.142857137048126	0	0.107341772151899	0.109367088607595	McGill0005
-0.107142852786095	0	0.109367088607595	0.109479606188467	McGill0005
-0.142857137048126	0	0.109479606188467	0.109648382559775	McGill0005
-0.107142852786095	0	0.109648382559775	0.111279887482419	McGill0005
-0.071428568524063	0	0.111279887482419	0.111448663853727	McGill0005
-0.107142852786095	0	0.111448663853727	0.112967651195499	McGill0005
-0.071428568524063	0	0.112967651195499	0.115105485232068	McGill0005
-0.0357142842620315	0	0.115105485232068	0.117018284106892	McGill0005
-0.0357142842620315	0	0.122869198312236	0.124275668073136	McGill0005
-0.071428568524063	0	0.124275668073136	0.127088607594937	McGill0005
-0.107142852786095	0	0.127088607594937	0.127426160337553	McGill0005
-0.142857137048126	0	0.127426160337553	0.127932489451477	McGill0005
-0.107142852786095	0	0.127932489451477	0.129901547116737	McGill0005
-0.0357142842620315	0	0.129901547116737	0.131870604781997	McGill0005
-0.071428568524063	0	0.131870604781997	0.132151898734177	McGill0005
-0.107142852786095	0	0.132151898734177	0.132714486638537	McGill0005
-0.071428568524063	0	0.132714486638537	0.136708860759494	McGill0005
-0.107142852786095	0	0.136708860759494	0.136933895921238	McGill0005
-0.142857137048126	0	0.136933895921238	0.137271448663854	McGill0005
-0.178571431475937	0	0.137271448663854	0.137440225035162	McGill0005
-0.142857137048126	0	0.137440225035162	0.137496483825598	McGill0005
-0.107142852786095	0	0.137496483825598	0.139409282700422	McGill0005
-0.142857137048126	0	0.139409282700422	0.140365682137834	McGill0005
-0.178571431475937	0	0.140365682137834	0.140478199718706	McGill0005
-0.214285705572189	0	0.140478199718706	0.14126582278481	McGill0005
-0.25	0	0.14126582278481	0.141659634317862	McGill0005
-0.285714274096252	0	0.141659634317862	0.141884669479606	McGill0005
-0.321428568524063	0	0.141884669479606	0.142334739803094	McGill0005
-0.285714274096252	0	0.142334739803094	0.14239099859353	McGill0005
-0.321428568524063	0	0.14239099859353	0.142559774964838	McGill0005
-0.285714274096252	0	0.142559774964838	0.142784810126582	McGill0005
-0.321428568524063	0	0.142784810126582	0.142897327707454	McGill0005
-0.285714274096252	0	0.142897327707454	0.143459915611814	McGill0005
-0.321428568524063	0	0.143459915611814	0.14436005625879	McGill0005
-0.285714274096252	0	0.14436005625879	0.145035161744023	McGill0005
-0.25	0	0.145035161744023	0.145991561181435	McGill0005
-0.214285705572189	0	0.145991561181435	0.146891701828411	McGill0005
-0.178571431475937	0	0.146891701828411	0.147285513361463	McGill0005
-0.142857137048126	0	0.147285513361463	0.147510548523207	McGill0005
-0.107142852786095	0	0.147510548523207	0.148016877637131	McGill0005
-0.071428568524063	0	0.148016877637131	0.148354430379747	McGill0005
-0.0357142842620315	0	0.148354430379747	0.149085794655415	McGill0005
-0.0357142842620315	0	0.150210970464135	0.150548523206751	McGill0005
-0.107142852786095	0	0.150548523206751	0.152067510548523	McGill0005
-0.142857137048126	0	0.152067510548523	0.153023909985935	McGill0005
-0.178571431475937	0	0.153023909985935	0.153417721518987	McGill0005
-0.214285705572189	0	0.153417721518987	0.155836849507736	McGill0005
-0.142857137048126	0	0.155836849507736	0.15606188466948	McGill0005
-0.178571431475937	0	0.15606188466948	0.156174402250352	McGill0005
-0.142857137048126	0	0.156174402250352	0.157693389592124	McGill0005
-0.107142852786095	0	0.157693389592124	0.158649789029536	McGill0005
-0.0357142842620315	0	0.158649789029536	0.161012658227848	McGill0005
-0.071428568524063	0	0.161012658227848	0.16168776371308	McGill0005
-0.0357142842620315	0	0.16168776371308	0.16225035161744	McGill0005
-0.071428568524063	0	0.16225035161744	0.164050632911392	McGill0005
-0.107142852786095	0	0.164050632911392	0.166638537271449	McGill0005
-0.071428568524063	0	0.166638537271449	0.166751054852321	McGill0005
-0.107142852786095	0	0.166751054852321	0.167876230661041	McGill0005
-0.071428568524063	0	0.167876230661041	0.168495077355837	McGill0005
-0.107142852786095	0	0.168495077355837	0.169676511954993	McGill0005
-0.071428568524063	0	0.169676511954993	0.172376933895921	McGill0005
-0.0357142842620315	0	0.172376933895921	0.173558368495077	McGill0005
-0.071428568524063	0	0.173558368495077	0.174120956399437	McGill0005
-0.0357142842620315	0	0.174120956399437	0.174683544303797	McGill0005
-0.071428568524063	0	0.174683544303797	0.176146272855134	McGill0005
-0.0357142842620315	0	0.176146272855134	0.17789029535865	McGill0005
-0.107142852786095	0	0.17789029535865	0.17929676511955	McGill0005
-0.142857137048126	0	0.17929676511955	0.179915611814346	McGill0005
-0.178571431475937	0	0.179915611814346	0.180309423347398	McGill0005
-0.142857137048126	0	0.180309423347398	0.18351617440225	McGill0005
-0.071428568524063	0	0.18351617440225	0.184922644163151	McGill0005
-0.0357142842620315	0	0.194317862165963	0.194599156118143	McGill0005
-0.071428568524063	0	0.194599156118143	0.199943741209564	McGill0005
-0.0357142842620315	0	0.199943741209564	0.200225035161744	McGill0005
-0.0357142842620315	0	0.20196905766526	0.206357243319269	McGill0005
-0.071428568524063	0	0.206357243319269	0.206469760900141	McGill0005
-0.107142852786095	0	0.206469760900141	0.207482419127989	McGill0005
-0.071428568524063	0	0.207482419127989	0.208326300984529	McGill0005
-0.107142852786095	0	0.208326300984529	0.211983122362869	McGill0005
-0.071428568524063	0	0.211983122362869	0.212095639943741	McGill0005
-0.0357142842620315	0	0.212095639943741	0.213952180028129	McGill0005
-0.0357142842620315	0	0.218340365682138	0.219240506329114	McGill0005
-0.071428568524063	0	0.219240506329114	0.219465541490858	McGill0005
-0.142857137048126	0	0.219465541490858	0.220365682137834	McGill0005
-0.178571431475937	0	0.220365682137834	0.222841068917018	McGill0005
-0.142857137048126	0	0.222841068917018	0.224022503516174	McGill0005
-0.178571431475937	0	0.224022503516174	0.224866385372715	McGill0005
-0.142857137048126	0	0.224866385372715	0.225091420534459	McGill0005
-0.107142852786095	0	0.225091420534459	0.225485232067511	McGill0005
-0.142857137048126	0	0.225485232067511	0.225654008438819	McGill0005
-0.178571431475937	0	0.225654008438819	0.225991561181435	McGill0005
-0.142857137048126	0	0.225991561181435	0.226497890295359	McGill0005
-0.178571431475937	0	0.226497890295359	0.226554149085795	McGill0005
-0.214285705572189	0	0.226554149085795	0.227679324894515	McGill0005
-0.178571431475937	0	0.227679324894515	0.227735583684951	McGill0005
-0.142857137048126	0	0.227735583684951	0.231111111111111	McGill0005
-0.107142852786095	0	0.231111111111111	0.231279887482419	McGill0005
-0.071428568524063	0	0.231279887482419	0.231729957805907	McGill0005
-0.107142852786095	0	0.231729957805907	0.232067510548523	McGill0005
-0.071428568524063	0	0.232067510548523	0.232123769338959	McGill0005
-0.0357142842620315	0	0.232123769338959	0.232180028129395	McGill0005
-0.071428568524063	0	0.232180028129395	0.232517580872011	McGill0005
-0.107142852786095	0	0.232517580872011	0.23634317862166	McGill0005
-0.142857137048126	0	0.23634317862166	0.236511954992968	McGill0005
-0.214285705572189	0	0.236511954992968	0.237243319268636	McGill0005
-0.285714274096252	0	0.237243319268636	0.237299578059072	McGill0005
-0.25	0	0.237299578059072	0.23746835443038	McGill0005
-0.214285705572189	0	0.23746835443038	0.237974683544304	McGill0005
-0.25	0	0.237974683544304	0.238143459915612	McGill0005
-0.214285705572189	0	0.238143459915612	0.238762306610408	McGill0005
-0.25	0	0.238762306610408	0.239381153305204	McGill0005
-0.285714274096252	0	0.239381153305204	0.24196905766526	McGill0005
-0.214285705572189	0	0.24196905766526	0.242137834036568	McGill0005
-0.178571431475937	0	0.242137834036568	0.242362869198312	McGill0005
-0.214285705572189	0	0.242362869198312	0.242869198312236	McGill0005
-0.142857137048126	0	0.242869198312236	0.243600562587904	McGill0005
-0.107142852786095	0	0.243600562587904	0.244388185654008	McGill0005
-0.071428568524063	0	0.244388185654008	0.244725738396625	McGill0005
-0.0357142842620315	0	0.244725738396625	0.244781997187061	McGill0005
-0.0357142842620315	0	0.244894514767933	0.250464135021097	McGill0005
-0.0357142842620315	0	0.256090014064698	0.256821378340366	McGill0005
-0.071428568524063	0	0.256821378340366	0.25957805907173	McGill0005
-0.107142852786095	0	0.25957805907173	0.259971870604782	McGill0005
-0.142857137048126	0	0.259971870604782	0.26042194092827	McGill0005
-0.178571431475937	0	0.26042194092827	0.261715893108298	McGill0005
-0.142857137048126	0	0.261715893108298	0.262165963431786	McGill0005
-0.107142852786095	0	0.262165963431786	0.262616033755274	McGill0005
-0.142857137048126	0	0.262616033755274	0.266047819971871	McGill0005
-0.107142852786095	0	0.266047819971871	0.268185654008439	McGill0005
-0.071428568524063	0	0.268185654008439	0.270829817158931	McGill0005
-0.0357142842620315	0	0.270829817158931	0.271054852320675	McGill0005
-0.0357142842620315	0	0.274486638537271	0.27606188466948	McGill0005
-0.071428568524063	0	0.27606188466948	0.278368495077356	McGill0005
-0.107142852786095	0	0.278368495077356	0.278987341772152	McGill0005
-0.142857137048126	0	0.278987341772152	0.279381153305204	McGill0005
-0.107142852786095	0	0.279381153305204	0.279662447257384	McGill0005
-0.071428568524063	0	0.279662447257384	0.281068917018284	McGill0005
-0.0357142842620315	0	0.281068917018284	0.28365682137834	McGill0005
-0.0357142842620315	0	0.29535864978903	0.297215189873418	McGill0005
-0.071428568524063	0	0.297215189873418	0.299690576652602	McGill0005
-0.0357142842620315	0	0.299690576652602	0.30267229254571	McGill0005
-0.0357142842620315	0	0.30436005625879	0.308298171589311	McGill0005
-0.071428568524063	0	0.308298171589311	0.309985935302391	McGill0005
-0.0357142842620315	0	0.309985935302391	0.312686357243319	McGill0005
-0.071428568524063	0	0.312686357243319	0.313924050632911	McGill0005
-0.0357142842620315	0	0.313924050632911	0.316005625879044	McGill0005
-0.071428568524063	0	0.316005625879044	0.317018284106892	McGill0005
-0.107142852786095	0	0.317018284106892	0.31831223628692	McGill0005
-0.071428568524063	0	0.31831223628692	0.320393811533052	McGill0005
-0.107142852786095	0	0.320393811533052	0.321631504922644	McGill0005
-0.071428568524063	0	0.321631504922644	0.322644163150492	McGill0005
-0.0357142842620315	0	0.322644163150492	0.32450070323488	McGill0005
-0.071428568524063	0	0.32450070323488	0.326019690576653	McGill0005
-0.0357142842620315	0	0.326019690576653	0.326638537271449	McGill0005
-0.107142852786095	0	0.326638537271449	0.330126582278481	McGill0005
-0.071428568524063	0	0.330126582278481	0.330857946554149	McGill0005
-0.142857137048126	0	0.330857946554149	0.331926863572433	McGill0005
-0.107142852786095	0	0.331926863572433	0.332264416315049	McGill0005
-0.071428568524063	0	0.332264416315049	0.333389592123769	McGill0005
-0.107142852786095	0	0.333389592123769	0.33648382559775	McGill0005
-0.0357142842620315	0	0.33648382559775	0.337158931082982	McGill0005
-0.0357142842620315	0	0.339353023909986	0.339915611814346	McGill0005
-0.071428568524063	0	0.339915611814346	0.34070323488045	McGill0005
-0.107142852786095	0	0.34070323488045	0.342053445850914	McGill0005
-0.142857137048126	0	0.342053445850914	0.344697609001406	McGill0005
-0.107142852786095	0	0.344697609001406	0.344978902953587	McGill0005
-0.071428568524063	0	0.344978902953587	0.345035161744022	McGill0005
-0.107142852786095	0	0.345035161744022	0.345541490857947	McGill0005
-0.071428568524063	0	0.345541490857947	0.345879043600563	McGill0005
-0.107142852786095	0	0.345879043600563	0.347679324894515	McGill0005
-0.071428568524063	0	0.347679324894515	0.350661040787623	McGill0005
-0.0357142842620315	0	0.350661040787623	0.351504922644163	McGill0005
-0.0357142842620315	0	0.353473980309423	0.3557805907173	McGill0005
-0.071428568524063	0	0.3557805907173	0.359099859353024	McGill0005
-0.0357142842620315	0	0.359099859353024	0.360956399437412	McGill0005
-0.071428568524063	0	0.360956399437412	0.361350210970464	McGill0005
-0.0357142842620315	0	0.361350210970464	0.363206751054852	McGill0005
-0.107142852786095	0	0.363206751054852	0.365063291139241	McGill0005
-0.142857137048126	0	0.365063291139241	0.366526019690577	McGill0005
-0.107142852786095	0	0.366526019690577	0.368101265822785	McGill0005
-0.071428568524063	0	0.368101265822785	0.368832630098453	McGill0005
-0.0357142842620315	0	0.369395218002813	0.369451476793249	McGill0005
-0.071428568524063	0	0.369451476793249	0.375021097046414	McGill0005
-0.0357142842620315	0	0.376033755274262	0.376427566807314	McGill0005
-0.071428568524063	0	0.376427566807314	0.378902953586498	McGill0005
-0.0357142842620315	0	0.378902953586498	0.381940928270042	McGill0005
-0.0357142842620315	0	0.384472573839662	0.384697609001407	McGill0005
-0.071428568524063	0	0.384697609001407	0.386891701828411	McGill0005
-0.107142852786095	0	0.386891701828411	0.386947960618847	McGill0005
-0.142857137048126	0	0.386947960618847	0.390098452883263	McGill0005
-0.107142852786095	0	0.390098452883263	0.390323488045007	McGill0005
-0.071428568524063	0	0.390323488045007	0.391954992967651	McGill0005
-0.0357142842620315	0	0.391954992967651	0.392517580872011	McGill0005
-0.0357142842620315	0	0.394655414908579	0.394767932489452	McGill0005
-0.071428568524063	0	0.394767932489452	0.395443037974684	McGill0005
-0.107142852786095	0	0.395443037974684	0.39634317862166	McGill0005
-0.142857137048126	0	0.39634317862166	0.398649789029536	McGill0005
-0.178571431475937	0	0.398649789029536	0.40028129395218	McGill0005
-0.142857137048126	0	0.40028129395218	0.400337552742616	McGill0005
-0.107142852786095	0	0.400337552742616	0.401012658227848	McGill0005
-0.071428568524063	0	0.401012658227848	0.4014064697609	McGill0005
-0.107142852786095	0	0.4014064697609	0.403600562587904	McGill0005
-0.142857137048126	0	0.403600562587904	0.404163150492264	McGill0005
-0.107142852786095	0	0.404163150492264	0.404613220815753	McGill0005
-0.142857137048126	0	0.404613220815753	0.407032348804501	McGill0005
-0.107142852786095	0	0.407032348804501	0.407369901547117	McGill0005
-0.071428568524063	0	0.407369901547117	0.408663853727145	McGill0005
-0.0357142842620315	0	0.408663853727145	0.408720112517581	McGill0005
-0.071428568524063	0	0.408720112517581	0.410182841068917	McGill0005
-0.0357142842620315	0	0.410182841068917	0.414345991561182	McGill0005
-0.0357142842620315	0	0.422278481012658	0.424472573839662	McGill0005
-0.071428568524063	0	0.424472573839662	0.427904360056259	McGill0005
-0.0357142842620315	0	0.427904360056259	0.430098452883263	McGill0005
-0.0357142842620315	0	0.436962025316456	0.441350210970464	McGill0005
-0.071428568524063	0	0.441350210970464	0.442194092827004	McGill0005
-0.0357142842620315	0	0.442194092827004	0.442869198312236	McGill0005
-0.071428568524063	0	0.442869198312236	0.445682137834037	McGill0005
-0.107142852786095	0	0.445682137834037	0.446469760900141	McGill0005
-0.142857137048126	0	0.446469760900141	0.446976090014065	McGill0005
-0.107142852786095	0	0.446976090014065	0.447988748241913	McGill0005
-0.142857137048126	0	0.447988748241913	0.448326300984529	McGill0005
-0.107142852786095	0	0.448326300984529	0.451251758087201	McGill0005
-0.071428568524063	0	0.451251758087201	0.452095639943741	McGill0005
-0.0357142842620315	0	0.452095639943741	0.452995780590717	McGill0005
-0.071428568524063	0	0.452995780590717	0.453614627285513	McGill0005
-0.0357142842620315	0	0.453614627285513	0.453839662447257	McGill0005
-0.107142852786095	0	0.453839662447257	0.454458509142054	McGill0005
-0.178571431475937	0	0.454458509142054	0.457158931082982	McGill0005
-0.214285705572189	0	0.457158931082982	0.458621659634318	McGill0005
-0.178571431475937	0	0.458621659634318	0.459465541490858	McGill0005
-0.107142852786095	0	0.459465541490858	0.45985935302391	McGill0005
-0.142857137048126	0	0.45985935302391	0.460084388185654	McGill0005
-0.071428568524063	0	0.460084388185654	0.46070323488045	McGill0005
-0.107142852786095	0	0.46070323488045	0.462784810126582	McGill0005
-0.071428568524063	0	0.462784810126582	0.464472573839663	McGill0005
-0.107142852786095	0	0.464472573839663	0.465485232067511	McGill0005
-0.071428568524063	0	0.465485232067511	0.466329113924051	McGill0005
-0.0357142842620315	0	0.466329113924051	0.467285513361463	McGill0005
-0.0357142842620315	0	0.467341772151899	0.467623066104079	McGill0005
-0.071428568524063	0	0.467623066104079	0.468635724331927	McGill0005
-0.107142852786095	0	0.468635724331927	0.472798874824191	McGill0005
-0.071428568524063	0	0.472798874824191	0.473248945147679	McGill0005
-0.0357142842620315	0	0.473248945147679	0.474261603375527	McGill0005
-0.071428568524063	0	0.478255977496484	0.481068917018284	McGill0005
-0.107142852786095	0	0.481068917018284	0.482137834036568	McGill0005
-0.071428568524063	0	0.482137834036568	0.483600562587904	McGill0005
-0.0357142842620315	0	0.483600562587904	0.484613220815753	McGill0005
-0.071428568524063	0	0.484613220815753	0.484838255977497	McGill0005
-0.0357142842620315	0	0.484838255977497	0.488888888888889	McGill0005
-0.071428568524063	0	0.488888888888889	0.489170182841069	McGill0005
-0.107142852786095	0	0.489170182841069	0.490239099859353	McGill0005
-0.071428568524063	0	0.490239099859353	0.491758087201125	McGill0005
-0.107142852786095	0	0.491758087201125	0.492658227848101	McGill0005
-0.142857137048126	0	0.492658227848101	0.493389592123769	McGill0005
-0.178571431475937	0	0.493389592123769	0.494458509142054	McGill0005
-0.142857137048126	0	0.494458509142054	0.49479606188467	McGill0005
-0.107142852786095	0	0.49479606188467	0.495471167369902	McGill0005
-0.142857137048126	0	0.495471167369902	0.497383966244726	McGill0005
-0.107142852786095	0	0.497383966244726	0.497777777777778	McGill0005
-0.142857137048126	0	0.497777777777778	0.498284106891702	McGill0005
-0.107142852786095	0	0.498284106891702	0.498959212376934	McGill0005
-0.071428568524063	0	0.498959212376934	0.501097046413502	McGill0005
-0.0357142842620315	0	0.501097046413502	0.503403656821378	McGill0005
-0.0357142842620315	0	0.513361462728551	0.51746835443038	McGill0005
-0.071428568524063	0	0.51746835443038	0.517524613220816	McGill0005
-0.107142852786095	0	0.517524613220816	0.5214064697609	McGill0005
-0.071428568524063	0	0.5214064697609	0.52225035161744	McGill0005
-0.0357142842620315	0	0.52225035161744	0.523150492264416	McGill0005
-0.0357142842620315	0	0.530745428973277	0.530914205344585	McGill0005
-0.071428568524063	0	0.530914205344585	0.531814345991561	McGill0005
-0.107142852786095	0	0.531814345991561	0.532545710267229	McGill0005
-0.178571431475937	0	0.532545710267229	0.534627285513361	McGill0005
-0.25	0	0.534627285513361	0.534739803094234	McGill0005
-0.285714274096252	0	0.534739803094234	0.535133614627286	McGill0005
-0.357142862950509	0	0.535133614627286	0.535527426160338	McGill0005
-0.39285713704949	0	0.535527426160338	0.536371308016878	McGill0005
-0.357142862950509	0	0.536371308016878	0.536540084388186	McGill0005
-0.321428568524063	0	0.536540084388186	0.536821378340366	McGill0005
-0.357142862950509	0	0.536821378340366	0.537440225035162	McGill0005
-0.321428568524063	0	0.537440225035162	0.53817158931083	McGill0005
-0.25	0	0.53817158931083	0.540253164556962	McGill0005
-0.178571431475937	0	0.540253164556962	0.540365682137834	McGill0005
-0.142857137048126	0	0.540365682137834	0.540759493670886	McGill0005
-0.071428568524063	0	0.540759493670886	0.541097046413502	McGill0005
-0.0357142842620315	0	0.541097046413502	0.541603375527426	McGill0005
-0.071428568524063	0	0.54182841068917	0.545654008438819	McGill0005
-0.0357142842620315	0	0.547510548523207	0.551673699015471	McGill0005
-0.071428568524063	0	0.551673699015471	0.553136427566807	McGill0005
-0.0357142842620315	0	0.553136427566807	0.557299578059072	McGill0005
-0.0357142842620315	0	0.558537271448664	0.559381153305204	McGill0005
-0.071428568524063	0	0.559381153305204	0.56028129395218	McGill0005
-0.107142852786095	0	0.56028129395218	0.56365682137834	McGill0005
-0.142857137048126	0	0.56365682137834	0.564163150492264	McGill0005
-0.107142852786095	0	0.564163150492264	0.564781997187061	McGill0005
-0.142857137048126	0	0.564781997187061	0.564950773558369	McGill0005
-0.107142852786095	0	0.564950773558369	0.565738396624473	McGill0005
-0.071428568524063	0	0.565738396624473	0.566075949367089	McGill0005
-0.107142852786095	0	0.566075949367089	0.566244725738397	McGill0005
-0.142857137048126	0	0.566244725738397	0.566300984528833	McGill0005
-0.178571431475937	0	0.566300984528833	0.567538677918425	McGill0005
-0.214285705572189	0	0.567538677918425	0.569282700421941	McGill0005
-0.178571431475937	0	0.569282700421941	0.569901547116737	McGill0005
-0.214285705572189	0	0.569901547116737	0.570182841068917	McGill0005
-0.178571431475937	0	0.570182841068917	0.571701828410689	McGill0005
-0.142857137048126	0	0.571701828410689	0.571870604781997	McGill0005
-0.107142852786095	0	0.571870604781997	0.571926863572433	McGill0005
-0.071428568524063	0	0.571926863572433	0.575471167369902	McGill0005
-0.0357142842620315	0	0.575471167369902	0.575527426160338	McGill0005
-0.0357142842620315	0	0.59831223628692	0.599606188466948	McGill0005
-0.071428568524063	0	0.599606188466948	0.601631504922644	McGill0005
-0.107142852786095	0	0.601631504922644	0.603938115330521	McGill0005
-0.071428568524063	0	0.603938115330521	0.605232067510548	McGill0005
-0.0357142842620315	0	0.605232067510548	0.605457102672293	McGill0005
-0.071428568524063	0	0.605457102672293	0.606976090014065	McGill0005
-0.0357142842620315	0	0.606976090014065	0.608720112517581	McGill0005
-0.071428568524063	0	0.608720112517581	0.609901547116737	McGill0005
-0.107142852786095	0	0.609901547116737	0.611082981715893	McGill0005
-0.071428568524063	0	0.611082981715893	0.612376933895921	McGill0005
-0.107142852786095	0	0.612376933895921	0.614120956399438	McGill0005
-0.071428568524063	0	0.614120956399438	0.615527426160338	McGill0005
-0.0357142842620315	0	0.615527426160338	0.616990154711674	McGill0005
-0.071428568524063	0	0.616990154711674	0.618002812939522	McGill0005
-0.0357142842620315	0	0.618002812939522	0.620196905766526	McGill0005
-0.071428568524063	0	0.620196905766526	0.621434599156118	McGill0005
-0.0357142842620315	0	0.621434599156118	0.622784810126582	McGill0005
-0.071428568524063	0	0.622784810126582	0.623909985935302	McGill0005
-0.107142852786095	0	0.623909985935302	0.624585091420534	McGill0005
-0.142857137048126	0	0.624585091420534	0.626272855133615	McGill0005
-0.178571431475937	0	0.626272855133615	0.627229254571027	McGill0005
-0.214285705572189	0	0.627229254571027	0.628410689170183	McGill0005
-0.178571431475937	0	0.628410689170183	0.629592123769339	McGill0005
-0.214285705572189	0	0.629592123769339	0.630154711673699	McGill0005
-0.178571431475937	0	0.630154711673699	0.630210970464135	McGill0005
-0.142857137048126	0	0.630210970464135	0.631786216596343	McGill0005
-0.178571431475937	0	0.631786216596343	0.631898734177215	McGill0005
-0.142857137048126	0	0.631898734177215	0.632630098452883	McGill0005
-0.107142852786095	0	0.632630098452883	0.632855133614627	McGill0005
-0.071428568524063	0	0.632855133614627	0.63521800281294	McGill0005
-0.0357142842620315	0	0.63521800281294	0.637074542897328	McGill0005
-0.0357142842620315	0	0.64028129395218	0.64365682137834	McGill0005
-0.071428568524063	0	0.64365682137834	0.644725738396625	McGill0005
-0.107142852786095	0	0.644725738396625	0.645907172995781	McGill0005
-0.071428568524063	0	0.645907172995781	0.646357243319269	McGill0005
-0.107142852786095	0	0.646357243319269	0.648213783403657	McGill0005
-0.142857137048126	0	0.648213783403657	0.649113924050633	McGill0005
-0.107142852786095	0	0.649113924050633	0.649395218002813	McGill0005
-0.142857137048126	0	0.649395218002813	0.650351617440225	McGill0005
-0.107142852786095	0	0.650351617440225	0.651533052039381	McGill0005
-0.071428568524063	0	0.651533052039381	0.651645569620253	McGill0005
-0.107142852786095	0	0.651645569620253	0.653164556962025	McGill0005
-0.142857137048126	0	0.653164556962025	0.653839662447257	McGill0005
-0.107142852786095	0	0.653839662447257	0.655021097046414	McGill0005
-0.071428568524063	0	0.655021097046414	0.655302390998594	McGill0005
-0.107142852786095	0	0.655302390998594	0.656427566807314	McGill0005
-0.142857137048126	0	0.656427566807314	0.657102672292546	McGill0005
-0.178571431475937	0	0.657102672292546	0.657271448663854	McGill0005
-0.142857137048126	0	0.657271448663854	0.658677918424754	McGill0005
-0.107142852786095	0	0.658677918424754	0.660872011251758	McGill0005
-0.071428568524063	0	0.660872011251758	0.66098452883263	McGill0005
-0.107142852786095	0	0.66098452883263	0.661659634317862	McGill0005
-0.142857137048126	0	0.661659634317862	0.661997187060478	McGill0005
-0.107142852786095	0	0.661997187060478	0.662728551336146	McGill0005
-0.071428568524063	0	0.662728551336146	0.663684950773558	McGill0005
-0.107142852786095	0	0.663684950773558	0.666554149085795	McGill0005
-0.071428568524063	0	0.666554149085795	0.666610407876231	McGill0005
-0.107142852786095	0	0.666610407876231	0.667285513361463	McGill0005
-0.071428568524063	0	0.667285513361463	0.667454289732771	McGill0005
-0.107142852786095	0	0.667454289732771	0.669310829817159	McGill0005
-0.071428568524063	0	0.669310829817159	0.671279887482419	McGill0005
-0.0357142842620315	0	0.671279887482419	0.673080168776371	McGill0005
-0.0357142842620315	0	0.67634317862166	0.680675105485232	McGill0005
-0.071428568524063	0	0.680675105485232	0.681631504922644	McGill0005
-0.107142852786095	0	0.681631504922644	0.68196905766526	McGill0005
-0.071428568524063	0	0.68196905766526	0.68225035161744	McGill0005
-0.107142852786095	0	0.68225035161744	0.685682137834037	McGill0005
-0.142857137048126	0	0.685682137834037	0.686300984528833	McGill0005
-0.107142852786095	0	0.686300984528833	0.686526019690577	McGill0005
-0.142857137048126	0	0.686526019690577	0.687088607594937	McGill0005
-0.107142852786095	0	0.687088607594937	0.687876230661041	McGill0005
-0.071428568524063	0	0.687876230661041	0.688832630098453	McGill0005
-0.107142852786095	0	0.688832630098453	0.688945147679325	McGill0005
-0.142857137048126	0	0.688945147679325	0.690632911392405	McGill0005
-0.178571431475937	0	0.690632911392405	0.691308016877637	McGill0005
-0.214285705572189	0	0.691308016877637	0.691589310829817	McGill0005
-0.25	0	0.691589310829817	0.692151898734177	McGill0005
-0.214285705572189	0	0.692151898734177	0.694458509142053	McGill0005
-0.178571431475937	0	0.694458509142053	0.694571026722926	McGill0005
-0.142857137048126	0	0.694571026722926	0.696258790436006	McGill0005
-0.107142852786095	0	0.696258790436006	0.696933895921238	McGill0005
-0.0357142842620315	0	0.696933895921238	0.697215189873418	McGill0005
-0.0357142842620315	0	0.699971870604782	0.70070323488045	McGill0005
-0.071428568524063	0	0.70070323488045	0.702053445850914	McGill0005
-0.0357142842620315	0	0.702053445850914	0.706329113924051	McGill0005
-0.0357142842620315	0	0.706947960618847	0.709029535864979	McGill0005
-0.071428568524063	0	0.709029535864979	0.709648382559775	McGill0005
-0.107142852786095	0	0.709648382559775	0.709985935302391	McGill0005
-0.142857137048126	0	0.709985935302391	0.710098452883263	McGill0005
-0.107142852786095	0	0.710098452883263	0.711111111111111	McGill0005
-0.142857137048126	0	0.711111111111111	0.711617440225035	McGill0005
-0.178571431475937	0	0.711617440225035	0.712292545710267	McGill0005
-0.214285705572189	0	0.712292545710267	0.712967651195499	McGill0005
-0.285714274096252	0	0.712967651195499	0.714655414908579	McGill0005
-0.25	0	0.714655414908579	0.715274261603376	McGill0005
-0.214285705572189	0	0.715274261603376	0.715611814345992	McGill0005
-0.178571431475937	0	0.715611814345992	0.716736990154712	McGill0005
-0.142857137048126	0	0.716736990154712	0.717243319268636	McGill0005
-0.107142852786095	0	0.717243319268636	0.717918424753868	McGill0005
-0.071428568524063	0	0.717918424753868	0.7185935302391	McGill0005
-0.0357142842620315	0	0.719381153305204	0.719943741209564	McGill0005
-0.071428568524063	0	0.719943741209564	0.72056258790436	McGill0005
-0.107142852786095	0	0.72056258790436	0.724163150492264	McGill0005
-0.142857137048126	0	0.724163150492264	0.725007032348804	McGill0005
-0.107142852786095	0	0.725007032348804	0.725569620253165	McGill0005
-0.071428568524063	0	0.725569620253165	0.728045007032349	McGill0005
-0.0357142842620315	0	0.728045007032349	0.729789029535865	McGill0005
-0.0357142842620315	0	0.738227848101266	0.738509142053446	McGill0005
-0.071428568524063	0	0.738509142053446	0.740534458509142	McGill0005
-0.107142852786095	0	0.740534458509142	0.743066104078762	McGill0005
-0.071428568524063	0	0.743066104078762	0.743853727144867	McGill0005
-0.0357142842620315	0	0.743853727144867	0.744135021097046	McGill0005
-0.0357142842620315	0	0.744866385372714	0.745035161744023	McGill0005
-0.071428568524063	0	0.745035161744023	0.745710267229255	McGill0005
-0.107142852786095	0	0.745710267229255	0.745879043600563	McGill0005
-0.142857137048126	0	0.745879043600563	0.747398030942335	McGill0005
-0.178571431475937	0	0.747398030942335	0.749367088607595	McGill0005
-0.214285705572189	0	0.749367088607595	0.750661040787623	McGill0005
-0.178571431475937	0	0.750661040787623	0.751167369901547	McGill0005
-0.142857137048126	0	0.751167369901547	0.751336146272855	McGill0005
-0.107142852786095	0	0.751336146272855	0.754767932489452	McGill0005
-0.142857137048126	0	0.754767932489452	0.754992967651196	McGill0005
-0.107142852786095	0	0.754992967651196	0.755836849507736	McGill0005
-0.142857137048126	0	0.755836849507736	0.756118143459916	McGill0005
-0.107142852786095	0	0.756118143459916	0.756680731364276	McGill0005
-0.142857137048126	0	0.756680731364276	0.756849507735584	McGill0005
-0.178571431475937	0	0.756849507735584	0.760337552742616	McGill0005
-0.142857137048126	0	0.760337552742616	0.760393811533052	McGill0005
-0.178571431475937	0	0.760393811533052	0.761012658227848	McGill0005
-0.214285705572189	0	0.761012658227848	0.761575246132208	McGill0005
-0.25	0	0.761575246132208	0.762362869198312	McGill0005
-0.285714274096252	0	0.762362869198312	0.762475386779184	McGill0005
-0.25	0	0.762475386779184	0.763544303797468	McGill0005
-0.285714274096252	0	0.763544303797468	0.763713080168776	McGill0005
-0.25	0	0.763713080168776	0.766019690576653	McGill0005
-0.214285705572189	0	0.766019690576653	0.766638537271449	McGill0005
-0.178571431475937	0	0.766638537271449	0.767088607594937	McGill0005
-0.142857137048126	0	0.767088607594937	0.767144866385373	McGill0005
-0.178571431475937	0	0.767144866385373	0.767201125175809	McGill0005
-0.142857137048126	0	0.767201125175809	0.767932489451477	McGill0005
-0.107142852786095	0	0.767932489451477	0.767988748241913	McGill0005
-0.071428568524063	0	0.767988748241913	0.769113924050633	McGill0005
-0.0357142842620315	0	0.769113924050633	0.772714486638537	McGill0005
-0.0357142842620315	0	0.773052039381153	0.778677918424754	McGill0005
-0.0357142842620315	0	0.778790436005626	0.781715893108298	McGill0005
-0.0357142842620315	0	0.787341772151899	0.788185654008439	McGill0005
-0.071428568524063	0	0.788185654008439	0.788804500703235	McGill0005
-0.107142852786095	0	0.788804500703235	0.792461322081575	McGill0005
-0.071428568524063	0	0.792461322081575	0.793417721518987	McGill0005
-0.0357142842620315	0	0.793417721518987	0.799212376933896	McGill0005
-0.0357142842620315	0	0.799493670886076	0.80112517580872	McGill0005
-0.071428568524063	0	0.80112517580872	0.802362869198312	McGill0005
-0.107142852786095	0	0.802362869198312	0.804669479606189	McGill0005
-0.142857137048126	0	0.804669479606189	0.805119549929677	McGill0005
-0.107142852786095	0	0.805119549929677	0.805344585091421	McGill0005
-0.071428568524063	0	0.805344585091421	0.805513361462729	McGill0005
-0.107142852786095	0	0.805513361462729	0.806075949367089	McGill0005
-0.142857137048126	0	0.806075949367089	0.806751054852321	McGill0005
-0.107142852786095	0	0.806751054852321	0.809732770745429	McGill0005
-0.142857137048126	0	0.809732770745429	0.810295358649789	McGill0005
-0.178571431475937	0	0.810295358649789	0.810520393811533	McGill0005
-0.214285705572189	0	0.810520393811533	0.811139240506329	McGill0005
-0.178571431475937	0	0.811139240506329	0.811364275668073	McGill0005
-0.214285705572189	0	0.811364275668073	0.811701828410689	McGill0005
-0.178571431475937	0	0.811701828410689	0.812151898734177	McGill0005
-0.214285705572189	0	0.812151898734177	0.81535864978903	McGill0005
-0.178571431475937	0	0.81535864978903	0.815864978902954	McGill0005
-0.142857137048126	0	0.815864978902954	0.81592123769339	McGill0005
-0.107142852786095	0	0.81592123769339	0.816146272855134	McGill0005
-0.071428568524063	0	0.816146272855134	0.816258790436006	McGill0005
-0.0357142842620315	0	0.816258790436006	0.816371308016878	McGill0005
-0.071428568524063	0	0.816371308016878	0.817721518987342	McGill0005
-0.0357142842620315	0	0.817721518987342	0.81901547116737	McGill0005
-0.071428568524063	0	0.81901547116737	0.820928270042194	McGill0005
-0.107142852786095	0	0.820928270042194	0.821884669479606	McGill0005
-0.071428568524063	0	0.821884669479606	0.824641350210971	McGill0005
-0.0357142842620315	0	0.824641350210971	0.825091420534459	McGill0005
-0.071428568524063	0	0.825091420534459	0.826554149085795	McGill0005
-0.0357142842620315	0	0.826554149085795	0.826779184247539	McGill0005
-0.071428568524063	0	0.826779184247539	0.828691983122363	McGill0005
-0.107142852786095	0	0.828691983122363	0.830042194092827	McGill0005
-0.142857137048126	0	0.830042194092827	0.830717299578059	McGill0005
-0.107142852786095	0	0.830717299578059	0.832405063291139	McGill0005
-0.071428568524063	0	0.832405063291139	0.834261603375527	McGill0005
-0.107142852786095	0	0.834261603375527	0.834317862165964	McGill0005
-0.071428568524063	0	0.834317862165964	0.835668073136428	McGill0005
-0.0357142842620315	0	0.835668073136428	0.839887482419128	McGill0005
-0.0357142842620315	0	0.840168776371308	0.841462728551336	McGill0005
-0.071428568524063	0	0.841462728551336	0.843600562587904	McGill0005
-0.107142852786095	0	0.843600562587904	0.844050632911392	McGill0005
-0.142857137048126	0	0.844050632911392	0.845794655414909	McGill0005
-0.107142852786095	0	0.845794655414909	0.847088607594937	McGill0005
-0.071428568524063	0	0.847088607594937	0.849001406469761	McGill0005
-0.107142852786095	0	0.849001406469761	0.849226441631505	McGill0005
-0.071428568524063	0	0.849226441631505	0.849676511954993	McGill0005
-0.0357142842620315	0	0.849676511954993	0.849901547116737	McGill0005
-0.071428568524063	0	0.849901547116737	0.853052039381153	McGill0005
-0.0357142842620315	0	0.853052039381153	0.854627285513361	McGill0005
-0.0357142842620315	0	0.856990154711674	0.860534458509142	McGill0005
-0.071428568524063	0	0.860534458509142	0.860590717299578	McGill0005
-0.107142852786095	0	0.860590717299578	0.861940928270042	McGill0005
-0.142857137048126	0	0.861940928270042	0.862616033755274	McGill0005
-0.107142852786095	0	0.862616033755274	0.863966244725738	McGill0005
-0.142857137048126	0	0.863966244725738	0.864866385372715	McGill0005
-0.178571431475937	0	0.864866385372715	0.865372714486639	McGill0005
-0.214285705572189	0	0.865372714486639	0.865879043600563	McGill0005
-0.178571431475937	0	0.865879043600563	0.866160337552743	McGill0005
-0.142857137048126	0	0.866160337552743	0.867566807313643	McGill0005
-0.107142852786095	0	0.867566807313643	0.869254571026723	McGill0005
-0.071428568524063	0	0.869254571026723	0.869592123769339	McGill0005
-0.0357142842620315	0	0.869592123769339	0.870661040787623	McGill0005
-0.071428568524063	0	0.870661040787623	0.870998593530239	McGill0005
-0.0357142842620315	0	0.870998593530239	0.8757805907173	McGill0005
-0.0357142842620315	0	0.87746835443038	0.8785935302391	McGill0005
-0.071428568524063	0	0.8785935302391	0.879831223628692	McGill0005
-0.142857137048126	0	0.879831223628692	0.880506329113924	McGill0005
-0.178571431475937	0	0.880506329113924	0.880900140646976	McGill0005
-0.142857137048126	0	0.880900140646976	0.881012658227848	McGill0005
-0.178571431475937	0	0.881012658227848	0.88337552742616	McGill0005
-0.214285705572189	0	0.88337552742616	0.8842194092827	McGill0005
-0.178571431475937	0	0.8842194092827	0.884613220815752	McGill0005
-0.214285705572189	0	0.884613220815752	0.885400843881857	McGill0005
-0.25	0	0.885400843881857	0.885457102672292	McGill0005
-0.178571431475937	0	0.885457102672292	0.885907172995781	McGill0005
-0.214285705572189	0	0.885907172995781	0.885963431786217	McGill0005
-0.178571431475937	0	0.885963431786217	0.886582278481013	McGill0005
-0.25	0	0.886582278481013	0.886638537271449	McGill0005
-0.214285705572189	0	0.886638537271449	0.887651195499297	McGill0005
-0.25	0	0.887651195499297	0.887876230661041	McGill0005
-0.285714274096252	0	0.887876230661041	0.888945147679325	McGill0005
-0.25	0	0.888945147679325	0.889732770745429	McGill0005
-0.285714274096252	0	0.889732770745429	0.890014064697609	McGill0005
-0.321428568524063	0	0.890014064697609	0.890239099859353	McGill0005
-0.285714274096252	0	0.890239099859353	0.891026722925457	McGill0005
-0.25	0	0.891026722925457	0.891139240506329	McGill0005
-0.285714274096252	0	0.891139240506329	0.891533052039381	McGill0005
-0.25	0	0.891533052039381	0.891645569620253	McGill0005
-0.285714274096252	0	0.891645569620253	0.892151898734177	McGill0005
-0.321428568524063	0	0.892151898734177	0.892208157524613	McGill0005
-0.25	0	0.892208157524613	0.892376933895921	McGill0005
-0.285714274096252	0	0.892376933895921	0.892433192686357	McGill0005
-0.321428568524063	0	0.892433192686357	0.892545710267229	McGill0005
-0.357142862950509	0	0.892545710267229	0.892601969057665	McGill0005
-0.39285713704949	0	0.892601969057665	0.893277074542897	McGill0005
-0.357142862950509	0	0.893277074542897	0.893502109704641	McGill0005
-0.321428568524063	0	0.893502109704641	0.893558368495077	McGill0005
-0.357142862950509	0	0.893558368495077	0.893895921237693	McGill0005
-0.39285713704949	0	0.893895921237693	0.894233473980309	McGill0005
-0.42857141114506	0	0.894233473980309	0.895021097046414	McGill0005
-0.46428568524063	0	0.895021097046414	0.895133614627286	McGill0005
-0.5	0	0.895133614627286	0.895246132208158	McGill0005
-0.53571427409557	0	0.895246132208158	0.895302390998594	McGill0005
-0.5	0	0.895302390998594	0.89563994374121	McGill0005
-0.46428568524063	0	0.89563994374121	0.89676511954993	McGill0005
-0.53571427409557	0	0.89676511954993	0.897271448663854	McGill0005
-0.5	0	0.897271448663854	0.89760900140647	McGill0005
-0.57142854819114	0	0.89760900140647	0.897665260196906	McGill0005
-0.64285713704949	0	0.897665260196906	0.897721518987342	McGill0005
-0.71428572590443	0	0.897721518987342	0.897777777777778	McGill0005
-0.67857141114506	0	0.897777777777778	0.898002812939522	McGill0005
-0.71428572590443	0	0.898002812939522	0.898059071729958	McGill0005
-0.67857141114506	0	0.898059071729958	0.89817158931083	McGill0005
-0.71428572590443	0	0.89817158931083	0.898227848101266	McGill0005
-0.67857141114506	0	0.898227848101266	0.898902953586498	McGill0005
-0.71428572590443	0	0.898902953586498	0.899184247538678	McGill0005
-0.67857141114506	0	0.899184247538678	0.899353023909986	McGill0005
-0.64285713704949	0	0.899353023909986	0.899521800281294	McGill0005
-0.67857141114506	0	0.899521800281294	0.89957805907173	McGill0005
-0.71428572590443	0	0.89957805907173	0.899690576652602	McGill0005
-0.7499999593362	0	0.899690576652602	0.899746835443038	McGill0005
-0.78571427409557	0	0.899746835443038	0.89985935302391	McGill0005
-0.7499999593362	0	0.89985935302391	0.900028129395218	McGill0005
-0.78571427409557	0	0.900028129395218	0.900084388185654	McGill0005
-0.821428507530751	0	0.900084388185654	0.90014064697609	McGill0005
-0.85714282229012	0	0.90014064697609	0.900196905766526	McGill0005
-0.89285713704949	0	0.900196905766526	0.900365682137834	McGill0005
-0.92857137048126	0	0.900365682137834	0.900534458509142	McGill0005
-0.96428568524063	0	0.900534458509142	0.900590717299578	McGill0005
-1	0	0.900590717299578	0.900646976090014	McGill0005
-0.96428568524063	0	0.900646976090014	0.900759493670886	McGill0005
-0.92857137048126	0	0.900759493670886	0.900815752461322	McGill0005
-0.85714282229012	0	0.900815752461322	0.900872011251758	McGill0005
-0.89285713704949	0	0.900872011251758	0.900928270042194	McGill0005
-0.92857137048126	0	0.900928270042194	0.901040787623066	McGill0005
-0.96428568524063	0	0.901040787623066	0.901603375527426	McGill0005
-0.92857137048126	0	0.901603375527426	0.90182841068917	McGill0005
-0.96428568524063	0	0.90182841068917	0.90210970464135	McGill0005
-1	0	0.90210970464135	0.902222222222222	McGill0005
-0.96428568524063	0	0.902222222222222	0.90239099859353	McGill0005
-0.92857137048126	0	0.90239099859353	0.90267229254571	McGill0005
-0.96428568524063	0	0.90267229254571	0.903009845288326	McGill0005
-1	0	0.903009845288326	0.90323488045007	McGill0005
-0.92857137048126	0	0.90323488045007	0.903291139240506	McGill0005
-0.85714282229012	0	0.903291139240506	0.903347398030942	McGill0005
-0.821428507530751	0	0.903347398030942	0.903572433192686	McGill0005
-0.85714282229012	0	0.903572433192686	0.903628691983122	McGill0005
-0.821428507530751	0	0.903628691983122	0.90379746835443	McGill0005
-0.7499999593362	0	0.90379746835443	0.904022503516174	McGill0005
-0.78571427409557	0	0.904022503516174	0.904303797468354	McGill0005
-0.821428507530751	0	0.904303797468354	0.904528832630098	McGill0005
-0.78571427409557	0	0.904528832630098	0.904697609001406	McGill0005
-0.821428507530751	0	0.904697609001406	0.904922644163151	McGill0005
-0.85714282229012	0	0.904922644163151	0.905035161744023	McGill0005
-0.89285713704949	0	0.905035161744023	0.905147679324894	McGill0005
-0.821428507530751	0	0.905147679324894	0.905260196905767	McGill0005
-0.85714282229012	0	0.905260196905767	0.905316455696203	McGill0005
-0.821428507530751	0	0.905316455696203	0.905372714486639	McGill0005
-0.78571427409557	0	0.905372714486639	0.905428973277074	McGill0005
-0.821428507530751	0	0.905428973277074	0.90548523206751	McGill0005
-0.85714282229012	0	0.90548523206751	0.905597749648383	McGill0005
-0.821428507530751	0	0.905597749648383	0.905654008438819	McGill0005
-0.78571427409557	0	0.905654008438819	0.905710267229255	McGill0005
-0.7499999593362	0	0.905710267229255	0.905822784810127	McGill0005
-0.71428572590443	0	0.905822784810127	0.905879043600563	McGill0005
-0.67857141114506	0	0.905879043600563	0.905935302390999	McGill0005
-0.71428572590443	0	0.905935302390999	0.905991561181435	McGill0005
-0.67857141114506	0	0.905991561181435	0.906216596343179	McGill0005
-0.64285713704949	0	0.906216596343179	0.906272855133615	McGill0005
-0.607142822290121	0	0.906272855133615	0.906441631504923	McGill0005
-0.64285713704949	0	0.906441631504923	0.906554149085795	McGill0005
-0.57142854819114	0	0.906554149085795	0.907004219409283	McGill0005
-0.607142822290121	0	0.907004219409283	0.907398030942335	McGill0005
-0.67857141114506	0	0.907398030942335	0.907510548523207	McGill0005
-0.64285713704949	0	0.907510548523207	0.907735583684951	McGill0005
-0.607142822290121	0	0.907735583684951	0.907791842475387	McGill0005
-0.64285713704949	0	0.907791842475387	0.907904360056259	McGill0005
-0.67857141114506	0	0.907904360056259	0.908016877637131	McGill0005
-0.71428572590443	0	0.908016877637131	0.908129395218003	McGill0005
-0.7499999593362	0	0.908129395218003	0.908241912798875	McGill0005
-0.71428572590443	0	0.908241912798875	0.908354430379747	McGill0005
-0.7499999593362	0	0.908354430379747	0.908579465541491	McGill0005
-0.78571427409557	0	0.908579465541491	0.908635724331927	McGill0005
-0.7499999593362	0	0.908635724331927	0.908691983122363	McGill0005
-0.78571427409557	0	0.908691983122363	0.908804500703235	McGill0005
-0.7499999593362	0	0.908804500703235	0.908973277074543	McGill0005
-0.78571427409557	0	0.908973277074543	0.909198312236287	McGill0005
-0.821428507530751	0	0.909198312236287	0.909310829817159	McGill0005
-0.85714282229012	0	0.909310829817159	0.909817158931083	McGill0005
-0.89285713704949	0	0.909817158931083	0.910210970464135	McGill0005
-0.92857137048126	0	0.910210970464135	0.910267229254571	McGill0005
-0.89285713704949	0	0.910267229254571	0.910323488045007	McGill0005
-0.85714282229012	0	0.910323488045007	0.910548523206751	McGill0005
-0.821428507530751	0	0.910548523206751	0.910773558368495	McGill0005
-0.85714282229012	0	0.910773558368495	0.910829817158931	McGill0005
-0.821428507530751	0	0.910829817158931	0.910886075949367	McGill0005
-0.78571427409557	0	0.910886075949367	0.910942334739803	McGill0005
-0.821428507530751	0	0.910942334739803	0.911111111111111	McGill0005
-0.78571427409557	0	0.911111111111111	0.911167369901547	McGill0005
-0.821428507530751	0	0.911167369901547	0.911392405063291	McGill0005
-0.85714282229012	0	0.911392405063291	0.911561181434599	McGill0005
-0.821428507530751	0	0.911561181434599	0.911617440225035	McGill0005
-0.85714282229012	0	0.911617440225035	0.912011251758087	McGill0005
-0.89285713704949	0	0.912011251758087	0.912630098452883	McGill0005
-0.85714282229012	0	0.912630098452883	0.912798874824191	McGill0005
-0.89285713704949	0	0.912798874824191	0.913023909985935	McGill0005
-0.821428507530751	0	0.913023909985935	0.913080168776371	McGill0005
-0.85714282229012	0	0.913080168776371	0.913192686357243	McGill0005
-0.89285713704949	0	0.913192686357243	0.913417721518987	McGill0005
-0.92857137048126	0	0.913417721518987	0.913530239099859	McGill0005
-0.89285713704949	0	0.913530239099859	0.913586497890295	McGill0005
-0.85714282229012	0	0.913586497890295	0.913755274261603	McGill0005
-0.821428507530751	0	0.913755274261603	0.913980309423347	McGill0005
-0.78571427409557	0	0.913980309423347	0.914036568213783	McGill0005
-0.7499999593362	0	0.914036568213783	0.914261603375527	McGill0005
-0.71428572590443	0	0.914261603375527	0.914317862165963	McGill0005
-0.7499999593362	0	0.914317862165963	0.914374120956399	McGill0005
-0.78571427409557	0	0.914374120956399	0.914599156118143	McGill0005
-0.7499999593362	0	0.914599156118143	0.914711673699015	McGill0005
-0.71428572590443	0	0.914711673699015	0.914767932489451	McGill0005
-0.7499999593362	0	0.914767932489451	0.914824191279888	McGill0005
-0.71428572590443	0	0.914824191279888	0.915499296765119	McGill0005
-0.7499999593362	0	0.915499296765119	0.915555555555556	McGill0005
-0.71428572590443	0	0.915555555555556	0.916005625879044	McGill0005
-0.67857141114506	0	0.916005625879044	0.916118143459916	McGill0005
-0.64285713704949	0	0.916118143459916	0.916399437412096	McGill0005
-0.607142822290121	0	0.916399437412096	0.916455696202532	McGill0005
-0.64285713704949	0	0.916455696202532	0.916568213783404	McGill0005
-0.607142822290121	0	0.916568213783404	0.916736990154712	McGill0005
-0.64285713704949	0	0.916736990154712	0.916793248945148	McGill0005
-0.67857141114506	0	0.916793248945148	0.91690576652602	McGill0005
-0.71428572590443	0	0.91690576652602	0.917130801687764	McGill0005
-0.7499999593362	0	0.917130801687764	0.917243319268636	McGill0005
-0.71428572590443	0	0.917243319268636	0.917524613220816	McGill0005
-0.7499999593362	0	0.917524613220816	0.917637130801688	McGill0005
-0.71428572590443	0	0.917637130801688	0.918143459915612	McGill0005
-0.7499999593362	0	0.918143459915612	0.918424753867792	McGill0005
-0.71428572590443	0	0.918424753867792	0.918537271448664	McGill0005
-0.7499999593362	0	0.918537271448664	0.9185935302391	McGill0005
-0.821428507530751	0	0.9185935302391	0.918706047819972	McGill0005
-0.78571427409557	0	0.918706047819972	0.918762306610408	McGill0005
-0.821428507530751	0	0.918762306610408	0.918818565400844	McGill0005
-0.85714282229012	0	0.918818565400844	0.918987341772152	McGill0005
-0.89285713704949	0	0.918987341772152	0.919043600562588	McGill0005
-0.85714282229012	0	0.919043600562588	0.919099859353024	McGill0005
-0.92857137048126	0	0.919099859353024	0.919831223628692	McGill0005
-0.89285713704949	0	0.919831223628692	0.919943741209564	McGill0005
-0.85714282229012	0	0.919943741209564	0.92	McGill0005
-0.821428507530751	0	0.92	0.920112517580872	McGill0005
-0.85714282229012	0	0.920112517580872	0.920225035161744	McGill0005
-0.821428507530751	0	0.920225035161744	0.92028129395218	McGill0005
-0.85714282229012	0	0.92028129395218	0.920393811533052	McGill0005
-0.78571427409557	0	0.920393811533052	0.920450070323488	McGill0005
-0.821428507530751	0	0.920450070323488	0.92056258790436	McGill0005
-0.85714282229012	0	0.92056258790436	0.920900140646976	McGill0005
-0.89285713704949	0	0.920900140646976	0.921068917018284	McGill0005
-0.85714282229012	0	0.921068917018284	0.92112517580872	McGill0005
-0.821428507530751	0	0.92112517580872	0.921462728551336	McGill0005
-0.78571427409557	0	0.921462728551336	0.922081575246132	McGill0005
-0.7499999593362	0	0.922081575246132	0.922306610407876	McGill0005
-0.71428572590443	0	0.922306610407876	0.922419127988748	McGill0005
-0.64285713704949	0	0.922419127988748	0.92253164556962	McGill0005
-0.607142822290121	0	0.92253164556962	0.922756680731364	McGill0005
-0.57142854819114	0	0.922756680731364	0.923150492264416	McGill0005
-0.53571427409557	0	0.923150492264416	0.923544303797468	McGill0005
-0.57142854819114	0	0.923544303797468	0.923769338959212	McGill0005
-0.53571427409557	0	0.923769338959212	0.923881856540084	McGill0005
-0.607142822290121	0	0.923881856540084	0.924050632911392	McGill0005
-0.57142854819114	0	0.924050632911392	0.9242194092827	McGill0005
-0.5	0	0.9242194092827	0.924331926863572	McGill0005
-0.53571427409557	0	0.924331926863572	0.924444444444444	McGill0005
-0.5	0	0.924444444444444	0.924613220815752	McGill0005
-0.46428568524063	0	0.924613220815752	0.924725738396624	McGill0005
-0.39285713704949	0	0.924725738396624	0.924781997187061	McGill0005
-0.42857141114506	0	0.924781997187061	0.924950773558369	McGill0005
-0.46428568524063	0	0.924950773558369	0.925513361462728	McGill0005
-0.5	0	0.925513361462728	0.925569620253165	McGill0005
-0.46428568524063	0	0.925569620253165	0.925907172995781	McGill0005
-0.42857141114506	0	0.925907172995781	0.926075949367089	McGill0005
-0.39285713704949	0	0.926075949367089	0.926188466947961	McGill0005
-0.357142862950509	0	0.926188466947961	0.926244725738397	McGill0005
-0.39285713704949	0	0.926244725738397	0.926413502109705	McGill0005
-0.42857141114506	0	0.926413502109705	0.926526019690577	McGill0005
-0.39285713704949	0	0.926526019690577	0.926807313642757	McGill0005
-0.42857141114506	0	0.926807313642757	0.926863572433193	McGill0005
-0.46428568524063	0	0.926863572433193	0.926919831223629	McGill0005
-0.5	0	0.926919831223629	0.927201125175809	McGill0005
-0.53571427409557	0	0.927201125175809	0.927651195499297	McGill0005
-0.57142854819114	0	0.927651195499297	0.929170182841069	McGill0005
-0.53571427409557	0	0.929170182841069	0.929395218002813	McGill0005
-0.57142854819114	0	0.929395218002813	0.929507735583685	McGill0005
-0.5	0	0.929507735583685	0.929676511954993	McGill0005
-0.46428568524063	0	0.929676511954993	0.929845288326301	McGill0005
-0.5	0	0.929845288326301	0.929901547116737	McGill0005
-0.53571427409557	0	0.929901547116737	0.929957805907173	McGill0005
-0.46428568524063	0	0.929957805907173	0.930126582278481	McGill0005
-0.42857141114506	0	0.930126582278481	0.930576652601969	McGill0005
-0.39285713704949	0	0.930576652601969	0.931139240506329	McGill0005
-0.357142862950509	0	0.931139240506329	0.931870604781997	McGill0005
-0.321428568524063	0	0.931870604781997	0.931926863572433	McGill0005
-0.357142862950509	0	0.931926863572433	0.932039381153305	McGill0005
-0.321428568524063	0	0.932039381153305	0.932433192686357	McGill0005
-0.285714274096252	0	0.932433192686357	0.932545710267229	McGill0005
-0.25	0	0.932545710267229	0.933277074542897	McGill0005
-0.214285705572189	0	0.933277074542897	0.934683544303797	McGill0005
-0.25	0	0.934683544303797	0.935021097046413	McGill0005
-0.214285705572189	0	0.935021097046413	0.935471167369901	McGill0005
-0.178571431475937	0	0.935471167369901	0.935527426160338	McGill0005
-0.142857137048126	0	0.935527426160338	0.935583684950774	McGill0005
-0.107142852786095	0	0.935583684950774	0.93732770745429	McGill0005
-0.142857137048126	0	0.93732770745429	0.937496483825598	McGill0005
-0.178571431475937	0	0.937496483825598	0.937552742616034	McGill0005
-0.142857137048126	0	0.937552742616034	0.938115330520394	McGill0005
-0.107142852786095	0	0.938115330520394	0.939521800281294	McGill0005
-0.142857137048126	0	0.939521800281294	0.940309423347398	McGill0005
-0.107142852786095	0	0.940309423347398	0.941997187060478	McGill0005
-0.142857137048126	0	0.941997187060478	0.942897327707454	McGill0005
-0.107142852786095	0	0.942897327707454	0.943066104078762	McGill0005
-0.071428568524063	0	0.943066104078762	0.945147679324895	McGill0005
-0.0357142842620315	0	0.945147679324895	0.945710267229255	McGill0005
-0.071428568524063	0	0.945710267229255	0.947454289732771	McGill0005
-0.0357142842620315	0	0.947454289732771	0.947791842475387	McGill0005
-0.071428568524063	0	0.947791842475387	0.948466947960619	McGill0005
-0.107142852786095	0	0.948466947960619	0.951336146272855	McGill0005
-0.071428568524063	0	0.951336146272855	0.951842475386779	McGill0005
-0.107142852786095	0	0.951842475386779	0.952911392405063	McGill0005
-0.142857137048126	0	0.952911392405063	0.953417721518987	McGill0005
-0.107142852786095	0	0.953417721518987	0.954092827004219	McGill0005
-0.071428568524063	0	0.954092827004219	0.95746835443038	McGill0005
-0.0357142842620315	0	0.95746835443038	0.958481012658228	McGill0005
-0.0357142842620315	0	0.960056258790436	0.960112517580872	McGill0005
-0.071428568524063	0	0.960112517580872	0.960450070323488	McGill0005
-0.142857137048126	0	0.960450070323488	0.9614064697609	McGill0005
-0.178571431475937	0	0.9614064697609	0.962137834036568	McGill0005
-0.214285705572189	0	0.962137834036568	0.962194092827004	McGill0005
-0.25	0	0.962194092827004	0.962475386779184	McGill0005
-0.285714274096252	0	0.962475386779184	0.962981715893108	McGill0005
-0.321428568524063	0	0.962981715893108	0.965569620253165	McGill0005
-0.285714274096252	0	0.965569620253165	0.965625879043601	McGill0005
-0.321428568524063	0	0.965625879043601	0.965738396624473	McGill0005
-0.285714274096252	0	0.965738396624473	0.965850914205345	McGill0005
-0.25	0	0.965850914205345	0.966019690576653	McGill0005
-0.214285705572189	0	0.966019690576653	0.967032348804501	McGill0005
-0.178571431475937	0	0.967032348804501	0.967144866385373	McGill0005
-0.214285705572189	0	0.967144866385373	0.967763713080169	McGill0005
-0.142857137048126	0	0.967763713080169	0.968101265822785	McGill0005
-0.107142852786095	0	0.968101265822785	0.968157524613221	McGill0005
-0.142857137048126	0	0.968157524613221	0.968438818565401	McGill0005
-0.107142852786095	0	0.968438818565401	0.968832630098453	McGill0005
-0.142857137048126	0	0.968832630098453	0.969113924050633	McGill0005
-0.214285705572189	0	0.969113924050633	0.969845288326301	McGill0005
-0.25	0	0.969845288326301	0.970914205344585	McGill0005
-0.285714274096252	0	0.970914205344585	0.971251758087201	McGill0005
-0.25	0	0.971251758087201	0.972770745428973	McGill0005
-0.214285705572189	0	0.972770745428973	0.973502109704641	McGill0005
-0.25	0	0.973502109704641	0.973783403656821	McGill0005
-0.214285705572189	0	0.973783403656821	0.974458509142053	McGill0005
-0.178571431475937	0	0.974458509142053	0.974739803094234	McGill0005
-0.107142852786095	0	0.974739803094234	0.975471167369902	McGill0005
-0.071428568524063	0	0.975471167369902	0.976146272855134	McGill0005
-0.107142852786095	0	0.976146272855134	0.976315049226442	McGill0005
-0.071428568524063	0	0.976315049226442	0.977215189873418	McGill0005
-0.107142852786095	0	0.977215189873418	0.97732770745429	McGill0005
-0.142857137048126	0	0.97732770745429	0.978002812939522	McGill0005
-0.107142852786095	0	0.978002812939522	0.980309423347398	McGill0005
-0.142857137048126	0	0.980309423347398	0.982841068917018	McGill0005
-0.107142852786095	0	0.982841068917018	0.98295358649789	McGill0005
-0.071428568524063	0	0.98295358649789	0.985935302390999	McGill0005
-0.0357142842620315	0	0.985935302390999	0.987398030942335	McGill0005
-0.0357142842620315	0	0.987735583684951	0.992067510548523	McGill0005
-0.071428568524063	0	0.992067510548523	0.992798874824191	McGill0005
-0.107142852786095	0	0.992798874824191	0.993361462728551	McGill0005
-0.071428568524063	0	0.993361462728551	0.99662447257384	McGill0005
-0.0357142842620315	0	0.99662447257384	0.998368495077356	McGill0005
-0.0588235294115208	0	0.00326300984528833	0.00528832630098453	McGill0006
-0.11764705882356	0	0.00528832630098453	0.00883263009845288	McGill0006
-0.0588235294115208	0	0.00883263009845288	0.010295358649789	McGill0006
-0.176470588235081	0	0.010295358649789	0.0109142053445851	McGill0006
-0.11764705882356	0	0.0109142053445851	0.0127707454289733	McGill0006
-0.235294117646602	0	0.0127707454289733	0.0158649789029536	McGill0006
-0.176470588235081	0	0.0158649789029536	0.0159212376933896	McGill0006
-0.11764705882356	0	0.0159212376933896	0.0182841068917018	McGill0006
-0.0588235294115208	0	0.0227285513361463	0.0267229254571027	McGill0006
-0.11764705882356	0	0.0267229254571027	0.0283544303797468	McGill0006
-0.0588235294115208	0	0.0283544303797468	0.0323488045007032	McGill0006
-0.0588235294115208	0	0.0346554149085795	0.0389873417721519	McGill0006
-0.0588235294115208	0	0.0416877637130802	0.0444444444444444	McGill0006
-0.11764705882356	0	0.0444444444444444	0.0473136427566807	McGill0006
-0.0588235294115208	0	0.0473136427566807	0.0485513361462729	McGill0006
-0.11764705882356	0	0.0485513361462729	0.050070323488045	McGill0006
-0.0588235294115208	0	0.050070323488045	0.0517018284106892	McGill0006
-0.11764705882356	0	0.0517018284106892	0.0541772151898734	McGill0006
-0.0588235294115208	0	0.0541772151898734	0.0559774964838256	McGill0006
-0.11764705882356	0	0.0559774964838256	0.0560337552742616	McGill0006
-0.176470588235081	0	0.0560337552742616	0.0571589310829817	McGill0006
-0.235294117646602	0	0.0571589310829817	0.0573277074542897	McGill0006
-0.176470588235081	0	0.0573277074542897	0.0586216596343179	McGill0006
-0.235294117646602	0	0.0586216596343179	0.0590154711673699	McGill0006
-0.294117647058641	0	0.0590154711673699	0.0615471167369902	McGill0006
-0.235294117646602	0	0.0615471167369902	0.0616033755274262	McGill0006
-0.176470588235081	0	0.0616033755274262	0.0627848101265823	McGill0006
-0.11764705882356	0	0.0627848101265823	0.0642475386779184	McGill0006
-0.0588235294115208	0	0.0642475386779184	0.0645850914205345	McGill0006
-0.11764705882356	0	0.0645850914205345	0.0655414908579466	McGill0006
-0.176470588235081	0	0.0655414908579466	0.0664978902953587	McGill0006
-0.235294117646602	0	0.0664978902953587	0.0665541490857947	McGill0006
-0.176470588235081	0	0.0665541490857947	0.0668354430379747	McGill0006
-0.235294117646602	0	0.0668354430379747	0.0675105485232067	McGill0006
-0.294117647058641	0	0.0675105485232067	0.070210970464135	McGill0006
-0.235294117646602	0	0.070210970464135	0.0711111111111111	McGill0006
-0.176470588235081	0	0.0711111111111111	0.0720675105485232	McGill0006
-0.235294117646602	0	0.0720675105485232	0.0721237693389592	McGill0006
-0.176470588235081	0	0.0721237693389592	0.0724613220815752	McGill0006
-0.11764705882356	0	0.0724613220815752	0.0731364275668073	McGill0006
-0.0588235294115208	0	0.0731364275668073	0.0771870604781997	McGill0006
-0.11764705882356	0	0.0771870604781997	0.0776933895921238	McGill0006
-0.0588235294115208	0	0.0776933895921238	0.0789873417721519	McGill0006
-0.11764705882356	0	0.0789873417721519	0.0805063291139241	McGill0006
-0.176470588235081	0	0.0805063291139241	0.0815752461322082	McGill0006
-0.294117647058641	0	0.0815752461322082	0.0828129395218003	McGill0006
-0.235294117646602	0	0.0828129395218003	0.0837693389592124	McGill0006
-0.352941176470161	0	0.0837693389592124	0.0842194092827004	McGill0006
-0.411764705881682	0	0.0842194092827004	0.0846132208157525	McGill0006
-0.352941176470161	0	0.0846132208157525	0.0853445850914205	McGill0006
-0.411764705881682	0	0.0853445850914205	0.0861322081575246	McGill0006
-0.352941176470161	0	0.0861322081575246	0.0863009845288326	McGill0006
-0.411764705881682	0	0.0863009845288326	0.0864135021097046	McGill0006
-0.470588235293721	0	0.0864135021097046	0.0872011251758087	McGill0006
-0.352941176470161	0	0.0872011251758087	0.0873136427566807	McGill0006
-0.411764705881682	0	0.0873136427566807	0.0877074542897328	McGill0006
-0.470588235293721	0	0.0877074542897328	0.0877637130801688	McGill0006
-0.529411764706797	0	0.0877637130801688	0.0889451476793249	McGill0006
-0.588235294115208	0	0.0889451476793249	0.0891139240506329	McGill0006
-0.529411764706797	0	0.0891139240506329	0.089395218002813	McGill0006
-0.470588235293721	0	0.089395218002813	0.089845288326301	McGill0006
-0.352941176470161	0	0.089845288326301	0.0909704641350211	McGill0006
-0.294117647058641	0	0.0909704641350211	0.0915893108298171	McGill0006
-0.411764705881682	0	0.0915893108298171	0.0920393811533052	McGill0006
-0.352941176470161	0	0.0920393811533052	0.0928832630098453	McGill0006
-0.294117647058641	0	0.0928832630098453	0.0933333333333333	McGill0006
-0.176470588235081	0	0.0933333333333333	0.0945710267229255	McGill0006
-0.11764705882356	0	0.0945710267229255	0.0972151898734177	McGill0006
-0.11764705882356	0	0.0981153305203938	0.100872011251758	McGill0006
-0.176470588235081	0	0.100872011251758	0.103741209563994	McGill0006
-0.0588235294115208	0	0.103741209563994	0.105260196905767	McGill0006
-0.11764705882356	0	0.105260196905767	0.106160337552743	McGill0006
-0.0588235294115208	0	0.106160337552743	0.107229254571027	McGill0006
-0.11764705882356	0	0.107229254571027	0.110548523206751	McGill0006
-0.0588235294115208	0	0.110548523206751	0.112742616033755	McGill0006
-0.0588235294115208	0	0.115668073136428	0.1157805907173	McGill0006
-0.176470588235081	0	0.1157805907173	0.117355836849508	McGill0006
-0.11764705882356	0	0.117355836849508	0.117412095639944	McGill0006
-0.176470588235081	0	0.117412095639944	0.117805907172996	McGill0006
-0.11764705882356	0	0.117805907172996	0.117862165963432	McGill0006
-0.0588235294115208	0	0.117862165963432	0.117974683544304	McGill0006
-0.11764705882356	0	0.117974683544304	0.120056258790436	McGill0006
-0.176470588235081	0	0.120056258790436	0.12112517580872	McGill0006
-0.235294117646602	0	0.12112517580872	0.121350210970464	McGill0006
-0.176470588235081	0	0.121350210970464	0.122025316455696	McGill0006
-0.235294117646602	0	0.122025316455696	0.123600562587904	McGill0006
-0.176470588235081	0	0.123600562587904	0.124331926863572	McGill0006
-0.294117647058641	0	0.124331926863572	0.125625879043601	McGill0006
-0.235294117646602	0	0.125625879043601	0.126075949367089	McGill0006
-0.294117647058641	0	0.126075949367089	0.126638537271449	McGill0006
-0.235294117646602	0	0.126638537271449	0.127594936708861	McGill0006
-0.176470588235081	0	0.127594936708861	0.129732770745429	McGill0006
-0.11764705882356	0	0.129732770745429	0.129957805907173	McGill0006
-0.0588235294115208	0	0.129957805907173	0.131533052039381	McGill0006
-0.0588235294115208	0	0.132320675105485	0.133839662447257	McGill0006
-0.11764705882356	0	0.133839662447257	0.134908579465542	McGill0006
-0.176470588235081	0	0.134908579465542	0.136708860759494	McGill0006
-0.235294117646602	0	0.136708860759494	0.136877637130802	McGill0006
-0.294117647058641	0	0.136877637130802	0.137946554149086	McGill0006
-0.235294117646602	0	0.137946554149086	0.139353023909986	McGill0006
-0.176470588235081	0	0.139353023909986	0.139409282700422	McGill0006
-0.235294117646602	0	0.139409282700422	0.140534458509142	McGill0006
-0.176470588235081	0	0.140534458509142	0.142334739803094	McGill0006
-0.11764705882356	0	0.142334739803094	0.142503516174402	McGill0006
-0.0588235294115208	0	0.142503516174402	0.143853727144866	McGill0006
-0.11764705882356	0	0.143853727144866	0.145035161744023	McGill0006
-0.0588235294115208	0	0.145035161744023	0.146610407876231	McGill0006
-0.11764705882356	0	0.146610407876231	0.149479606188467	McGill0006
-0.0588235294115208	0	0.149479606188467	0.150942334739803	McGill0006
-0.11764705882356	0	0.150942334739803	0.152236286919831	McGill0006
-0.0588235294115208	0	0.152236286919831	0.156455696202532	McGill0006
-0.0588235294115208	0	0.158143459915612	0.160787623066104	McGill0006
-0.0588235294115208	0	0.165457102672293	0.166807313642757	McGill0006
-0.11764705882356	0	0.166807313642757	0.171082981715893	McGill0006
-0.0588235294115208	0	0.171082981715893	0.172433192686357	McGill0006
-0.11764705882356	0	0.178621659634318	0.182559774964838	McGill0006
-0.176470588235081	0	0.182559774964838	0.18351617440225	McGill0006
-0.294117647058641	0	0.18351617440225	0.184135021097046	McGill0006
-0.235294117646602	0	0.184135021097046	0.184247538677918	McGill0006
-0.176470588235081	0	0.184247538677918	0.184753867791842	McGill0006
-0.11764705882356	0	0.184753867791842	0.187229254571027	McGill0006
-0.176470588235081	0	0.187229254571027	0.188241912798875	McGill0006
-0.235294117646602	0	0.188241912798875	0.188579465541491	McGill0006
-0.294117647058641	0	0.188579465541491	0.189142053445851	McGill0006
-0.176470588235081	0	0.189142053445851	0.192855133614627	McGill0006
-0.11764705882356	0	0.192855133614627	0.193867791842475	McGill0006
-0.0588235294115208	0	0.193867791842475	0.194149085794655	McGill0006
-0.0588235294115208	0	0.205119549929677	0.209113924050633	McGill0006
-0.11764705882356	0	0.209113924050633	0.209226441631505	McGill0006
-0.176470588235081	0	0.209226441631505	0.210576652601969	McGill0006
-0.235294117646602	0	0.210576652601969	0.210689170182841	McGill0006
-0.176470588235081	0	0.210689170182841	0.210801687763713	McGill0006
-0.294117647058641	0	0.210801687763713	0.211251758087201	McGill0006
-0.352941176470161	0	0.211251758087201	0.212208157524613	McGill0006
-0.470588235293721	0	0.212208157524613	0.212939521800281	McGill0006
-0.588235294115208	0	0.212939521800281	0.213727144866385	McGill0006
-0.647058823528802	0	0.213727144866385	0.214627285513361	McGill0006
-0.764705882350807	0	0.214627285513361	0.214739803094233	McGill0006
-0.705882352942396	0	0.214739803094233	0.21479606188467	McGill0006
-0.647058823528802	0	0.21479606188467	0.214908579465541	McGill0006
-0.705882352942396	0	0.214908579465541	0.215977496483826	McGill0006
-0.764705882350807	0	0.215977496483826	0.21620253164557	McGill0006
-0.705882352942396	0	0.21620253164557	0.216427566807314	McGill0006
-0.588235294115208	0	0.216427566807314	0.216877637130802	McGill0006
-0.529411764706797	0	0.216877637130802	0.217552742616034	McGill0006
-0.588235294115208	0	0.217552742616034	0.217777777777778	McGill0006
-0.529411764706797	0	0.217777777777778	0.217834036568214	McGill0006
-0.470588235293721	0	0.217834036568214	0.218284106891702	McGill0006
-0.529411764706797	0	0.218284106891702	0.218509142053446	McGill0006
-0.411764705881682	0	0.218509142053446	0.21873417721519	McGill0006
-0.470588235293721	0	0.21873417721519	0.218959212376934	McGill0006
-0.588235294115208	0	0.218959212376934	0.219184247538678	McGill0006
-0.529411764706797	0	0.219184247538678	0.21985935302391	McGill0006
-0.470588235293721	0	0.21985935302391	0.220196905766526	McGill0006
-0.352941176470161	0	0.220196905766526	0.220534458509142	McGill0006
-0.294117647058641	0	0.220534458509142	0.221603375527426	McGill0006
-0.235294117646602	0	0.221603375527426	0.222334739803094	McGill0006
-0.294117647058641	0	0.222334739803094	0.222784810126582	McGill0006
-0.352941176470161	0	0.222784810126582	0.223909985935302	McGill0006
-0.294117647058641	0	0.223909985935302	0.224303797468354	McGill0006
-0.235294117646602	0	0.224303797468354	0.224416315049226	McGill0006
-0.176470588235081	0	0.224416315049226	0.224528832630098	McGill0006
-0.11764705882356	0	0.224528832630098	0.224810126582278	McGill0006
-0.176470588235081	0	0.224810126582278	0.227904360056259	McGill0006
-0.11764705882356	0	0.227904360056259	0.228410689170183	McGill0006
-0.0588235294115208	0	0.228410689170183	0.230436005625879	McGill0006
-0.0588235294115208	0	0.237243319268636	0.24196905766526	McGill0006
-0.11764705882356	0	0.24196905766526	0.24225035161744	McGill0006
-0.0588235294115208	0	0.24225035161744	0.247594936708861	McGill0006
-0.0588235294115208	0	0.254627285513361	0.257158931082982	McGill0006
-0.11764705882356	0	0.257158931082982	0.257946554149086	McGill0006
-0.176470588235081	0	0.257946554149086	0.259746835443038	McGill0006
-0.235294117646602	0	0.259746835443038	0.259803094233474	McGill0006
-0.294117647058641	0	0.259803094233474	0.260253164556962	McGill0006
-0.235294117646602	0	0.260253164556962	0.262503516174402	McGill0006
-0.294117647058641	0	0.262503516174402	0.262784810126582	McGill0006
-0.235294117646602	0	0.262784810126582	0.263572433192686	McGill0006
-0.176470588235081	0	0.263572433192686	0.265260196905767	McGill0006
-0.235294117646602	0	0.265260196905767	0.265372714486639	McGill0006
-0.176470588235081	0	0.265372714486639	0.265428973277075	McGill0006
-0.11764705882356	0	0.265428973277075	0.268129395218003	McGill0006
-0.0588235294115208	0	0.268129395218003	0.270886075949367	McGill0006
-0.0588235294115208	0	0.271054852320675	0.271392405063291	McGill0006
-0.176470588235081	0	0.271392405063291	0.275330520393812	McGill0006
-0.235294117646602	0	0.275330520393812	0.276680731364276	McGill0006
-0.176470588235081	0	0.276680731364276	0.276736990154712	McGill0006
-0.11764705882356	0	0.276736990154712	0.276962025316456	McGill0006
-0.0588235294115208	0	0.276962025316456	0.27831223628692	McGill0006
-0.11764705882356	0	0.27831223628692	0.278649789029536	McGill0006
-0.176470588235081	0	0.278649789029536	0.278762306610408	McGill0006
-0.235294117646602	0	0.278762306610408	0.278818565400844	McGill0006
-0.294117647058641	0	0.278818565400844	0.279043600562588	McGill0006
-0.235294117646602	0	0.279043600562588	0.280168776371308	McGill0006
-0.294117647058641	0	0.280168776371308	0.280787623066104	McGill0006
-0.352941176470161	0	0.280787623066104	0.28112517580872	McGill0006
-0.235294117646602	0	0.28112517580872	0.282644163150492	McGill0006
-0.294117647058641	0	0.282644163150492	0.283600562587904	McGill0006
-0.352941176470161	0	0.283600562587904	0.284163150492264	McGill0006
-0.294117647058641	0	0.284163150492264	0.284444444444444	McGill0006
-0.235294117646602	0	0.284444444444444	0.285457102672293	McGill0006
-0.294117647058641	0	0.285457102672293	0.285569620253165	McGill0006
-0.352941176470161	0	0.285569620253165	0.286244725738397	McGill0006
-0.294117647058641	0	0.286244725738397	0.288270042194093	McGill0006
-0.235294117646602	0	0.288270042194093	0.289226441631505	McGill0006
-0.176470588235081	0	0.289226441631505	0.290014064697609	McGill0006
-0.235294117646602	0	0.290014064697609	0.290801687763713	McGill0006
-0.294117647058641	0	0.290801687763713	0.291082981715893	McGill0006
-0.235294117646602	0	0.291082981715893	0.291195499296765	McGill0006
-0.176470588235081	0	0.291195499296765	0.291308016877637	McGill0006
-0.235294117646602	0	0.291308016877637	0.291420534458509	McGill0006
-0.176470588235081	0	0.291420534458509	0.29535864978903	McGill0006
-0.235294117646602	0	0.29535864978903	0.29563994374121	McGill0006
-0.176470588235081	0	0.29563994374121	0.296427566807314	McGill0006
-0.11764705882356	0	0.296427566807314	0.29648382559775	McGill0006
-0.176470588235081	0	0.29648382559775	0.296933895921238	McGill0006
-0.11764705882356	0	0.296933895921238	0.29760900140647	McGill0006
-0.176470588235081	0	0.29760900140647	0.30098452883263	McGill0006
-0.11764705882356	0	0.30098452883263	0.30210970464135	McGill0006
-0.0588235294115208	0	0.30210970464135	0.303122362869198	McGill0006
-0.0588235294115208	0	0.322587904360056	0.322756680731364	McGill0006
-0.11764705882356	0	0.322756680731364	0.326919831223629	McGill0006
-0.176470588235081	0	0.326919831223629	0.327988748241913	McGill0006
-0.11764705882356	0	0.327988748241913	0.328045007032349	McGill0006
-0.176470588235081	0	0.328045007032349	0.328213783403657	McGill0006
-0.11764705882356	0	0.328213783403657	0.328438818565401	McGill0006
-0.0588235294115208	0	0.328438818565401	0.329620253164557	McGill0006
-0.11764705882356	0	0.329620253164557	0.332545710267229	McGill0006
-0.0588235294115208	0	0.332545710267229	0.335246132208158	McGill0006
-0.11764705882356	0	0.335752461322082	0.339634317862166	McGill0006
-0.235294117646602	0	0.339634317862166	0.341378340365682	McGill0006
-0.11764705882356	0	0.341378340365682	0.345260196905767	McGill0006
-0.0588235294115208	0	0.356174402250352	0.358706047819972	McGill0006
-0.11764705882356	0	0.358706047819972	0.361800281293952	McGill0006
-0.0588235294115208	0	0.361800281293952	0.364275668073136	McGill0006
-0.0588235294115208	0	0.368045007032349	0.368382559774965	McGill0006
-0.11764705882356	0	0.368382559774965	0.371364275668073	McGill0006
-0.176470588235081	0	0.371364275668073	0.372545710267229	McGill0006
-0.235294117646602	0	0.372545710267229	0.373670886075949	McGill0006
-0.176470588235081	0	0.373670886075949	0.373952180028129	McGill0006
-0.11764705882356	0	0.373952180028129	0.376146272855134	McGill0006
-0.0588235294115208	0	0.376146272855134	0.378115330520394	McGill0006
-0.0588235294115208	0	0.4	0.401293952180028	McGill0006
-0.11764705882356	0	0.401293952180028	0.40309423347398	McGill0006
-0.176470588235081	0	0.40309423347398	0.405400843881857	McGill0006
-0.235294117646602	0	0.405400843881857	0.405513361462729	McGill0006
-0.176470588235081	0	0.405513361462729	0.407651195499297	McGill0006
-0.235294117646602	0	0.407651195499297	0.407763713080169	McGill0006
-0.352941176470161	0	0.407763713080169	0.408720112517581	McGill0006
-0.294117647058641	0	0.408720112517581	0.410970464135021	McGill0006
-0.235294117646602	0	0.410970464135021	0.411026722925457	McGill0006
-0.176470588235081	0	0.411026722925457	0.413277074542897	McGill0006
-0.11764705882356	0	0.413277074542897	0.413389592123769	McGill0006
-0.0588235294115208	0	0.413389592123769	0.413445850914205	McGill0006
-0.11764705882356	0	0.413445850914205	0.415302390998593	McGill0006
-0.176470588235081	0	0.415302390998593	0.417552742616034	McGill0006
-0.235294117646602	0	0.417552742616034	0.418902953586498	McGill0006
-0.176470588235081	0	0.418902953586498	0.419071729957806	McGill0006
-0.11764705882356	0	0.419071729957806	0.419746835443038	McGill0006
-0.176470588235081	0	0.419746835443038	0.420928270042194	McGill0006
-0.11764705882356	0	0.420928270042194	0.423122362869198	McGill0006
-0.0588235294115208	0	0.423122362869198	0.423291139240506	McGill0006
-0.11764705882356	0	0.423291139240506	0.424247538677918	McGill0006
-0.176470588235081	0	0.424247538677918	0.427229254571027	McGill0006
-0.235294117646602	0	0.427229254571027	0.427791842475387	McGill0006
-0.176470588235081	0	0.427791842475387	0.428917018284107	McGill0006
-0.235294117646602	0	0.428917018284107	0.429873417721519	McGill0006
-0.176470588235081	0	0.429873417721519	0.430998593530239	McGill0006
-0.11764705882356	0	0.430998593530239	0.432686357243319	McGill0006
-0.0588235294115208	0	0.432686357243319	0.434542897327708	McGill0006
-0.0588235294115208	0	0.444725738396625	0.445175808720113	McGill0006
-0.11764705882356	0	0.445175808720113	0.448776371308017	McGill0006
-0.235294117646602	0	0.448776371308017	0.449563994374121	McGill0006
-0.352941176470161	0	0.449563994374121	0.449789029535865	McGill0006
-0.411764705881682	0	0.449789029535865	0.450295358649789	McGill0006
-0.470588235293721	0	0.450295358649789	0.450351617440225	McGill0006
-0.411764705881682	0	0.450351617440225	0.450801687763713	McGill0006
-0.352941176470161	0	0.450801687763713	0.451026722925457	McGill0006
-0.411764705881682	0	0.451026722925457	0.452320675105485	McGill0006
-0.352941176470161	0	0.452320675105485	0.454402250351618	McGill0006
-0.294117647058641	0	0.454402250351618	0.455189873417722	McGill0006
-0.11764705882356	0	0.455189873417722	0.455414908579466	McGill0006
-0.0588235294115208	0	0.455414908579466	0.456652601969058	McGill0006
-0.0588235294115208	0	0.457552742616034	0.461434599156118	McGill0006
-0.11764705882356	0	0.461434599156118	0.461997187060478	McGill0006
-0.176470588235081	0	0.461997187060478	0.463178621659634	McGill0006
-0.11764705882356	0	0.463178621659634	0.465991561181435	McGill0006
-0.176470588235081	0	0.465991561181435	0.466835443037975	McGill0006
-0.11764705882356	0	0.466835443037975	0.468917018284107	McGill0006
-0.0588235294115208	0	0.468917018284107	0.471336146272855	McGill0006
-0.176470588235081	0	0.471336146272855	0.472348804500703	McGill0006
-0.235294117646602	0	0.472348804500703	0.472686357243319	McGill0006
-0.176470588235081	0	0.472686357243319	0.473924050632911	McGill0006
-0.235294117646602	0	0.473924050632911	0.474036568213783	McGill0006
-0.352941176470161	0	0.474036568213783	0.474430379746836	McGill0006
-0.411764705881682	0	0.474430379746836	0.476680731364276	McGill0006
-0.352941176470161	0	0.476680731364276	0.476849507735584	McGill0006
-0.411764705881682	0	0.476849507735584	0.476962025316456	McGill0006
-0.352941176470161	0	0.476962025316456	0.477862165963432	McGill0006
-0.411764705881682	0	0.477862165963432	0.477974683544304	McGill0006
-0.352941176470161	0	0.477974683544304	0.478255977496484	McGill0006
-0.411764705881682	0	0.478255977496484	0.479493670886076	McGill0006
-0.352941176470161	0	0.479493670886076	0.479549929676512	McGill0006
-0.294117647058641	0	0.479549929676512	0.480056258790436	McGill0006
-0.235294117646602	0	0.480056258790436	0.4814064697609	McGill0006
-0.294117647058641	0	0.4814064697609	0.482475386779184	McGill0006
-0.235294117646602	0	0.482475386779184	0.482587904360056	McGill0006
-0.176470588235081	0	0.482587904360056	0.483488045007032	McGill0006
-0.11764705882356	0	0.483488045007032	0.483544303797468	McGill0006
-0.176470588235081	0	0.483544303797468	0.483825597749648	McGill0006
-0.235294117646602	0	0.483825597749648	0.483881856540084	McGill0006
-0.176470588235081	0	0.483881856540084	0.484106891701828	McGill0006
-0.235294117646602	0	0.484106891701828	0.486132208157525	McGill0006
-0.176470588235081	0	0.486132208157525	0.486469760900141	McGill0006
-0.235294117646602	0	0.486469760900141	0.486526019690577	McGill0006
-0.176470588235081	0	0.486526019690577	0.487482419127989	McGill0006
-0.11764705882356	0	0.487482419127989	0.488776371308017	McGill0006
-0.176470588235081	0	0.488776371308017	0.489732770745429	McGill0006
-0.11764705882356	0	0.489732770745429	0.492095639943741	McGill0006
-0.0588235294115208	0	0.492095639943741	0.492658227848101	McGill0006
-0.11764705882356	0	0.492658227848101	0.494402250351618	McGill0006
-0.0588235294115208	0	0.494402250351618	0.497946554149086	McGill0006
-0.11764705882356	0	0.497946554149086	0.498227848101266	McGill0006
-0.0588235294115208	0	0.498227848101266	0.50014064697609	McGill0006
-0.176470588235081	0	0.50014064697609	0.500646976090014	McGill0006
-0.411764705881682	0	0.500646976090014	0.50210970464135	McGill0006
-0.529411764706797	0	0.50210970464135	0.502503516174402	McGill0006
-0.647058823528802	0	0.502503516174402	0.50295358649789	McGill0006
-0.705882352942396	0	0.50295358649789	0.503403656821378	McGill0006
-0.764705882350807	0	0.503403656821378	0.503572433192686	McGill0006
-0.705882352942396	0	0.503572433192686	0.505766526019691	McGill0006
-0.588235294115208	0	0.505766526019691	0.506272855133615	McGill0006
-0.411764705881682	0	0.506272855133615	0.506610407876231	McGill0006
-0.470588235293721	0	0.506610407876231	0.507735583684951	McGill0006
-0.352941176470161	0	0.507735583684951	0.508129395218003	McGill0006
-0.11764705882356	0	0.508129395218003	0.508579465541491	McGill0006
-0.0588235294115208	0	0.508579465541491	0.510267229254571	McGill0006
-0.11764705882356	0	0.510267229254571	0.512180028129395	McGill0006
-0.0588235294115208	0	0.512180028129395	0.515893108298172	McGill0006
-0.0588235294115208	0	0.522587904360056	0.524444444444445	McGill0006
-0.11764705882356	0	0.524444444444445	0.527819971870605	McGill0006
-0.0588235294115208	0	0.527819971870605	0.530070323488045	McGill0006
-0.0588235294115208	0	0.533839662447257	0.537102672292546	McGill0006
-0.11764705882356	0	0.537102672292546	0.54182841068917	McGill0006
-0.176470588235081	0	0.54182841068917	0.541884669479606	McGill0006
-0.11764705882356	0	0.541884669479606	0.54210970464135	McGill0006
-0.176470588235081	0	0.54210970464135	0.542559774964838	McGill0006
-0.11764705882356	0	0.542559774964838	0.545710267229255	McGill0006
-0.0588235294115208	0	0.545710267229255	0.547735583684951	McGill0006
-0.0588235294115208	0	0.548016877637131	0.548635724331927	McGill0006
-0.11764705882356	0	0.548635724331927	0.553473980309423	McGill0006
-0.176470588235081	0	0.553473980309423	0.553642756680731	McGill0006
-0.11764705882356	0	0.553642756680731	0.554261603375528	McGill0006
-0.0588235294115208	0	0.554261603375528	0.5543741209564	McGill0006
-0.11764705882356	0	0.5543741209564	0.55493670886076	McGill0006
-0.235294117646602	0	0.55493670886076	0.559099859353024	McGill0006
-0.176470588235081	0	0.559099859353024	0.559493670886076	McGill0006
-0.235294117646602	0	0.559493670886076	0.559549929676512	McGill0006
-0.294117647058641	0	0.559549929676512	0.56	McGill0006
-0.235294117646602	0	0.56	0.560393811533052	McGill0006
-0.294117647058641	0	0.560393811533052	0.56056258790436	McGill0006
-0.235294117646602	0	0.56056258790436	0.565119549929677	McGill0006
-0.11764705882356	0	0.565119549929677	0.565175808720113	McGill0006
-0.0588235294115208	0	0.565175808720113	0.566019690576653	McGill0006
-0.0588235294115208	0	0.566075949367089	0.567088607594937	McGill0006
-0.176470588235081	0	0.567088607594937	0.568607594936709	McGill0006
-0.235294117646602	0	0.568607594936709	0.568663853727145	McGill0006
-0.294117647058641	0	0.568663853727145	0.570970464135021	McGill0006
-0.411764705881682	0	0.570970464135021	0.571701828410689	McGill0006
-0.352941176470161	0	0.571701828410689	0.572714486638537	McGill0006
-0.235294117646602	0	0.572714486638537	0.57423347398031	McGill0006
-0.176470588235081	0	0.57423347398031	0.574289732770746	McGill0006
-0.11764705882356	0	0.574289732770746	0.575189873417722	McGill0006
-0.176470588235081	0	0.575189873417722	0.576596343178622	McGill0006
-0.0588235294115208	0	0.576596343178622	0.577102672292546	McGill0006
-0.11764705882356	0	0.577102672292546	0.580815752461322	McGill0006
-0.0588235294115208	0	0.580815752461322	0.581940928270042	McGill0006
-0.11764705882356	0	0.581940928270042	0.582278481012658	McGill0006
-0.235294117646602	0	0.582278481012658	0.582728551336146	McGill0006
-0.176470588235081	0	0.582728551336146	0.585766526019691	McGill0006
-0.235294117646602	0	0.585766526019691	0.587566807313643	McGill0006
-0.176470588235081	0	0.587566807313643	0.587904360056259	McGill0006
-0.0588235294115208	0	0.587904360056259	0.588917018284107	McGill0006
-0.11764705882356	0	0.588917018284107	0.589817158931083	McGill0006
-0.176470588235081	0	0.589817158931083	0.590717299578059	McGill0006
-0.235294117646602	0	0.590717299578059	0.591392405063291	McGill0006
-0.176470588235081	0	0.591392405063291	0.591786216596343	McGill0006
-0.294117647058641	0	0.591786216596343	0.592236286919831	McGill0006
-0.235294117646602	0	0.592236286919831	0.592405063291139	McGill0006
-0.176470588235081	0	0.592405063291139	0.593699015471167	McGill0006
-0.235294117646602	0	0.593699015471167	0.594767932489452	McGill0006
-0.294117647058641	0	0.594767932489452	0.59634317862166	McGill0006
-0.235294117646602	0	0.59634317862166	0.597412095639944	McGill0006
-0.11764705882356	0	0.597412095639944	0.597524613220816	McGill0006
-0.235294117646602	0	0.597524613220816	0.599043600562588	McGill0006
-0.294117647058641	0	0.599043600562588	0.599324894514768	McGill0006
-0.235294117646602	0	0.599324894514768	0.599831223628692	McGill0006
-0.294117647058641	0	0.599831223628692	0.600337552742616	McGill0006
-0.235294117646602	0	0.600337552742616	0.602587904360056	McGill0006
-0.294117647058641	0	0.602587904360056	0.603150492264416	McGill0006
-0.176470588235081	0	0.603150492264416	0.604669479606188	McGill0006
-0.11764705882356	0	0.604669479606188	0.605457102672293	McGill0006
-0.0588235294115208	0	0.605457102672293	0.608213783403657	McGill0006
-0.0588235294115208	0	0.612039381153305	0.61563994374121	McGill0006
-0.11764705882356	0	0.61563994374121	0.616090014064698	McGill0006
-0.235294117646602	0	0.616090014064698	0.616990154711674	McGill0006
-0.294117647058641	0	0.616990154711674	0.617665260196906	McGill0006
-0.235294117646602	0	0.617665260196906	0.620196905766526	McGill0006
-0.294117647058641	0	0.620196905766526	0.620815752461322	McGill0006
-0.235294117646602	0	0.620815752461322	0.621097046413502	McGill0006
-0.11764705882356	0	0.621097046413502	0.621153305203938	McGill0006
-0.0588235294115208	0	0.621153305203938	0.621940928270042	McGill0006
-0.11764705882356	0	0.621940928270042	0.622278481012658	McGill0006
-0.176470588235081	0	0.622278481012658	0.622334739803094	McGill0006
-0.235294117646602	0	0.622334739803094	0.623572433192686	McGill0006
-0.176470588235081	0	0.623572433192686	0.625428973277075	McGill0006
-0.11764705882356	0	0.625428973277075	0.625766526019691	McGill0006
-0.176470588235081	0	0.625766526019691	0.627904360056259	McGill0006
-0.0588235294115208	0	0.627904360056259	0.629704641350211	McGill0006
-0.0588235294115208	0	0.631617440225035	0.631786216596343	McGill0006
-0.11764705882356	0	0.631786216596343	0.634992967651196	McGill0006
-0.176470588235081	0	0.634992967651196	0.635274261603376	McGill0006
-0.235294117646602	0	0.635274261603376	0.637243319268636	McGill0006
-0.11764705882356	0	0.637243319268636	0.63831223628692	McGill0006
-0.0588235294115208	0	0.63831223628692	0.639887482419128	McGill0006
-0.11764705882356	0	0.639887482419128	0.640618846694796	McGill0006
-0.0588235294115208	0	0.640618846694796	0.640787623066104	McGill0006
-0.11764705882356	0	0.640787623066104	0.642137834036568	McGill0006
-0.235294117646602	0	0.642137834036568	0.645400843881857	McGill0006
-0.352941176470161	0	0.645400843881857	0.645513361462729	McGill0006
-0.294117647058641	0	0.645513361462729	0.645963431786217	McGill0006
-0.352941176470161	0	0.645963431786217	0.646413502109705	McGill0006
-0.294117647058641	0	0.646413502109705	0.647763713080169	McGill0006
-0.235294117646602	0	0.647763713080169	0.648663853727145	McGill0006
-0.352941176470161	0	0.648663853727145	0.651026722925457	McGill0006
-0.235294117646602	0	0.651026722925457	0.651589310829817	McGill0006
-0.11764705882356	0	0.651589310829817	0.654289732770745	McGill0006
-0.0588235294115208	0	0.655752461322082	0.663459915611814	McGill0006
-0.0588235294115208	0	0.664247538677918	0.667285513361463	McGill0006
-0.11764705882356	0	0.667285513361463	0.668185654008439	McGill0006
-0.176470588235081	0	0.668185654008439	0.669873417721519	McGill0006
-0.11764705882356	0	0.669873417721519	0.671223628691983	McGill0006
-0.176470588235081	0	0.671223628691983	0.671279887482419	McGill0006
-0.235294117646602	0	0.671279887482419	0.672911392405063	McGill0006
-0.176470588235081	0	0.672911392405063	0.673811533052039	McGill0006
-0.11764705882356	0	0.673811533052039	0.675443037974684	McGill0006
-0.176470588235081	0	0.675443037974684	0.675836849507736	McGill0006
-0.235294117646602	0	0.675836849507736	0.676174402250352	McGill0006
-0.294117647058641	0	0.676174402250352	0.676849507735584	McGill0006
-0.235294117646602	0	0.676849507735584	0.67690576652602	McGill0006
-0.176470588235081	0	0.67690576652602	0.678649789029536	McGill0006
-0.235294117646602	0	0.678649789029536	0.681293952180028	McGill0006
-0.294117647058641	0	0.681293952180028	0.681462728551336	McGill0006
-0.235294117646602	0	0.681462728551336	0.681744022503516	McGill0006
-0.294117647058641	0	0.681744022503516	0.681800281293952	McGill0006
-0.235294117646602	0	0.681800281293952	0.681856540084388	McGill0006
-0.294117647058641	0	0.681856540084388	0.681912798874824	McGill0006
-0.352941176470161	0	0.681912798874824	0.683037974683544	McGill0006
-0.411764705881682	0	0.683037974683544	0.683769338959212	McGill0006
-0.470588235293721	0	0.683769338959212	0.684050632911393	McGill0006
-0.529411764706797	0	0.684050632911393	0.6842194092827	McGill0006
-0.470588235293721	0	0.6842194092827	0.684275668073136	McGill0006
-0.411764705881682	0	0.684275668073136	0.686694796061885	McGill0006
-0.352941176470161	0	0.686694796061885	0.686919831223629	McGill0006
-0.294117647058641	0	0.686919831223629	0.687032348804501	McGill0006
-0.352941176470161	0	0.687032348804501	0.687426160337553	McGill0006
-0.411764705881682	0	0.687426160337553	0.687482419127989	McGill0006
-0.352941176470161	0	0.687482419127989	0.687538677918425	McGill0006
-0.294117647058641	0	0.687538677918425	0.688663853727145	McGill0006
-0.235294117646602	0	0.688663853727145	0.689395218002813	McGill0006
-0.176470588235081	0	0.689395218002813	0.689451476793249	McGill0006
-0.11764705882356	0	0.689451476793249	0.690295358649789	McGill0006
-0.235294117646602	0	0.690295358649789	0.690801687763713	McGill0006
-0.294117647058641	0	0.690801687763713	0.692658227848101	McGill0006
-0.235294117646602	0	0.692658227848101	0.693052039381153	McGill0006
-0.176470588235081	0	0.693052039381153	0.69592123769339	McGill0006
-0.0588235294115208	0	0.69592123769339	0.696371308016878	McGill0006
-0.0588235294115208	0	0.69760900140647	0.699803094233474	McGill0006
-0.176470588235081	0	0.699803094233474	0.701997187060478	McGill0006
-0.0588235294115208	0	0.701997187060478	0.702616033755274	McGill0006
-0.11764705882356	0	0.702616033755274	0.703178621659634	McGill0006
-0.176470588235081	0	0.703178621659634	0.70351617440225	McGill0006
-0.235294117646602	0	0.70351617440225	0.704810126582279	McGill0006
-0.294117647058641	0	0.704810126582279	0.705203938115331	McGill0006
-0.235294117646602	0	0.705203938115331	0.705260196905767	McGill0006
-0.176470588235081	0	0.705260196905767	0.706104078762307	McGill0006
-0.235294117646602	0	0.706104078762307	0.708748241912799	McGill0006
-0.176470588235081	0	0.708748241912799	0.708804500703235	McGill0006
-0.11764705882356	0	0.708804500703235	0.709142053445851	McGill0006
-0.0588235294115208	0	0.709142053445851	0.710436005625879	McGill0006
-0.0588235294115208	0	0.711954992967651	0.7157805907173	McGill0006
-0.11764705882356	0	0.7157805907173	0.717580872011252	McGill0006
-0.0588235294115208	0	0.717580872011252	0.7214064697609	McGill0006
-0.0588235294115208	0	0.738396624472574	0.738677918424754	McGill0006
-0.11764705882356	0	0.738677918424754	0.74014064697609	McGill0006
-0.176470588235081	0	0.74014064697609	0.743966244725738	McGill0006
-0.11764705882356	0	0.743966244725738	0.744303797468354	McGill0006
-0.0588235294115208	0	0.744303797468354	0.745766526019691	McGill0006
-0.0588235294115208	0	0.747454289732771	0.751111111111111	McGill0006
-0.235294117646602	0	0.751336146272855	0.754317862165963	McGill0006
-0.294117647058641	0	0.754317862165963	0.754374120956399	McGill0006
-0.352941176470161	0	0.754374120956399	0.754599156118144	McGill0006
-0.411764705881682	0	0.754599156118144	0.755836849507736	McGill0006
-0.470588235293721	0	0.755836849507736	0.756962025316456	McGill0006
-0.294117647058641	0	0.756962025316456	0.757355836849508	McGill0006
-0.352941176470161	0	0.757355836849508	0.75746835443038	McGill0006
-0.411764705881682	0	0.75746835443038	0.75803094233474	McGill0006
-0.470588235293721	0	0.75803094233474	0.758143459915612	McGill0006
-0.529411764706797	0	0.758143459915612	0.758762306610408	McGill0006
-0.588235294115208	0	0.758762306610408	0.75887482419128	McGill0006
-0.647058823528802	0	0.75887482419128	0.75971870604782	McGill0006
-0.705882352942396	0	0.75971870604782	0.759943741209564	McGill0006
-0.588235294115208	0	0.759943741209564	0.760112517580872	McGill0006
-0.647058823528802	0	0.760112517580872	0.760168776371308	McGill0006
-0.705882352942396	0	0.760168776371308	0.760225035161744	McGill0006
-0.647058823528802	0	0.760225035161744	0.761462728551336	McGill0006
-0.588235294115208	0	0.761462728551336	0.762475386779184	McGill0006
-0.529411764706797	0	0.762475386779184	0.762981715893108	McGill0006
-0.470588235293721	0	0.762981715893108	0.763037974683544	McGill0006
-0.411764705881682	0	0.763037974683544	0.763319268635724	McGill0006
-0.470588235293721	0	0.763319268635724	0.76365682137834	McGill0006
-0.352941176470161	0	0.76365682137834	0.764050632911392	McGill0006
-0.470588235293721	0	0.764050632911392	0.764275668073136	McGill0006
-0.411764705881682	0	0.764275668073136	0.76450070323488	McGill0006
-0.352941176470161	0	0.76450070323488	0.765344585091421	McGill0006
-0.294117647058641	0	0.765344585091421	0.765738396624473	McGill0006
-0.235294117646602	0	0.765738396624473	0.765794655414909	McGill0006
-0.176470588235081	0	0.765794655414909	0.766019690576653	McGill0006
-0.235294117646602	0	0.766019690576653	0.766526019690577	McGill0006
-0.294117647058641	0	0.766526019690577	0.767201125175809	McGill0006
-0.352941176470161	0	0.767201125175809	0.767426160337553	McGill0006
-0.411764705881682	0	0.767426160337553	0.768270042194093	McGill0006
-0.470588235293721	0	0.768270042194093	0.768945147679325	McGill0006
-0.411764705881682	0	0.768945147679325	0.769676511954993	McGill0006
-0.294117647058641	0	0.769676511954993	0.770576652601969	McGill0006
-0.352941176470161	0	0.770576652601969	0.771645569620253	McGill0006
-0.294117647058641	0	0.771645569620253	0.771870604781997	McGill0006
-0.235294117646602	0	0.771870604781997	0.772827004219409	McGill0006
-0.176470588235081	0	0.772827004219409	0.773052039381153	McGill0006
-0.11764705882356	0	0.773052039381153	0.773895921237693	McGill0006
-0.0588235294115208	0	0.773895921237693	0.775189873417722	McGill0006
-0.176470588235081	0	0.775189873417722	0.775414908579466	McGill0006
-0.235294117646602	0	0.775414908579466	0.775471167369902	McGill0006
-0.294117647058641	0	0.775471167369902	0.775864978902954	McGill0006
-0.235294117646602	0	0.775864978902954	0.776315049226442	McGill0006
-0.176470588235081	0	0.776315049226442	0.776371308016878	McGill0006
-0.235294117646602	0	0.776371308016878	0.777496483825598	McGill0006
-0.294117647058641	0	0.777496483825598	0.777665260196906	McGill0006
-0.235294117646602	0	0.777665260196906	0.778396624472574	McGill0006
-0.294117647058641	0	0.778396624472574	0.780028129395218	McGill0006
-0.352941176470161	0	0.780028129395218	0.78014064697609	McGill0006
-0.411764705881682	0	0.78014064697609	0.780309423347398	McGill0006
-0.470588235293721	0	0.780309423347398	0.780478199718706	McGill0006
-0.411764705881682	0	0.780478199718706	0.780759493670886	McGill0006
-0.352941176470161	0	0.780759493670886	0.780815752461322	McGill0006
-0.294117647058641	0	0.780815752461322	0.780928270042194	McGill0006
-0.235294117646602	0	0.780928270042194	0.783122362869198	McGill0006
-0.294117647058641	0	0.783122362869198	0.784191279887482	McGill0006
-0.235294117646602	0	0.784191279887482	0.785316455696203	McGill0006
-0.11764705882356	0	0.785316455696203	0.785597749648383	McGill0006
-0.176470588235081	0	0.785597749648383	0.786610407876231	McGill0006
-0.235294117646602	0	0.786610407876231	0.786722925457103	McGill0006
-0.176470588235081	0	0.786722925457103	0.788748241912799	McGill0006
-0.11764705882356	0	0.788748241912799	0.788804500703235	McGill0006
-0.235294117646602	0	0.788804500703235	0.790436005625879	McGill0006
-0.352941176470161	0	0.790436005625879	0.790886075949367	McGill0006
-0.411764705881682	0	0.790886075949367	0.791223628691983	McGill0006
-0.352941176470161	0	0.791223628691983	0.792236286919831	McGill0006
-0.294117647058641	0	0.792236286919831	0.793248945147679	McGill0006
-0.352941176470161	0	0.793248945147679	0.794317862165964	McGill0006
-0.294117647058641	0	0.794317862165964	0.7943741209564	McGill0006
-0.235294117646602	0	0.7943741209564	0.79606188466948	McGill0006
-0.11764705882356	0	0.79606188466948	0.796511954992968	McGill0006
-0.0588235294115208	0	0.796511954992968	0.797862165963432	McGill0006
-0.11764705882356	0	0.797862165963432	0.79887482419128	McGill0006
-0.0588235294115208	0	0.79887482419128	0.799099859353024	McGill0006
-0.176470588235081	0	0.799099859353024	0.79915611814346	McGill0006
-0.411764705881682	0	0.79915611814346	0.800675105485232	McGill0006
-0.470588235293721	0	0.800675105485232	0.803488045007032	McGill0006
-0.411764705881682	0	0.803488045007032	0.804163150492265	McGill0006
-0.470588235293721	0	0.804163150492265	0.804725738396624	McGill0006
-0.294117647058641	0	0.804725738396624	0.80478199718706	McGill0006
-0.11764705882356	0	0.80478199718706	0.806300984528833	McGill0006
-0.0588235294115208	0	0.806300984528833	0.809789029535865	McGill0006
-0.0588235294115208	0	0.820253164556962	0.82267229254571	McGill0006
-0.11764705882356	0	0.82267229254571	0.823966244725738	McGill0006
-0.176470588235081	0	0.823966244725738	0.825879043600563	McGill0006
-0.11764705882356	0	0.825879043600563	0.827004219409283	McGill0006
-0.176470588235081	0	0.827004219409283	0.828298171589311	McGill0006
-0.11764705882356	0	0.828298171589311	0.829592123769339	McGill0006
-0.0588235294115208	0	0.829592123769339	0.831279887482419	McGill0006
-0.11764705882356	0	0.831279887482419	0.831617440225035	McGill0006
-0.176470588235081	0	0.831617440225035	0.832630098452883	McGill0006
-0.11764705882356	0	0.832630098452883	0.83690576652602	McGill0006
-0.0588235294115208	0	0.83690576652602	0.837243319268636	McGill0006
-0.0588235294115208	0	0.841350210970464	0.846976090014065	McGill0006
-0.0588235294115208	0	0.849845288326301	0.852601969057665	McGill0006
-0.11764705882356	0	0.852601969057665	0.85535864978903	McGill0006
-0.0588235294115208	0	0.85535864978903	0.858115330520394	McGill0006
-0.0588235294115208	0	0.859915611814346	0.864697609001406	McGill0006
-0.0588235294115208	0	0.865879043600563	0.869535864978903	McGill0006
-0.11764705882356	0	0.869535864978903	0.871392405063291	McGill0006
-0.0588235294115208	0	0.871392405063291	0.8743741209564	McGill0006
-0.0588235294115208	0	0.875611814345992	0.879887482419128	McGill0006
-0.0588235294115208	0	0.884500703234881	0.888213783403657	McGill0006
-0.11764705882356	0	0.888213783403657	0.890126582278481	McGill0006
-0.0588235294115208	0	0.890126582278481	0.891251758087201	McGill0006
-0.11764705882356	0	0.891251758087201	0.891533052039381	McGill0006
-0.176470588235081	0	0.891533052039381	0.891589310829817	McGill0006
-0.235294117646602	0	0.891589310829817	0.893558368495077	McGill0006
-0.294117647058641	0	0.893558368495077	0.893839662447257	McGill0006
-0.235294117646602	0	0.893839662447257	0.894402250351618	McGill0006
-0.294117647058641	0	0.894402250351618	0.894571026722925	McGill0006
-0.352941176470161	0	0.894571026722925	0.894683544303797	McGill0006
-0.411764705881682	0	0.894683544303797	0.896877637130802	McGill0006
-0.352941176470161	0	0.896877637130802	0.897158931082982	McGill0006
-0.294117647058641	0	0.897158931082982	0.897215189873418	McGill0006
-0.235294117646602	0	0.897215189873418	0.898846694796062	McGill0006
-0.294117647058641	0	0.898846694796062	0.899127988748242	McGill0006
-0.235294117646602	0	0.899127988748242	0.899409282700422	McGill0006
-0.294117647058641	0	0.899409282700422	0.89957805907173	McGill0006
-0.352941176470161	0	0.89957805907173	0.900028129395218	McGill0006
-0.294117647058641	0	0.900028129395218	0.900196905766526	McGill0006
-0.235294117646602	0	0.900196905766526	0.904191279887482	McGill0006
-0.176470588235081	0	0.904191279887482	0.905035161744023	McGill0006
-0.11764705882356	0	0.905035161744023	0.905203938115331	McGill0006
-0.0588235294115208	0	0.905203938115331	0.907341772151899	McGill0006
-0.0588235294115208	0	0.908241912798875	0.909254571026723	McGill0006
-0.235294117646602	0	0.909254571026723	0.909423347398031	McGill0006
-0.294117647058641	0	0.909423347398031	0.910323488045007	McGill0006
-0.352941176470161	0	0.910323488045007	0.910829817158931	McGill0006
-0.411764705881682	0	0.910829817158931	0.911336146272855	McGill0006
-0.470588235293721	0	0.911336146272855	0.912348804500703	McGill0006
-0.647058823528802	0	0.912348804500703	0.913305203938115	McGill0006
-0.705882352942396	0	0.913305203938115	0.913530239099859	McGill0006
-0.647058823528802	0	0.913530239099859	0.913586497890295	McGill0006
-0.705882352942396	0	0.913586497890295	0.914317862165963	McGill0006
-0.882352941172812	0	0.914317862165963	0.914599156118143	McGill0006
-0.941176470586406	0	0.914599156118143	0.914880450070324	McGill0006
-0.764705882350807	0	0.914880450070324	0.91493670886076	McGill0006
-0.705882352942396	0	0.91493670886076	0.915949367088608	McGill0006
-0.647058823528802	0	0.915949367088608	0.916399437412096	McGill0006
-0.588235294115208	0	0.916399437412096	0.916962025316456	McGill0006
-0.529411764706797	0	0.916962025316456	0.917805907172996	McGill0006
-0.588235294115208	0	0.917805907172996	0.917862165963432	McGill0006
-0.529411764706797	0	0.917862165963432	0.917918424753868	McGill0006
-0.352941176470161	0	0.917918424753868	0.918368495077356	McGill0006
-0.294117647058641	0	0.918368495077356	0.91887482419128	McGill0006
-0.411764705881682	0	0.91887482419128	0.919943741209564	McGill0006
-0.294117647058641	0	0.919943741209564	0.920225035161744	McGill0006
-0.235294117646602	0	0.920225035161744	0.921293952180028	McGill0006
-0.294117647058641	0	0.921293952180028	0.922362869198312	McGill0006
-0.352941176470161	0	0.922362869198312	0.923431786216596	McGill0006
-0.294117647058641	0	0.923431786216596	0.92450070323488	McGill0006
-0.176470588235081	0	0.92450070323488	0.925513361462728	McGill0006
-0.11764705882356	0	0.925513361462728	0.925569620253165	McGill0006
-0.176470588235081	0	0.925569620253165	0.926919831223629	McGill0006
-0.235294117646602	0	0.926919831223629	0.926976090014065	McGill0006
-0.176470588235081	0	0.926976090014065	0.927257383966245	McGill0006
-0.235294117646602	0	0.927257383966245	0.927426160337553	McGill0006
-0.294117647058641	0	0.927426160337553	0.929338959212377	McGill0006
-0.352941176470161	0	0.929338959212377	0.931195499296765	McGill0006
-0.294117647058641	0	0.931195499296765	0.931645569620253	McGill0006
-0.352941176470161	0	0.931645569620253	0.932545710267229	McGill0006
-0.235294117646602	0	0.932545710267229	0.932883263009845	McGill0006
-0.11764705882356	0	0.932883263009845	0.933333333333333	McGill0006
-0.176470588235081	0	0.933333333333333	0.934627285513361	McGill0006
-0.235294117646602	0	0.934627285513361	0.934964838255978	McGill0006
-0.176470588235081	0	0.934964838255978	0.935358649789029	McGill0006
-0.235294117646602	0	0.935358649789029	0.937271448663854	McGill0006
-0.176470588235081	0	0.937271448663854	0.937383966244726	McGill0006
-0.235294117646602	0	0.937383966244726	0.938115330520394	McGill0006
-0.352941176470161	0	0.938115330520394	0.938509142053446	McGill0006
-0.294117647058641	0	0.938509142053446	0.939465541490858	McGill0006
-0.352941176470161	0	0.939465541490858	0.940196905766526	McGill0006
-0.294117647058641	0	0.940196905766526	0.940872011251758	McGill0006
-0.235294117646602	0	0.940872011251758	0.941378340365682	McGill0006
-0.352941176470161	0	0.941378340365682	0.943009845288326	McGill0006
-0.294117647058641	0	0.943009845288326	0.943684950773558	McGill0006
-0.235294117646602	0	0.943684950773558	0.943741209563994	McGill0006
-0.176470588235081	0	0.943741209563994	0.944810126582279	McGill0006
-0.235294117646602	0	0.944810126582279	0.944866385372715	McGill0006
-0.176470588235081	0	0.944866385372715	0.945935302390999	McGill0006
-0.235294117646602	0	0.945935302390999	0.946047819971871	McGill0006
-0.294117647058641	0	0.946047819971871	0.946722925457103	McGill0006
-0.235294117646602	0	0.946722925457103	0.946835443037975	McGill0006
-0.294117647058641	0	0.946835443037975	0.948129395218003	McGill0006
-0.352941176470161	0	0.948129395218003	0.948185654008439	McGill0006
-0.470588235293721	0	0.948185654008439	0.948298171589311	McGill0006
-0.529411764706797	0	0.948298171589311	0.949142053445851	McGill0006
-0.588235294115208	0	0.949142053445851	0.950436005625879	McGill0006
-0.529411764706797	0	0.950436005625879	0.950604781997187	McGill0006
-0.764705882350807	0	0.950604781997187	0.950998593530239	McGill0006
-0.823529411764401	0	0.950998593530239	0.951279887482419	McGill0006
-0.941176470586406	0	0.951279887482419	0.951561181434599	McGill0006
-0.823529411764401	0	0.951561181434599	0.952461322081575	McGill0006
-0.764705882350807	0	0.952461322081575	0.952517580872011	McGill0006
-1	0	0.952517580872011	0.952630098452883	McGill0006
-0.941176470586406	0	0.952630098452883	0.953755274261603	McGill0006
-0.823529411764401	0	0.953755274261603	0.953811533052039	McGill0006
-0.705882352942396	0	0.953811533052039	0.954767932489452	McGill0006
-0.647058823528802	0	0.954767932489452	0.956230661040788	McGill0006
-0.411764705881682	0	0.956230661040788	0.95662447257384	McGill0006
-0.352941176470161	0	0.95662447257384	0.95690576652602	McGill0006
-0.235294117646602	0	0.95690576652602	0.957693389592124	McGill0006
-0.294117647058641	0	0.957693389592124	0.958143459915612	McGill0006
-0.0588235294115208	0	0.958143459915612	0.962981715893108	McGill0006
-0.11764705882356	0	0.962981715893108	0.963319268635724	McGill0006
-0.0588235294115208	0	0.963319268635724	0.96337552742616	McGill0006
-0.11764705882356	0	0.96337552742616	0.964556962025316	McGill0006
-0.0588235294115208	0	0.964556962025316	0.967369901547117	McGill0006
-0.11764705882356	0	0.967369901547117	0.968607594936709	McGill0006
-0.0588235294115208	0	0.968607594936709	0.968663853727145	McGill0006
-0.11764705882356	0	0.968663853727145	0.972995780590717	McGill0006
-0.0588235294115208	0	0.972995780590717	0.974289732770745	McGill0006
-0.0588235294115208	0	0.982559774964838	0.990379746835443	McGill0006
-0.11764705882356	0	0.990379746835443	0.990773558368495	McGill0006
-0.176470588235081	0	0.990773558368495	0.992348804500703	McGill0006
-0.235294117646602	0	0.992348804500703	0.993811533052039	McGill0006
-0.176470588235081	0	0.993811533052039	0.993924050632911	McGill0006
-0.235294117646602	0	0.993924050632911	0.9957805907173	McGill0006
-0.294117647058641	0	0.9957805907173	0.996005625879044	McGill0006
-0.235294117646602	0	0.996005625879044	0.99606188466948	McGill0006
-0.176470588235081	0	0.99606188466948	0.9971870604782	McGill0006
-0.235294117646602	0	0.9971870604782	0.997355836849508	McGill0006
-0.294117647058641	0	0.997355836849508	0.997412095639944	McGill0006
-0.352941176470161	0	0.997412095639944	0.997974683544304	McGill0006
-0.294117647058641	0	0.997974683544304	0.999549929676512	McGill0006
-0.0555555562092975	0	0.000450070323488045	0.00146272855133615	McGill0007
-0.11111111241899	0	0.00146272855133615	0.00320675105485232	McGill0007
-0.166666674511964	0	0.00320675105485232	0.00506329113924051	McGill0007
-0.222222224837585	0	0.00506329113924051	0.00607594936708861	McGill0007
-0.166666674511964	0	0.00607594936708861	0.0069760900140647	McGill0007
-0.11111111241899	0	0.0069760900140647	0.00793248945147679	McGill0007
-0.166666674511964	0	0.00793248945147679	0.00883263009845288	McGill0007
-0.11111111241899	0	0.00883263009845288	0.010295358649789	McGill0007
-0.166666674511964	0	0.010295358649789	0.0106891701828411	McGill0007
-0.11111111241899	0	0.0106891701828411	0.0109142053445851	McGill0007
-0.166666674511964	0	0.0109142053445851	0.0109704641350211	McGill0007
-0.222222224837585	0	0.0109704641350211	0.0124894514767933	McGill0007
-0.277777775163205	0	0.0124894514767933	0.0130520393811533	McGill0007
-0.222222224837585	0	0.0130520393811533	0.0133333333333333	McGill0007
-0.277777775163205	0	0.0133333333333333	0.0135583684950774	McGill0007
-0.333333349023928	0	0.0135583684950774	0.0157524613220816	McGill0007
-0.277777775163205	0	0.0157524613220816	0.0158087201125176	McGill0007
-0.333333349023928	0	0.0158087201125176	0.0164838255977496	McGill0007
-0.222222224837585	0	0.0164838255977496	0.0181153305203938	McGill0007
-0.166666674511964	0	0.0181153305203938	0.0189592123769339	McGill0007
-0.11111111241899	0	0.0189592123769339	0.0191842475386779	McGill0007
-0.0555555562092975	0	0.0191842475386779	0.0213783403656821	McGill0007
-0.11111111241899	0	0.0213783403656821	0.0214345991561181	McGill0007
-0.0555555562092975	0	0.0214345991561181	0.0226160337552743	McGill0007
-0.11111111241899	0	0.0226160337552743	0.0249226441631505	McGill0007
-0.222222224837585	0	0.0249226441631505	0.0261040787623066	McGill0007
-0.277777775163205	0	0.0261040787623066	0.0270042194092827	McGill0007
-0.222222224837585	0	0.0270042194092827	0.0278481012658228	McGill0007
-0.277777775163205	0	0.0278481012658228	0.0282419127988748	McGill0007
-0.222222224837585	0	0.0282419127988748	0.0289170182841069	McGill0007
-0.333333349023928	0	0.0289170182841069	0.0305485232067511	McGill0007
-0.222222224837585	0	0.0305485232067511	0.0316174402250352	McGill0007
-0.166666674511964	0	0.0316174402250352	0.0334177215189873	McGill0007
-0.11111111241899	0	0.0334177215189873	0.0345428973277075	McGill0007
-0.0555555562092975	0	0.0526019690576653	0.0542334739803094	McGill0007
-0.11111111241899	0	0.0542334739803094	0.0558087201125176	McGill0007
-0.166666674511964	0	0.0558087201125176	0.0571026722925457	McGill0007
-0.222222224837585	0	0.0571026722925457	0.0576652601969058	McGill0007
-0.277777775163205	0	0.0576652601969058	0.0583403656821378	McGill0007
-0.388888899349549	0	0.0583403656821378	0.0594092827004219	McGill0007
-0.44444444967359	0	0.0594092827004219	0.059803094233474	McGill0007
-0.388888899349549	0	0.059803094233474	0.0614345991561182	McGill0007
-0.333333349023928	0	0.0614345991561182	0.0622222222222222	McGill0007
-0.388888899349549	0	0.0622222222222222	0.0627285513361463	McGill0007
-0.333333349023928	0	0.0627285513361463	0.0632348804500703	McGill0007
-0.277777775163205	0	0.0632348804500703	0.0638537271448664	McGill0007
-0.222222224837585	0	0.0638537271448664	0.0639662447257384	McGill0007
-0.11111111241899	0	0.0639662447257384	0.0649226441631505	McGill0007
-0.166666674511964	0	0.0649226441631505	0.0650351617440225	McGill0007
-0.11111111241899	0	0.0650351617440225	0.0666104078762307	McGill0007
-0.166666674511964	0	0.0666104078762307	0.0676793248945148	McGill0007
-0.11111111241899	0	0.0676793248945148	0.0692545710267229	McGill0007
-0.166666674511964	0	0.0692545710267229	0.0705485232067511	McGill0007
-0.11111111241899	0	0.0705485232067511	0.0722362869198312	McGill0007
-0.0555555562092975	0	0.0722362869198312	0.0725175808720113	McGill0007
-0.11111111241899	0	0.0725175808720113	0.0748804500703235	McGill0007
-0.0555555562092975	0	0.0748804500703235	0.0780309423347398	McGill0007
-0.0555555562092975	0	0.0806188466947961	0.0828129395218003	McGill0007
-0.11111111241899	0	0.0828129395218003	0.0862447257383966	McGill0007
-0.0555555562092975	0	0.0862447257383966	0.0884388185654009	McGill0007
-0.0555555562092975	0	0.108691983122363	0.111786216596343	McGill0007
-0.11111111241899	0	0.111786216596343	0.114317862165963	McGill0007
-0.0555555562092975	0	0.114317862165963	0.117130801687764	McGill0007
-0.11111111241899	0	0.117130801687764	0.117355836849508	McGill0007
-0.0555555562092975	0	0.117355836849508	0.117412095639944	McGill0007
-0.11111111241899	0	0.117412095639944	0.118199718706048	McGill0007
-0.166666674511964	0	0.118199718706048	0.12168776371308	McGill0007
-0.222222224837585	0	0.12168776371308	0.122587904360056	McGill0007
-0.11111111241899	0	0.122587904360056	0.123600562587904	McGill0007
-0.0555555562092975	0	0.123600562587904	0.127144866385373	McGill0007
-0.0555555562092975	0	0.169395218002813	0.170295358649789	McGill0007
-0.166666674511964	0	0.170295358649789	0.173052039381153	McGill0007
-0.222222224837585	0	0.173052039381153	0.173895921237693	McGill0007
-0.333333349023928	0	0.173895921237693	0.174796061884669	McGill0007
-0.277777775163205	0	0.174796061884669	0.175864978902954	McGill0007
-0.222222224837585	0	0.175864978902954	0.17592123769339	McGill0007
-0.166666674511964	0	0.17592123769339	0.176315049226442	McGill0007
-0.222222224837585	0	0.176315049226442	0.176596343178622	McGill0007
-0.277777775163205	0	0.176596343178622	0.178340365682138	McGill0007
-0.333333349023928	0	0.178340365682138	0.178677918424754	McGill0007
-0.277777775163205	0	0.178677918424754	0.179521800281294	McGill0007
-0.166666674511964	0	0.179521800281294	0.180478199718706	McGill0007
-0.222222224837585	0	0.180478199718706	0.181715893108298	McGill0007
-0.277777775163205	0	0.181715893108298	0.181772151898734	McGill0007
-0.333333349023928	0	0.181772151898734	0.181940928270042	McGill0007
-0.277777775163205	0	0.181940928270042	0.182222222222222	McGill0007
-0.222222224837585	0	0.182222222222222	0.182503516174402	McGill0007
-0.277777775163205	0	0.182503516174402	0.183909985935302	McGill0007
-0.222222224837585	0	0.183909985935302	0.185372714486639	McGill0007
-0.166666674511964	0	0.185372714486639	0.187285513361463	McGill0007
-0.11111111241899	0	0.187285513361463	0.187341772151899	McGill0007
-0.0555555562092975	0	0.187341772151899	0.188129395218003	McGill0007
-0.0555555562092975	0	0.188354430379747	0.192855133614627	McGill0007
-0.0555555562092975	0	0.194711673699015	0.19887482419128	McGill0007
-0.11111111241899	0	0.19887482419128	0.200337552742616	McGill0007
-0.0555555562092975	0	0.200337552742616	0.201462728551336	McGill0007
-0.11111111241899	0	0.201462728551336	0.206357243319269	McGill0007
-0.0555555562092975	0	0.206357243319269	0.207088607594937	McGill0007
-0.0555555562092975	0	0.215471167369902	0.219521800281294	McGill0007
-0.11111111241899	0	0.219521800281294	0.221097046413502	McGill0007
-0.0555555562092975	0	0.221097046413502	0.224753867791843	McGill0007
-0.0555555562092975	0	0.230323488045007	0.232292545710267	McGill0007
-0.11111111241899	0	0.232292545710267	0.233867791842475	McGill0007
-0.166666674511964	0	0.233867791842475	0.235443037974684	McGill0007
-0.222222224837585	0	0.235443037974684	0.235949367088608	McGill0007
-0.166666674511964	0	0.235949367088608	0.23634317862166	McGill0007
-0.222222224837585	0	0.23634317862166	0.237918424753868	McGill0007
-0.166666674511964	0	0.237918424753868	0.23831223628692	McGill0007
-0.222222224837585	0	0.23831223628692	0.23943741209564	McGill0007
-0.166666674511964	0	0.23943741209564	0.240112517580872	McGill0007
-0.222222224837585	0	0.240112517580872	0.241068917018284	McGill0007
-0.166666674511964	0	0.241068917018284	0.24196905766526	McGill0007
-0.11111111241899	0	0.24196905766526	0.24393811533052	McGill0007
-0.0555555562092975	0	0.24393811533052	0.246863572433193	McGill0007
-0.11111111241899	0	0.246863572433193	0.249957805907173	McGill0007
-0.166666674511964	0	0.249957805907173	0.250801687763713	McGill0007
-0.11111111241899	0	0.250801687763713	0.252489451476793	McGill0007
-0.0555555562092975	0	0.252489451476793	0.252827004219409	McGill0007
-0.11111111241899	0	0.252827004219409	0.255527426160338	McGill0007
-0.0555555562092975	0	0.255527426160338	0.256708860759494	McGill0007
-0.11111111241899	0	0.256708860759494	0.25845288326301	McGill0007
-0.0555555562092975	0	0.25845288326301	0.260872011251758	McGill0007
-0.11111111241899	0	0.260872011251758	0.262334739803094	McGill0007
-0.166666674511964	0	0.262334739803094	0.266497890295359	McGill0007
-0.11111111241899	0	0.266497890295359	0.267623066104079	McGill0007
-0.0555555562092975	0	0.267623066104079	0.267960618846695	McGill0007
-0.0555555562092975	0	0.268579465541491	0.268635724331927	McGill0007
-0.11111111241899	0	0.268635724331927	0.268804500703235	McGill0007
-0.166666674511964	0	0.268804500703235	0.274205344585091	McGill0007
-0.11111111241899	0	0.274205344585091	0.274261603375527	McGill0007
-0.0555555562092975	0	0.287482419127989	0.291364275668073	McGill0007
-0.166666674511964	0	0.291364275668073	0.296933895921238	McGill0007
-0.11111111241899	0	0.296933895921238	0.296990154711674	McGill0007
-0.0555555562092975	0	0.296990154711674	0.298509142053446	McGill0007
-0.11111111241899	0	0.29873417721519	0.30098452883263	McGill0007
-0.166666674511964	0	0.30098452883263	0.30379746835443	McGill0007
-0.222222224837585	0	0.30379746835443	0.30436005625879	McGill0007
-0.11111111241899	0	0.30436005625879	0.306610407876231	McGill0007
-0.0555555562092975	0	0.306610407876231	0.309423347398031	McGill0007
-0.0555555562092975	0	0.314430379746836	0.315105485232067	McGill0007
-0.11111111241899	0	0.315105485232067	0.31887482419128	McGill0007
-0.166666674511964	0	0.31887482419128	0.320056258790436	McGill0007
-0.11111111241899	0	0.320056258790436	0.320731364275668	McGill0007
-0.0555555562092975	0	0.320731364275668	0.322475386779184	McGill0007
-0.11111111241899	0	0.322475386779184	0.3228129395218	McGill0007
-0.166666674511964	0	0.3228129395218	0.324050632911392	McGill0007
-0.277777775163205	0	0.324050632911392	0.324444444444444	McGill0007
-0.222222224837585	0	0.324444444444444	0.326807313642757	McGill0007
-0.388888899349549	0	0.326807313642757	0.326863572433193	McGill0007
-0.44444444967359	0	0.326863572433193	0.326919831223629	McGill0007
-0.500000000001974	0	0.326919831223629	0.328101265822785	McGill0007
-0.44444444967359	0	0.328101265822785	0.328438818565401	McGill0007
-0.388888899349549	0	0.328438818565401	0.328551336146273	McGill0007
-0.44444444967359	0	0.328551336146273	0.329057665260197	McGill0007
-0.55555555032641	0	0.329057665260197	0.329113924050633	McGill0007
-0.611111147721052	0	0.329113924050633	0.329620253164557	McGill0007
-0.55555555032641	0	0.329620253164557	0.329676511954993	McGill0007
-0.500000000001974	0	0.329676511954993	0.330070323488045	McGill0007
-0.55555555032641	0	0.330070323488045	0.330801687763713	McGill0007
-0.611111147721052	0	0.330801687763713	0.331308016877637	McGill0007
-0.55555555032641	0	0.331308016877637	0.332264416315049	McGill0007
-0.500000000001974	0	0.332264416315049	0.332320675105485	McGill0007
-0.55555555032641	0	0.332320675105485	0.332433192686357	McGill0007
-0.500000000001974	0	0.332433192686357	0.332489451476793	McGill0007
-0.388888899349549	0	0.332489451476793	0.332995780590717	McGill0007
-0.44444444967359	0	0.332995780590717	0.334177215189873	McGill0007
-0.388888899349549	0	0.334177215189873	0.334289732770745	McGill0007
-0.44444444967359	0	0.334289732770745	0.334627285513361	McGill0007
-0.500000000001974	0	0.334627285513361	0.334683544303798	McGill0007
-0.333333349023928	0	0.334683544303798	0.335696202531646	McGill0007
-0.277777775163205	0	0.335696202531646	0.336427566807314	McGill0007
-0.222222224837585	0	0.336427566807314	0.337383966244726	McGill0007
-0.277777775163205	0	0.337383966244726	0.337721518987342	McGill0007
-0.222222224837585	0	0.337721518987342	0.337777777777778	McGill0007
-0.277777775163205	0	0.337777777777778	0.338621659634318	McGill0007
-0.222222224837585	0	0.338621659634318	0.339071729957806	McGill0007
-0.277777775163205	0	0.339071729957806	0.339521800281294	McGill0007
-0.333333349023928	0	0.339521800281294	0.339915611814346	McGill0007
-0.277777775163205	0	0.339915611814346	0.340253164556962	McGill0007
-0.222222224837585	0	0.340253164556962	0.341940928270042	McGill0007
-0.277777775163205	0	0.341940928270042	0.342616033755274	McGill0007
-0.333333349023928	0	0.342616033755274	0.343009845288326	McGill0007
-0.277777775163205	0	0.343009845288326	0.343403656821378	McGill0007
-0.222222224837585	0	0.343403656821378	0.344697609001406	McGill0007
-0.166666674511964	0	0.344697609001406	0.344753867791842	McGill0007
-0.11111111241899	0	0.344753867791842	0.347566807313643	McGill0007
-0.0555555562092975	0	0.347566807313643	0.348241912798875	McGill0007
-0.0555555562092975	0	0.350829817158931	0.351786216596343	McGill0007
-0.11111111241899	0	0.351786216596343	0.352630098452883	McGill0007
-0.166666674511964	0	0.352630098452883	0.356399437412096	McGill0007
-0.11111111241899	0	0.356399437412096	0.358255977496484	McGill0007
-0.0555555562092975	0	0.358255977496484	0.36056258790436	McGill0007
-0.11111111241899	0	0.370295358649789	0.373670886075949	McGill0007
-0.166666674511964	0	0.373670886075949	0.373839662447257	McGill0007
-0.222222224837585	0	0.373839662447257	0.374796061884669	McGill0007
-0.277777775163205	0	0.374796061884669	0.37592123769339	McGill0007
-0.166666674511964	0	0.37592123769339	0.37620253164557	McGill0007
-0.11111111241899	0	0.37620253164557	0.376258790436006	McGill0007
-0.166666674511964	0	0.376258790436006	0.377665260196906	McGill0007
-0.11111111241899	0	0.377665260196906	0.378790436005626	McGill0007
-0.0555555562092975	0	0.381490857946554	0.38210970464135	McGill0007
-0.11111111241899	0	0.38210970464135	0.383291139240506	McGill0007
-0.166666674511964	0	0.383291139240506	0.386947960618847	McGill0007
-0.222222224837585	0	0.386947960618847	0.387116736990155	McGill0007
-0.166666674511964	0	0.387116736990155	0.387960618846695	McGill0007
-0.11111111241899	0	0.387960618846695	0.388073136427567	McGill0007
-0.222222224837585	0	0.388073136427567	0.388579465541491	McGill0007
-0.277777775163205	0	0.388579465541491	0.389085794655415	McGill0007
-0.333333349023928	0	0.389085794655415	0.392573839662447	McGill0007
-0.277777775163205	0	0.392573839662447	0.393192686357243	McGill0007
-0.333333349023928	0	0.393192686357243	0.393305203938115	McGill0007
-0.277777775163205	0	0.393305203938115	0.393699015471167	McGill0007
-0.166666674511964	0	0.393699015471167	0.394711673699016	McGill0007
-0.11111111241899	0	0.394711673699016	0.39549929676512	McGill0007
-0.166666674511964	0	0.39549929676512	0.398255977496484	McGill0007
-0.222222224837585	0	0.398255977496484	0.398706047819972	McGill0007
-0.166666674511964	0	0.398706047819972	0.399493670886076	McGill0007
-0.11111111241899	0	0.399493670886076	0.40112517580872	McGill0007
-0.0555555562092975	0	0.40112517580872	0.403769338959212	McGill0007
-0.0555555562092975	0	0.406526019690577	0.410632911392405	McGill0007
-0.11111111241899	0	0.410632911392405	0.411926863572433	McGill0007
-0.166666674511964	0	0.411926863572433	0.412151898734177	McGill0007
-0.11111111241899	0	0.412151898734177	0.412376933895921	McGill0007
-0.277777775163205	0	0.412376933895921	0.413277074542897	McGill0007
-0.333333349023928	0	0.413277074542897	0.416258790436006	McGill0007
-0.277777775163205	0	0.416258790436006	0.418002812939522	McGill0007
-0.0555555562092975	0	0.418002812939522	0.420028129395218	McGill0007
-0.0555555562092975	0	0.424866385372714	0.428016877637131	McGill0007
-0.11111111241899	0	0.428016877637131	0.429142053445851	McGill0007
-0.166666674511964	0	0.429142053445851	0.430492264416315	McGill0007
-0.11111111241899	0	0.430492264416315	0.432967651195499	McGill0007
-0.166666674511964	0	0.432967651195499	0.433642756680731	McGill0007
-0.11111111241899	0	0.433642756680731	0.434767932489452	McGill0007
-0.0555555562092975	0	0.434767932489452	0.4385935302391	McGill0007
-0.0555555562092975	0	0.493052039381153	0.494120956399437	McGill0007
-0.11111111241899	0	0.494120956399437	0.494908579465542	McGill0007
-0.166666674511964	0	0.494908579465542	0.496315049226442	McGill0007
-0.222222224837585	0	0.496315049226442	0.497102672292546	McGill0007
-0.277777775163205	0	0.497102672292546	0.498621659634318	McGill0007
-0.222222224837585	0	0.498621659634318	0.499690576652602	McGill0007
-0.166666674511964	0	0.499690576652602	0.500534458509142	McGill0007
-0.11111111241899	0	0.500534458509142	0.500590717299578	McGill0007
-0.166666674511964	0	0.500590717299578	0.501940928270042	McGill0007
-0.11111111241899	0	0.501940928270042	0.502728551336146	McGill0007
-0.0555555562092975	0	0.502728551336146	0.502897327707454	McGill0007
-0.11111111241899	0	0.502897327707454	0.505428973277075	McGill0007
-0.0555555562092975	0	0.505428973277075	0.506835443037975	McGill0007
-0.11111111241899	0	0.506835443037975	0.508241912798875	McGill0007
-0.166666674511964	0	0.508241912798875	0.510210970464135	McGill0007
-0.11111111241899	0	0.510210970464135	0.512461322081575	McGill0007
-0.0555555562092975	0	0.512461322081575	0.513867791842475	McGill0007
-0.0555555562092975	0	0.518537271448664	0.523600562587904	McGill0007
-0.11111111241899	0	0.523600562587904	0.524163150492264	McGill0007
-0.0555555562092975	0	0.524163150492264	0.529226441631505	McGill0007
-0.0555555562092975	0	0.530182841068917	0.530801687763713	McGill0007
-0.11111111241899	0	0.530801687763713	0.531589310829817	McGill0007
-0.166666674511964	0	0.531589310829817	0.534683544303798	McGill0007
-0.222222224837585	0	0.534683544303798	0.535808720112518	McGill0007
-0.166666674511964	0	0.535808720112518	0.536427566807314	McGill0007
-0.11111111241899	0	0.536427566807314	0.537215189873418	McGill0007
-0.0555555562092975	0	0.537215189873418	0.540309423347398	McGill0007
-0.0555555562092975	0	0.541997187060478	0.546160337552743	McGill0007
-0.11111111241899	0	0.546160337552743	0.546497890295359	McGill0007
-0.166666674511964	0	0.546497890295359	0.547398030942335	McGill0007
-0.222222224837585	0	0.547398030942335	0.547623066104079	McGill0007
-0.166666674511964	0	0.547623066104079	0.551786216596343	McGill0007
-0.11111111241899	0	0.551786216596343	0.552011251758087	McGill0007
-0.0555555562092975	0	0.552011251758087	0.553023909985935	McGill0007
-0.166666674511964	0	0.559268635724332	0.559943741209564	McGill0007
-0.277777775163205	0	0.559943741209564	0.560056258790436	McGill0007
-0.333333349023928	0	0.560056258790436	0.563431786216596	McGill0007
-0.388888899349549	0	0.563431786216596	0.564894514767933	McGill0007
-0.222222224837585	0	0.564894514767933	0.565569620253165	McGill0007
-0.0555555562092975	0	0.565569620253165	0.567144866385373	McGill0007
-0.11111111241899	0	0.567144866385373	0.567876230661041	McGill0007
-0.166666674511964	0	0.567876230661041	0.568551336146273	McGill0007
-0.222222224837585	0	0.568551336146273	0.570914205344585	McGill0007
-0.277777775163205	0	0.570914205344585	0.571026722925457	McGill0007
-0.222222224837585	0	0.571026722925457	0.572714486638537	McGill0007
-0.166666674511964	0	0.572714486638537	0.573333333333333	McGill0007
-0.11111111241899	0	0.573333333333333	0.573783403656821	McGill0007
-0.166666674511964	0	0.573783403656821	0.574120956399437	McGill0007
-0.11111111241899	0	0.574120956399437	0.574683544303797	McGill0007
-0.166666674511964	0	0.574683544303797	0.575864978902954	McGill0007
-0.222222224837585	0	0.575864978902954	0.576090014064698	McGill0007
-0.277777775163205	0	0.576090014064698	0.576540084388186	McGill0007
-0.222222224837585	0	0.576540084388186	0.579409282700422	McGill0007
-0.166666674511964	0	0.579409282700422	0.580309423347398	McGill0007
-0.11111111241899	0	0.580309423347398	0.581490857946554	McGill0007
-0.0555555562092975	0	0.581490857946554	0.581715893108298	McGill0007
-0.0555555562092975	0	0.582334739803094	0.582503516174402	McGill0007
-0.11111111241899	0	0.582503516174402	0.583403656821378	McGill0007
-0.166666674511964	0	0.583403656821378	0.58407876230661	McGill0007
-0.222222224837585	0	0.58407876230661	0.585654008438819	McGill0007
-0.277777775163205	0	0.585654008438819	0.587848101265823	McGill0007
-0.222222224837585	0	0.587848101265823	0.588973277074543	McGill0007
-0.277777775163205	0	0.588973277074543	0.589029535864979	McGill0007
-0.222222224837585	0	0.589029535864979	0.589198312236287	McGill0007
-0.277777775163205	0	0.589198312236287	0.589704641350211	McGill0007
-0.222222224837585	0	0.589704641350211	0.590323488045007	McGill0007
-0.166666674511964	0	0.590323488045007	0.590379746835443	McGill0007
-0.222222224837585	0	0.590379746835443	0.590604781997187	McGill0007
-0.277777775163205	0	0.590604781997187	0.590829817158931	McGill0007
-0.333333349023928	0	0.590829817158931	0.591842475386779	McGill0007
-0.277777775163205	0	0.591842475386779	0.591898734177215	McGill0007
-0.333333349023928	0	0.591898734177215	0.593642756680731	McGill0007
-0.277777775163205	0	0.593642756680731	0.593755274261603	McGill0007
-0.222222224837585	0	0.593755274261603	0.594036568213783	McGill0007
-0.166666674511964	0	0.594036568213783	0.595949367088608	McGill0007
-0.222222224837585	0	0.595949367088608	0.596005625879044	McGill0007
-0.166666674511964	0	0.596005625879044	0.596174402250352	McGill0007
-0.222222224837585	0	0.596174402250352	0.597524613220816	McGill0007
-0.166666674511964	0	0.597524613220816	0.597580872011252	McGill0007
-0.222222224837585	0	0.597580872011252	0.598255977496484	McGill0007
-0.277777775163205	0	0.598255977496484	0.599268635724332	McGill0007
-0.222222224837585	0	0.599268635724332	0.60056258790436	McGill0007
-0.277777775163205	0	0.60056258790436	0.601575246132208	McGill0007
-0.222222224837585	0	0.601575246132208	0.601800281293952	McGill0007
-0.166666674511964	0	0.601800281293952	0.601912798874824	McGill0007
-0.222222224837585	0	0.601912798874824	0.603206751054852	McGill0007
-0.166666674511964	0	0.603206751054852	0.603825597749648	McGill0007
-0.11111111241899	0	0.603825597749648	0.604894514767933	McGill0007
-0.166666674511964	0	0.604894514767933	0.605344585091421	McGill0007
-0.222222224837585	0	0.605344585091421	0.606188466947961	McGill0007
-0.166666674511964	0	0.606188466947961	0.606807313642757	McGill0007
-0.277777775163205	0	0.606807313642757	0.607538677918425	McGill0007
-0.222222224837585	0	0.607538677918425	0.609226441631505	McGill0007
-0.277777775163205	0	0.609226441631505	0.610520393811533	McGill0007
-0.222222224837585	0	0.610520393811533	0.610576652601969	McGill0007
-0.277777775163205	0	0.610576652601969	0.610970464135021	McGill0007
-0.222222224837585	0	0.610970464135021	0.611251758087201	McGill0007
-0.333333349023928	0	0.611251758087201	0.612433192686357	McGill0007
-0.222222224837585	0	0.612433192686357	0.612545710267229	McGill0007
-0.277777775163205	0	0.612545710267229	0.614739803094234	McGill0007
-0.222222224837585	0	0.614739803094234	0.61620253164557	McGill0007
-0.166666674511964	0	0.61620253164557	0.616877637130802	McGill0007
-0.0555555562092975	0	0.616877637130802	0.617271448663854	McGill0007
-0.11111111241899	0	0.617271448663854	0.61817158931083	McGill0007
-0.0555555562092975	0	0.61817158931083	0.621040787623066	McGill0007
-0.0555555562092975	0	0.623628691983122	0.624303797468354	McGill0007
-0.11111111241899	0	0.624303797468354	0.624697609001407	McGill0007
-0.222222224837585	0	0.624697609001407	0.625822784810127	McGill0007
-0.333333349023928	0	0.625822784810127	0.628298171589311	McGill0007
-0.388888899349549	0	0.628298171589311	0.629254571026723	McGill0007
-0.333333349023928	0	0.629254571026723	0.630323488045007	McGill0007
-0.222222224837585	0	0.630323488045007	0.631448663853727	McGill0007
-0.11111111241899	0	0.631448663853727	0.631561181434599	McGill0007
-0.166666674511964	0	0.631561181434599	0.631786216596343	McGill0007
-0.222222224837585	0	0.631786216596343	0.633023909985935	McGill0007
-0.166666674511964	0	0.633023909985935	0.633755274261603	McGill0007
-0.222222224837585	0	0.633755274261603	0.633867791842476	McGill0007
-0.166666674511964	0	0.633867791842476	0.636399437412096	McGill0007
-0.222222224837585	0	0.636399437412096	0.6371870604782	McGill0007
-0.166666674511964	0	0.6371870604782	0.637243319268636	McGill0007
-0.222222224837585	0	0.637243319268636	0.637412095639944	McGill0007
-0.166666674511964	0	0.637412095639944	0.639268635724332	McGill0007
-0.11111111241899	0	0.639268635724332	0.639662447257384	McGill0007
-0.222222224837585	0	0.639662447257384	0.639887482419128	McGill0007
-0.277777775163205	0	0.639887482419128	0.642025316455696	McGill0007
-0.222222224837585	0	0.642025316455696	0.644163150492265	McGill0007
-0.277777775163205	0	0.644163150492265	0.644838255977497	McGill0007
-0.222222224837585	0	0.644838255977497	0.645288326300985	McGill0007
-0.11111111241899	0	0.645288326300985	0.645513361462729	McGill0007
-0.0555555562092975	0	0.645513361462729	0.646638537271449	McGill0007
-0.11111111241899	0	0.646638537271449	0.647032348804501	McGill0007
-0.222222224837585	0	0.647032348804501	0.649789029535865	McGill0007
-0.166666674511964	0	0.649789029535865	0.650801687763713	McGill0007
-0.222222224837585	0	0.650801687763713	0.652264416315049	McGill0007
-0.166666674511964	0	0.652264416315049	0.652545710267229	McGill0007
-0.222222224837585	0	0.652545710267229	0.652658227848101	McGill0007
-0.11111111241899	0	0.652658227848101	0.656427566807314	McGill0007
-0.0555555562092975	0	0.656427566807314	0.65817158931083	McGill0007
-0.0555555562092975	0	0.667623066104079	0.668073136427567	McGill0007
-0.11111111241899	0	0.668073136427567	0.670661040787623	McGill0007
-0.166666674511964	0	0.670661040787623	0.673136427566807	McGill0007
-0.11111111241899	0	0.673136427566807	0.675386779184248	McGill0007
-0.222222224837585	0	0.675386779184248	0.676174402250352	McGill0007
-0.166666674511964	0	0.676174402250352	0.676736990154712	McGill0007
-0.11111111241899	0	0.676736990154712	0.676849507735584	McGill0007
-0.166666674511964	0	0.676849507735584	0.67690576652602	McGill0007
-0.222222224837585	0	0.67690576652602	0.681012658227848	McGill0007
-0.11111111241899	0	0.681012658227848	0.682475386779184	McGill0007
-0.0555555562092975	0	0.68365682137834	0.685963431786217	McGill0007
-0.11111111241899	0	0.685963431786217	0.687763713080169	McGill0007
-0.166666674511964	0	0.687763713080169	0.687988748241913	McGill0007
-0.222222224837585	0	0.687988748241913	0.688157524613221	McGill0007
-0.277777775163205	0	0.688157524613221	0.688945147679325	McGill0007
-0.222222224837585	0	0.688945147679325	0.689057665260197	McGill0007
-0.277777775163205	0	0.689057665260197	0.691533052039381	McGill0007
-0.222222224837585	0	0.691533052039381	0.691758087201125	McGill0007
-0.277777775163205	0	0.691758087201125	0.693389592123769	McGill0007
-0.222222224837585	0	0.693389592123769	0.693558368495077	McGill0007
-0.166666674511964	0	0.693558368495077	0.693614627285513	McGill0007
-0.11111111241899	0	0.693614627285513	0.693783403656821	McGill0007
-0.0555555562092975	0	0.693783403656821	0.69395218002813	McGill0007
-0.11111111241899	0	0.69395218002813	0.694683544303797	McGill0007
-0.0555555562092975	0	0.694683544303797	0.69535864978903	McGill0007
-0.11111111241899	0	0.69535864978903	0.695471167369902	McGill0007
-0.166666674511964	0	0.695471167369902	0.698396624472574	McGill0007
-0.11111111241899	0	0.698396624472574	0.698790436005626	McGill0007
-0.166666674511964	0	0.698790436005626	0.69957805907173	McGill0007
-0.11111111241899	0	0.69957805907173	0.701997187060478	McGill0007
-0.0555555562092975	0	0.701997187060478	0.70239099859353	McGill0007
-0.11111111241899	0	0.70239099859353	0.702559774964838	McGill0007
-0.166666674511964	0	0.702559774964838	0.703009845288326	McGill0007
-0.222222224837585	0	0.703009845288326	0.704528832630099	McGill0007
-0.277777775163205	0	0.704528832630099	0.704866385372715	McGill0007
-0.222222224837585	0	0.704866385372715	0.705372714486639	McGill0007
-0.166666674511964	0	0.705372714486639	0.705710267229255	McGill0007
-0.222222224837585	0	0.705710267229255	0.705879043600563	McGill0007
-0.277777775163205	0	0.705879043600563	0.708016877637131	McGill0007
-0.166666674511964	0	0.708016877637131	0.708804500703235	McGill0007
-0.222222224837585	0	0.708804500703235	0.710154711673699	McGill0007
-0.166666674511964	0	0.710154711673699	0.711336146272855	McGill0007
-0.11111111241899	0	0.711336146272855	0.711448663853727	McGill0007
-0.0555555562092975	0	0.711448663853727	0.712573839662447	McGill0007
-0.0555555562092975	0	0.714599156118144	0.7171870604782	McGill0007
-0.11111111241899	0	0.7171870604782	0.717580872011252	McGill0007
-0.166666674511964	0	0.717580872011252	0.71915611814346	McGill0007
-0.222222224837585	0	0.71915611814346	0.719831223628692	McGill0007
-0.166666674511964	0	0.719831223628692	0.721856540084388	McGill0007
-0.222222224837585	0	0.721856540084388	0.722419127988748	McGill0007
-0.166666674511964	0	0.722419127988748	0.7228129395218	McGill0007
-0.11111111241899	0	0.7228129395218	0.724163150492264	McGill0007
-0.166666674511964	0	0.724163150492264	0.724781997187061	McGill0007
-0.11111111241899	0	0.724781997187061	0.727426160337553	McGill0007
-0.0555555562092975	0	0.727426160337553	0.729282700421941	McGill0007
-0.11111111241899	0	0.729282700421941	0.729789029535865	McGill0007
-0.0555555562092975	0	0.729789029535865	0.731420534458509	McGill0007
-0.11111111241899	0	0.731420534458509	0.73451476793249	McGill0007
-0.166666674511964	0	0.73451476793249	0.734908579465541	McGill0007
-0.11111111241899	0	0.734908579465541	0.735696202531646	McGill0007
-0.0555555562092975	0	0.735696202531646	0.73732770745429	McGill0007
-0.11111111241899	0	0.73732770745429	0.738677918424754	McGill0007
-0.166666674511964	0	0.738677918424754	0.739184247538678	McGill0007
-0.222222224837585	0	0.739184247538678	0.74014064697609	McGill0007
-0.166666674511964	0	0.74014064697609	0.740196905766526	McGill0007
-0.11111111241899	0	0.740196905766526	0.740815752461322	McGill0007
-0.166666674511964	0	0.740815752461322	0.742222222222222	McGill0007
-0.222222224837585	0	0.742222222222222	0.743628691983122	McGill0007
-0.333333349023928	0	0.743628691983122	0.744303797468354	McGill0007
-0.277777775163205	0	0.744303797468354	0.744810126582279	McGill0007
-0.222222224837585	0	0.744810126582279	0.746441631504923	McGill0007
-0.166666674511964	0	0.746441631504923	0.747116736990155	McGill0007
-0.222222224837585	0	0.747116736990155	0.747848101265823	McGill0007
-0.166666674511964	0	0.747848101265823	0.749254571026723	McGill0007
-0.0555555562092975	0	0.749254571026723	0.750717299578059	McGill0007
-0.11111111241899	0	0.750717299578059	0.752686357243319	McGill0007
-0.166666674511964	0	0.752686357243319	0.752742616033755	McGill0007
-0.11111111241899	0	0.752742616033755	0.75634317862166	McGill0007
-0.0555555562092975	0	0.75634317862166	0.75831223628692	McGill0007
-0.0555555562092975	0	0.758649789029536	0.759043600562588	McGill0007
-0.11111111241899	0	0.759043600562588	0.759381153305204	McGill0007
-0.166666674511964	0	0.759381153305204	0.760618846694796	McGill0007
-0.222222224837585	0	0.760618846694796	0.761744022503516	McGill0007
-0.277777775163205	0	0.761744022503516	0.763319268635724	McGill0007
-0.333333349023928	0	0.763319268635724	0.763544303797468	McGill0007
-0.388888899349549	0	0.763544303797468	0.763994374120956	McGill0007
-0.44444444967359	0	0.763994374120956	0.764275668073136	McGill0007
-0.388888899349549	0	0.764275668073136	0.764613220815753	McGill0007
-0.44444444967359	0	0.764613220815753	0.764669479606189	McGill0007
-0.388888899349549	0	0.764669479606189	0.764950773558368	McGill0007
-0.333333349023928	0	0.764950773558368	0.766244725738397	McGill0007
-0.277777775163205	0	0.766244725738397	0.766863572433193	McGill0007
-0.222222224837585	0	0.766863572433193	0.767369901547117	McGill0007
-0.166666674511964	0	0.767369901547117	0.767651195499297	McGill0007
-0.222222224837585	0	0.767651195499297	0.768382559774965	McGill0007
-0.277777775163205	0	0.768382559774965	0.769113924050633	McGill0007
-0.222222224837585	0	0.769113924050633	0.769620253164557	McGill0007
-0.166666674511964	0	0.769620253164557	0.770239099859353	McGill0007
-0.11111111241899	0	0.770239099859353	0.770801687763713	McGill0007
-0.0555555562092975	0	0.770801687763713	0.771195499296765	McGill0007
-0.11111111241899	0	0.771195499296765	0.774008438818565	McGill0007
-0.0555555562092975	0	0.774008438818565	0.774458509142054	McGill0007
-0.11111111241899	0	0.774458509142054	0.77676511954993	McGill0007
-0.0555555562092975	0	0.77676511954993	0.779184247538678	McGill0007
-0.11111111241899	0	0.779184247538678	0.779915611814346	McGill0007
-0.0555555562092975	0	0.779915611814346	0.779971870604782	McGill0007
-0.11111111241899	0	0.779971870604782	0.781040787623066	McGill0007
-0.0555555562092975	0	0.781040787623066	0.78351617440225	McGill0007
-0.0555555562092975	0	0.785203938115331	0.786835443037975	McGill0007
-0.11111111241899	0	0.786835443037975	0.790661040787623	McGill0007
-0.0555555562092975	0	0.790661040787623	0.790773558368495	McGill0007
-0.11111111241899	0	0.790773558368495	0.791673699015471	McGill0007
-0.166666674511964	0	0.791673699015471	0.796174402250352	McGill0007
-0.222222224837585	0	0.796174402250352	0.796399437412096	McGill0007
-0.11111111241899	0	0.796399437412096	0.796736990154712	McGill0007
-0.0555555562092975	0	0.796736990154712	0.797299578059072	McGill0007
-0.11111111241899	0	0.797299578059072	0.801012658227848	McGill0007
-0.0555555562092975	0	0.815808720112518	0.816877637130802	McGill0007
-0.11111111241899	0	0.816877637130802	0.817777777777778	McGill0007
-0.0555555562092975	0	0.817777777777778	0.822447257383966	McGill0007
-0.0555555562092975	0	0.82295358649789	0.823741209563994	McGill0007
-0.11111111241899	0	0.823741209563994	0.825147679324895	McGill0007
-0.166666674511964	0	0.825147679324895	0.828579465541491	McGill0007
-0.11111111241899	0	0.828579465541491	0.829367088607595	McGill0007
-0.0555555562092975	0	0.829367088607595	0.830323488045007	McGill0007
-0.166666674511964	0	0.830323488045007	0.830773558368495	McGill0007
-0.11111111241899	0	0.830773558368495	0.830942334739803	McGill0007
-0.166666674511964	0	0.830942334739803	0.830998593530239	McGill0007
-0.222222224837585	0	0.830998593530239	0.835836849507736	McGill0007
-0.166666674511964	0	0.835836849507736	0.835893108298172	McGill0007
-0.11111111241899	0	0.835893108298172	0.836568213783404	McGill0007
-0.0555555562092975	0	0.883994374120956	0.884106891701828	McGill0007
-0.11111111241899	0	0.884106891701828	0.888495077355837	McGill0007
-0.166666674511964	0	0.888495077355837	0.889451476793249	McGill0007
-0.222222224837585	0	0.889451476793249	0.889620253164557	McGill0007
-0.166666674511964	0	0.889620253164557	0.889732770745429	McGill0007
-0.11111111241899	0	0.889732770745429	0.890070323488045	McGill0007
-0.166666674511964	0	0.890070323488045	0.893839662447257	McGill0007
-0.222222224837585	0	0.893839662447257	0.894008438818565	McGill0007
-0.277777775163205	0	0.894008438818565	0.894120956399437	McGill0007
-0.222222224837585	0	0.894120956399437	0.894852320675106	McGill0007
-0.277777775163205	0	0.894852320675106	0.895021097046414	McGill0007
-0.222222224837585	0	0.895021097046414	0.895696202531646	McGill0007
-0.166666674511964	0	0.895696202531646	0.896146272855134	McGill0007
-0.277777775163205	0	0.896146272855134	0.89676511954993	McGill0007
-0.333333349023928	0	0.89676511954993	0.897946554149086	McGill0007
-0.44444444967359	0	0.897946554149086	0.89817158931083	McGill0007
-0.500000000001974	0	0.89817158931083	0.898677918424754	McGill0007
-0.55555555032641	0	0.898677918424754	0.898846694796062	McGill0007
-0.611111147721052	0	0.898846694796062	0.899184247538678	McGill0007
-0.666666698049436	0	0.899184247538678	0.899465541490858	McGill0007
-0.611111147721052	0	0.899465541490858	0.899634317862166	McGill0007
-0.55555555032641	0	0.899634317862166	0.900478199718706	McGill0007
-0.500000000001974	0	0.900478199718706	0.900928270042194	McGill0007
-0.55555555032641	0	0.900928270042194	0.90098452883263	McGill0007
-0.611111147721052	0	0.90098452883263	0.901434599156118	McGill0007
-0.666666698049436	0	0.901434599156118	0.901715893108298	McGill0007
-0.611111147721052	0	0.901715893108298	0.901772151898734	McGill0007
-0.55555555032641	0	0.901772151898734	0.90239099859353	McGill0007
-0.500000000001974	0	0.90239099859353	0.902447257383966	McGill0007
-0.55555555032641	0	0.902447257383966	0.903347398030942	McGill0007
-0.611111147721052	0	0.903347398030942	0.903572433192686	McGill0007
-0.500000000001974	0	0.903572433192686	0.90379746835443	McGill0007
-0.44444444967359	0	0.90379746835443	0.904191279887482	McGill0007
-0.500000000001974	0	0.904191279887482	0.904247538677918	McGill0007
-0.44444444967359	0	0.904247538677918	0.90436005625879	McGill0007
-0.388888899349549	0	0.90436005625879	0.904697609001406	McGill0007
-0.333333349023928	0	0.904697609001406	0.904978902953587	McGill0007
-0.277777775163205	0	0.904978902953587	0.905316455696203	McGill0007
-0.333333349023928	0	0.905316455696203	0.906554149085795	McGill0007
-0.277777775163205	0	0.906554149085795	0.907060478199719	McGill0007
-0.222222224837585	0	0.907060478199719	0.907172995780591	McGill0007
-0.277777775163205	0	0.907172995780591	0.907454289732771	McGill0007
-0.388888899349549	0	0.907454289732771	0.908073136427567	McGill0007
-0.333333349023928	0	0.908073136427567	0.908466947960619	McGill0007
-0.277777775163205	0	0.908466947960619	0.908579465541491	McGill0007
-0.333333349023928	0	0.908579465541491	0.908917018284107	McGill0007
-0.277777775163205	0	0.908917018284107	0.909142053445851	McGill0007
-0.333333349023928	0	0.909142053445851	0.909310829817159	McGill0007
-0.388888899349549	0	0.909310829817159	0.909367088607595	McGill0007
-0.44444444967359	0	0.909367088607595	0.909817158931083	McGill0007
-0.388888899349549	0	0.909817158931083	0.910548523206751	McGill0007
-0.44444444967359	0	0.910548523206751	0.910717299578059	McGill0007
-0.500000000001974	0	0.910717299578059	0.911054852320675	McGill0007
-0.55555555032641	0	0.911054852320675	0.911167369901547	McGill0007
-0.611111147721052	0	0.911167369901547	0.911279887482419	McGill0007
-0.722222248373872	0	0.911279887482419	0.911561181434599	McGill0007
-0.777777798698308	0	0.911561181434599	0.912123769338959	McGill0007
-0.83333339609295	0	0.912123769338959	0.912180028129395	McGill0007
-0.888888899351128	0	0.912180028129395	0.912348804500703	McGill0007
-0.94444449674577	0	0.912348804500703	0.912405063291139	McGill0007
-1	0	0.912405063291139	0.912798874824191	McGill0007
-0.888888899351128	0	0.912798874824191	0.912911392405063	McGill0007
-0.94444449674577	0	0.912911392405063	0.913080168776371	McGill0007
-0.888888899351128	0	0.913080168776371	0.913361462728551	McGill0007
-1	0	0.913361462728551	0.913980309423347	McGill0007
-0.94444449674577	0	0.913980309423347	0.914205344585091	McGill0007
-0.888888899351128	0	0.914205344585091	0.914767932489451	McGill0007
-0.83333339609295	0	0.914767932489451	0.914992967651196	McGill0007
-0.777777798698308	0	0.914992967651196	0.915161744022503	McGill0007
-0.722222248373872	0	0.915161744022503	0.915668073136428	McGill0007
-0.777777798698308	0	0.915668073136428	0.916005625879044	McGill0007
-0.722222248373872	0	0.916005625879044	0.916511954992968	McGill0007
-0.611111147721052	0	0.916511954992968	0.91690576652602	McGill0007
-0.500000000001974	0	0.91690576652602	0.917637130801688	McGill0007
-0.55555555032641	0	0.917637130801688	0.917693389592124	McGill0007
-0.611111147721052	0	0.917693389592124	0.91774964838256	McGill0007
-0.55555555032641	0	0.91774964838256	0.917805907172996	McGill0007
-0.500000000001974	0	0.917805907172996	0.917862165963432	McGill0007
-0.44444444967359	0	0.917862165963432	0.917974683544304	McGill0007
-0.388888899349549	0	0.917974683544304	0.918199718706048	McGill0007
-0.44444444967359	0	0.918199718706048	0.918537271448664	McGill0007
-0.388888899349549	0	0.918537271448664	0.918931082981716	McGill0007
-0.333333349023928	0	0.918931082981716	0.919887482419128	McGill0007
-0.388888899349549	0	0.919887482419128	0.921293952180028	McGill0007
-0.333333349023928	0	0.921293952180028	0.921912798874824	McGill0007
-0.277777775163205	0	0.921912798874824	0.922025316455696	McGill0007
-0.333333349023928	0	0.922025316455696	0.922362869198312	McGill0007
-0.277777775163205	0	0.922362869198312	0.923206751054852	McGill0007
-0.222222224837585	0	0.923206751054852	0.923263009845288	McGill0007
-0.166666674511964	0	0.923263009845288	0.923825597749648	McGill0007
-0.11111111241899	0	0.923825597749648	0.924781997187061	McGill0007
-0.166666674511964	0	0.924781997187061	0.925513361462728	McGill0007
-0.11111111241899	0	0.925513361462728	0.926919831223629	McGill0007
-0.166666674511964	0	0.926919831223629	0.927594936708861	McGill0007
-0.11111111241899	0	0.927594936708861	0.927932489451477	McGill0007
-0.166666674511964	0	0.927932489451477	0.930351617440225	McGill0007
-0.222222224837585	0	0.930351617440225	0.930407876230661	McGill0007
-0.166666674511964	0	0.930407876230661	0.931701828410689	McGill0007
-0.11111111241899	0	0.931701828410689	0.931983122362869	McGill0007
-0.166666674511964	0	0.931983122362869	0.933333333333333	McGill0007
-0.11111111241899	0	0.933333333333333	0.933839662447257	McGill0007
-0.166666674511964	0	0.933839662447257	0.935977496483826	McGill0007
-0.11111111241899	0	0.935977496483826	0.936821378340366	McGill0007
-0.166666674511964	0	0.936821378340366	0.93760900140647	McGill0007
-0.11111111241899	0	0.93760900140647	0.939184247538678	McGill0007
-0.0555555562092975	0	0.939184247538678	0.942447257383966	McGill0007
-0.0555555562092975	0	0.944978902953587	0.945541490857947	McGill0007
-0.11111111241899	0	0.945541490857947	0.948917018284107	McGill0007
-0.166666674511964	0	0.948917018284107	0.949648382559775	McGill0007
-0.222222224837585	0	0.949648382559775	0.950604781997187	McGill0007
-0.166666674511964	0	0.950604781997187	0.951167369901547	McGill0007
-0.11111111241899	0	0.951167369901547	0.951842475386779	McGill0007
-0.166666674511964	0	0.951842475386779	0.952911392405063	McGill0007
-0.222222224837585	0	0.952911392405063	0.952967651195499	McGill0007
-0.277777775163205	0	0.952967651195499	0.953192686357243	McGill0007
-0.333333349023928	0	0.953192686357243	0.954542897327707	McGill0007
-0.277777775163205	0	0.954542897327707	0.955274261603375	McGill0007
-0.222222224837585	0	0.955274261603375	0.95606188466948	McGill0007
-0.277777775163205	0	0.95606188466948	0.957299578059072	McGill0007
-0.333333349023928	0	0.957299578059072	0.957412095639944	McGill0007
-0.277777775163205	0	0.957412095639944	0.958537271448664	McGill0007
-0.222222224837585	0	0.958537271448664	0.9585935302391	McGill0007
-0.11111111241899	0	0.9585935302391	0.961518987341772	McGill0007
-0.0555555562092975	0	0.961518987341772	0.962925457102672	McGill0007
-0.0555555562092975	0	0.980084388185654	0.98239099859353	McGill0007
-0.11111111241899	0	0.98239099859353	0.985710267229255	McGill0007
-0.0555555562092975	0	0.985710267229255	0.986385372714487	McGill0007
-0.11111111241899	0	0.986385372714487	0.988016877637131	McGill0007
-0.0555555562092975	0	0.988016877637131	0.988579465541491	McGill0007
-0.11111111241899	0	0.988579465541491	0.992011251758087	McGill0007
-0.0555555562092975	0	0.992011251758087	0.992798874824191	McGill0007
-0.11111111241899	0	0.992798874824191	0.993361462728551	McGill0007
-0.166666674511964	0	0.993361462728551	0.993755274261603	McGill0007
-0.222222224837585	0	0.993755274261603	0.994149085794655	McGill0007
-0.166666674511964	0	0.994149085794655	0.997130801687764	McGill0007
-0.222222224837585	0	0.997130801687764	0.997524613220816	McGill0007
-0.277777775163205	0	0.997524613220816	0.998424753867792	McGill0007
-0.222222224837585	0	0.998424753867792	0.998818565400844	McGill0007
-0.166666674511964	0	0.998818565400844	0.999381153305204	McGill0007
-0.055555555555579	0	5.62587904360056e-05	0.0019690576652602	McGill0008
-0.0277777777777895	0	0.0019690576652602	0.00382559774964838	McGill0008
-0.0277777777777895	0	0.010295358649789	0.0105203938115331	McGill0008
-0.055555555555579	0	0.0105203938115331	0.0159774964838256	McGill0008
-0.0277777777777895	0	0.0159774964838256	0.0171026722925457	McGill0008
-0.055555555555579	0	0.0171026722925457	0.019803094233474	McGill0008
-0.0277777777777895	0	0.019803094233474	0.0227285513361463	McGill0008
-0.0277777777777895	0	0.0322925457102672	0.0351054852320675	McGill0008
-0.055555555555579	0	0.0351054852320675	0.0379184247538678	McGill0008
-0.0277777777777895	0	0.0379184247538678	0.04028129395218	McGill0008
-0.0277777777777895	0	0.0419127988748242	0.0450632911392405	McGill0008
-0.055555555555579	0	0.0450632911392405	0.0475386779184248	McGill0008
-0.0277777777777895	0	0.0475386779184248	0.0506329113924051	McGill0008
-0.0277777777777895	0	0.0553023909985935	0.0558087201125176	McGill0008
-0.055555555555579	0	0.0558087201125176	0.0586779184247539	McGill0008
-0.0833333270380583	0	0.0586779184247539	0.0590717299578059	McGill0008
-0.111111111111158	0	0.0590717299578059	0.0609282700421941	McGill0008
-0.0833333270380583	0	0.0609282700421941	0.0613220815752461	McGill0008
-0.111111111111158	0	0.0613220815752461	0.0613783403656821	McGill0008
-0.0833333270380583	0	0.0613783403656821	0.0642475386779184	McGill0008
-0.055555555555579	0	0.0642475386779184	0.0646413502109705	McGill0008
-0.0277777777777895	0	0.0646413502109705	0.0656540084388186	McGill0008
-0.055555555555579	0	0.0656540084388186	0.0666104078762307	McGill0008
-0.0277777777777895	0	0.0666104078762307	0.0672855133614627	McGill0008
-0.055555555555579	0	0.0672855133614627	0.0691983122362869	McGill0008
-0.0833333270380583	0	0.0691983122362869	0.069479606188467	McGill0008
-0.111111111111158	0	0.069479606188467	0.0712798874824191	McGill0008
-0.0833333270380583	0	0.0712798874824191	0.0720112517580872	McGill0008
-0.111111111111158	0	0.0720112517580872	0.0726863572433193	McGill0008
-0.055555555555579	0	0.0726863572433193	0.0735302390998594	McGill0008
-0.0833333270380583	0	0.0735302390998594	0.0747679324894515	McGill0008
-0.055555555555579	0	0.0747679324894515	0.0760618846694796	McGill0008
-0.0833333270380583	0	0.0760618846694796	0.0770182841068917	McGill0008
-0.055555555555579	0	0.0770182841068917	0.0779184247538678	McGill0008
-0.0833333270380583	0	0.0779184247538678	0.0790436005625879	McGill0008
-0.055555555555579	0	0.0790436005625879	0.079943741209564	McGill0008
-0.0833333270380583	0	0.079943741209564	0.0816877637130802	McGill0008
-0.055555555555579	0	0.0816877637130802	0.0834880450070324	McGill0008
-0.0277777777777895	0	0.0834880450070324	0.0835443037974684	McGill0008
-0.0277777777777895	0	0.0907454289732771	0.0915330520393812	McGill0008
-0.055555555555579	0	0.0915330520393812	0.0918143459915612	McGill0008
-0.0833333270380583	0	0.0918143459915612	0.0920393811533052	McGill0008
-0.111111111111158	0	0.0920393811533052	0.0944585091420534	McGill0008
-0.138888888888948	0	0.0944585091420534	0.0950210970464135	McGill0008
-0.166666654076117	0	0.0950210970464135	0.0963713080168776	McGill0008
-0.138888888888948	0	0.0963713080168776	0.0971026722925457	McGill0008
-0.111111111111158	0	0.0971026722925457	0.0973277074542897	McGill0008
-0.0833333270380583	0	0.0973277074542897	0.0974964838255977	McGill0008
-0.111111111111158	0	0.0974964838255977	0.0976652601969058	McGill0008
-0.0833333270380583	0	0.0976652601969058	0.0994655414908579	McGill0008
-0.111111111111158	0	0.0994655414908579	0.100028129395218	McGill0008
-0.0833333270380583	0	0.100028129395218	0.100534458509142	McGill0008
-0.055555555555579	0	0.100534458509142	0.103122362869198	McGill0008
-0.0277777777777895	0	0.103122362869198	0.10492264416315	McGill0008
-0.0277777777777895	0	0.106441631504923	0.107004219409283	McGill0008
-0.055555555555579	0	0.107004219409283	0.107679324894515	McGill0008
-0.0833333270380583	0	0.107679324894515	0.108016877637131	McGill0008
-0.111111111111158	0	0.108016877637131	0.108691983122363	McGill0008
-0.138888888888948	0	0.108691983122363	0.110154711673699	McGill0008
-0.166666654076117	0	0.110154711673699	0.111504922644163	McGill0008
-0.138888888888948	0	0.111504922644163	0.112630098452883	McGill0008
-0.111111111111158	0	0.112630098452883	0.113080168776371	McGill0008
-0.0833333270380583	0	0.113080168776371	0.113248945147679	McGill0008
-0.055555555555579	0	0.113248945147679	0.114317862165963	McGill0008
-0.0277777777777895	0	0.114317862165963	0.115724331926864	McGill0008
-0.0277777777777895	0	0.117918424753868	0.118199718706048	McGill0008
-0.055555555555579	0	0.118199718706048	0.118762306610408	McGill0008
-0.0833333270380583	0	0.118762306610408	0.118987341772152	McGill0008
-0.111111111111158	0	0.118987341772152	0.120056258790436	McGill0008
-0.0833333270380583	0	0.120056258790436	0.120112517580872	McGill0008
-0.111111111111158	0	0.120112517580872	0.12028129395218	McGill0008
-0.138888888888948	0	0.12028129395218	0.121068917018284	McGill0008
-0.166666654076117	0	0.121068917018284	0.123544303797468	McGill0008
-0.138888888888948	0	0.123544303797468	0.123825597749648	McGill0008
-0.111111111111158	0	0.123825597749648	0.124050632911392	McGill0008
-0.0833333270380583	0	0.124050632911392	0.124613220815752	McGill0008
-0.055555555555579	0	0.124613220815752	0.125007032348805	McGill0008
-0.0833333270380583	0	0.125007032348805	0.125513361462729	McGill0008
-0.111111111111158	0	0.125513361462729	0.125850914205345	McGill0008
-0.0833333270380583	0	0.125850914205345	0.125907172995781	McGill0008
-0.111111111111158	0	0.125907172995781	0.125963431786217	McGill0008
-0.0833333270380583	0	0.125963431786217	0.126019690576653	McGill0008
-0.111111111111158	0	0.126019690576653	0.127707454289733	McGill0008
-0.138888888888948	0	0.127707454289733	0.128663853727145	McGill0008
-0.166666654076117	0	0.128663853727145	0.129338959212377	McGill0008
-0.194444431853906	0	0.129338959212377	0.129845288326301	McGill0008
-0.166666654076117	0	0.129845288326301	0.130182841068917	McGill0008
-0.138888888888948	0	0.130182841068917	0.131139240506329	McGill0008
-0.111111111111158	0	0.131139240506329	0.131251758087201	McGill0008
-0.166666654076117	0	0.131251758087201	0.132095639943741	McGill0008
-0.194444431853906	0	0.132095639943741	0.132376933895921	McGill0008
-0.222222222223161	0	0.132376933895921	0.132939521800281	McGill0008
-0.194444431853906	0	0.132939521800281	0.134064697609001	McGill0008
-0.222222222223161	0	0.134064697609001	0.134177215189873	McGill0008
-0.194444431853906	0	0.134177215189873	0.134852320675106	McGill0008
-0.138888888888948	0	0.134852320675106	0.135583684950774	McGill0008
-0.166666654076117	0	0.135583684950774	0.136652601969058	McGill0008
-0.194444431853906	0	0.136652601969058	0.136708860759494	McGill0008
-0.166666654076117	0	0.136708860759494	0.136877637130802	McGill0008
-0.138888888888948	0	0.136877637130802	0.137665260196906	McGill0008
-0.111111111111158	0	0.137665260196906	0.138902953586498	McGill0008
-0.138888888888948	0	0.138902953586498	0.13957805907173	McGill0008
-0.111111111111158	0	0.13957805907173	0.141209563994374	McGill0008
-0.0833333270380583	0	0.141209563994374	0.14154711673699	McGill0008
-0.111111111111158	0	0.14154711673699	0.142222222222222	McGill0008
-0.0833333270380583	0	0.142222222222222	0.143459915611814	McGill0008
-0.055555555555579	0	0.143459915611814	0.144472573839662	McGill0008
-0.0277777777777895	0	0.144472573839662	0.147004219409283	McGill0008
-0.0277777777777895	0	0.147341772151899	0.150942334739803	McGill0008
-0.055555555555579	0	0.150942334739803	0.152967651195499	McGill0008
-0.0277777777777895	0	0.152967651195499	0.156568213783404	McGill0008
-0.0277777777777895	0	0.161575246132208	0.16393811533052	McGill0008
-0.055555555555579	0	0.16393811533052	0.166919831223629	McGill0008
-0.0833333270380583	0	0.166919831223629	0.167201125175809	McGill0008
-0.055555555555579	0	0.167201125175809	0.167538677918425	McGill0008
-0.0833333270380583	0	0.167538677918425	0.169338959212377	McGill0008
-0.055555555555579	0	0.169338959212377	0.172545710267229	McGill0008
-0.0277777777777895	0	0.172545710267229	0.173108298171589	McGill0008
-0.0277777777777895	0	0.176258790436006	0.178509142053446	McGill0008
-0.055555555555579	0	0.178509142053446	0.180646976090014	McGill0008
-0.0277777777777895	0	0.180646976090014	0.181097046413502	McGill0008
-0.055555555555579	0	0.181097046413502	0.182447257383966	McGill0008
-0.0833333270380583	0	0.182447257383966	0.183966244725738	McGill0008
-0.055555555555579	0	0.183966244725738	0.185147679324895	McGill0008
-0.0833333270380583	0	0.185147679324895	0.186047819971871	McGill0008
-0.111111111111158	0	0.186047819971871	0.187229254571027	McGill0008
-0.138888888888948	0	0.187229254571027	0.187848101265823	McGill0008
-0.111111111111158	0	0.187848101265823	0.188804500703235	McGill0008
-0.138888888888948	0	0.188804500703235	0.189310829817159	McGill0008
-0.166666654076117	0	0.189310829817159	0.190042194092827	McGill0008
-0.138888888888948	0	0.190042194092827	0.191673699015471	McGill0008
-0.111111111111158	0	0.191673699015471	0.192123769338959	McGill0008
-0.0833333270380583	0	0.192123769338959	0.192855133614627	McGill0008
-0.055555555555579	0	0.192855133614627	0.193023909985935	McGill0008
-0.0833333270380583	0	0.193023909985935	0.194374120956399	McGill0008
-0.055555555555579	0	0.194374120956399	0.19493670886076	McGill0008
-0.0277777777777895	0	0.19493670886076	0.204050632911392	McGill0008
-0.055555555555579	0	0.204050632911392	0.2042194092827	McGill0008
-0.0277777777777895	0	0.2042194092827	0.205963431786217	McGill0008
-0.055555555555579	0	0.205963431786217	0.206300984528833	McGill0008
-0.0833333270380583	0	0.206300984528833	0.207538677918425	McGill0008
-0.111111111111158	0	0.207538677918425	0.207651195499297	McGill0008
-0.0833333270380583	0	0.207651195499297	0.208157524613221	McGill0008
-0.111111111111158	0	0.208157524613221	0.209001406469761	McGill0008
-0.138888888888948	0	0.209001406469761	0.211589310829817	McGill0008
-0.111111111111158	0	0.211589310829817	0.211814345991561	McGill0008
-0.0833333270380583	0	0.211814345991561	0.213108298171589	McGill0008
-0.055555555555579	0	0.213108298171589	0.213727144866385	McGill0008
-0.0277777777777895	0	0.213727144866385	0.214345991561181	McGill0008
-0.0277777777777895	0	0.225541490857947	0.226104078762307	McGill0008
-0.055555555555579	0	0.226104078762307	0.228129395218003	McGill0008
-0.0833333270380583	0	0.228129395218003	0.231167369901547	McGill0008
-0.055555555555579	0	0.231167369901547	0.231673699015471	McGill0008
-0.0277777777777895	0	0.231673699015471	0.233586497890295	McGill0008
-0.055555555555579	0	0.233586497890295	0.234655414908579	McGill0008
-0.0833333270380583	0	0.234655414908579	0.236455696202532	McGill0008
-0.111111111111158	0	0.236455696202532	0.237355836849508	McGill0008
-0.138888888888948	0	0.237355836849508	0.237862165963432	McGill0008
-0.166666654076117	0	0.237862165963432	0.238481012658228	McGill0008
-0.194444431853906	0	0.238481012658228	0.239043600562588	McGill0008
-0.166666654076117	0	0.239043600562588	0.23915611814346	McGill0008
-0.138888888888948	0	0.23915611814346	0.239212376933896	McGill0008
-0.166666654076117	0	0.239212376933896	0.24	McGill0008
-0.138888888888948	0	0.24	0.242081575246132	McGill0008
-0.111111111111158	0	0.242081575246132	0.242925457102672	McGill0008
-0.138888888888948	0	0.242925457102672	0.242981715893108	McGill0008
-0.111111111111158	0	0.242981715893108	0.243431786216596	McGill0008
-0.0833333270380583	0	0.243431786216596	0.244781997187061	McGill0008
-0.055555555555579	0	0.244781997187061	0.245738396624473	McGill0008
-0.0833333270380583	0	0.245738396624473	0.248495077355837	McGill0008
-0.055555555555579	0	0.248495077355837	0.249620253164557	McGill0008
-0.0277777777777895	0	0.249620253164557	0.251364275668073	McGill0008
-0.0277777777777895	0	0.252376933895921	0.256371308016878	McGill0008
-0.055555555555579	0	0.256371308016878	0.257946554149086	McGill0008
-0.0277777777777895	0	0.257946554149086	0.261940928270042	McGill0008
-0.0277777777777895	0	0.270267229254571	0.275893108298172	McGill0008
-0.0277777777777895	0	0.278368495077356	0.280675105485232	McGill0008
-0.0277777777777895	0	0.281575246132208	0.283713080168776	McGill0008
-0.055555555555579	0	0.283713080168776	0.286919831223629	McGill0008
-0.0277777777777895	0	0.286919831223629	0.289282700421941	McGill0008
-0.0277777777777895	0	0.294458509142053	0.29957805907173	McGill0008
-0.055555555555579	0	0.29957805907173	0.299690576652602	McGill0008
-0.0277777777777895	0	0.299690576652602	0.299803094233474	McGill0008
-0.055555555555579	0	0.299803094233474	0.303684950773558	McGill0008
-0.0833333270380583	0	0.303684950773558	0.304810126582278	McGill0008
-0.055555555555579	0	0.304810126582278	0.305091420534459	McGill0008
-0.0277777777777895	0	0.305091420534459	0.310154711673699	McGill0008
-0.055555555555579	0	0.310154711673699	0.314430379746836	McGill0008
-0.0833333270380583	0	0.314430379746836	0.314880450070324	McGill0008
-0.055555555555579	0	0.314880450070324	0.32	McGill0008
-0.0277777777777895	0	0.32	0.320731364275668	McGill0008
-0.055555555555579	0	0.320731364275668	0.321350210970464	McGill0008
-0.0277777777777895	0	0.321350210970464	0.323206751054852	McGill0008
-0.055555555555579	0	0.323206751054852	0.325232067510549	McGill0008
-0.0277777777777895	0	0.325232067510549	0.326244725738397	McGill0008
-0.055555555555579	0	0.326244725738397	0.328382559774965	McGill0008
-0.0833333270380583	0	0.328382559774965	0.328832630098453	McGill0008
-0.055555555555579	0	0.328832630098453	0.331814345991561	McGill0008
-0.0277777777777895	0	0.331814345991561	0.334008438818565	McGill0008
-0.0277777777777895	0	0.34014064697609	0.345654008438819	McGill0008
-0.0277777777777895	0	0.346047819971871	0.351673699015471	McGill0008
-0.0277777777777895	0	0.357580872011252	0.359099859353024	McGill0008
-0.055555555555579	0	0.359099859353024	0.362081575246132	McGill0008
-0.0833333270380583	0	0.362081575246132	0.363206751054852	McGill0008
-0.055555555555579	0	0.363206751054852	0.364388185654008	McGill0008
-0.0277777777777895	0	0.364388185654008	0.367651195499297	McGill0008
-0.0277777777777895	0	0.370520393811533	0.375527426160338	McGill0008
-0.055555555555579	0	0.375527426160338	0.376146272855134	McGill0008
-0.0277777777777895	0	0.376146272855134	0.378902953586498	McGill0008
-0.0277777777777895	0	0.380872011251758	0.384247538677918	McGill0008
-0.055555555555579	0	0.384247538677918	0.386441631504923	McGill0008
-0.0277777777777895	0	0.386441631504923	0.387679324894515	McGill0008
-0.055555555555579	0	0.387679324894515	0.389704641350211	McGill0008
-0.0277777777777895	0	0.389704641350211	0.391392405063291	McGill0008
-0.055555555555579	0	0.391392405063291	0.392798874824191	McGill0008
-0.0833333270380583	0	0.392798874824191	0.393248945147679	McGill0008
-0.055555555555579	0	0.393248945147679	0.397018284106892	McGill0008
-0.0277777777777895	0	0.397018284106892	0.398424753867792	McGill0008
-0.0277777777777895	0	0.400675105485232	0.40084388185654	McGill0008
-0.055555555555579	0	0.40084388185654	0.403037974683544	McGill0008
-0.0833333270380583	0	0.403037974683544	0.405963431786217	McGill0008
-0.055555555555579	0	0.405963431786217	0.406019690576653	McGill0008
-0.0833333270380583	0	0.406019690576653	0.406244725738397	McGill0008
-0.055555555555579	0	0.406244725738397	0.407876230661041	McGill0008
-0.0833333270380583	0	0.407876230661041	0.408551336146273	McGill0008
-0.055555555555579	0	0.408551336146273	0.411420534458509	McGill0008
-0.0277777777777895	0	0.411420534458509	0.413333333333333	McGill0008
-0.0277777777777895	0	0.413783403656821	0.41535864978903	McGill0008
-0.055555555555579	0	0.41535864978903	0.415583684950774	McGill0008
-0.0833333270380583	0	0.415583684950774	0.419409282700422	McGill0008
-0.055555555555579	0	0.419409282700422	0.419746835443038	McGill0008
-0.0833333270380583	0	0.419746835443038	0.420928270042194	McGill0008
-0.055555555555579	0	0.420928270042194	0.42098452883263	McGill0008
-0.0833333270380583	0	0.42098452883263	0.421209563994374	McGill0008
-0.055555555555579	0	0.421209563994374	0.42295358649789	McGill0008
-0.0833333270380583	0	0.42295358649789	0.424022503516174	McGill0008
-0.111111111111158	0	0.424022503516174	0.424416315049226	McGill0008
-0.138888888888948	0	0.424416315049226	0.425372714486639	McGill0008
-0.111111111111158	0	0.425372714486639	0.426610407876231	McGill0008
-0.0833333270380583	0	0.426610407876231	0.426722925457103	McGill0008
-0.111111111111158	0	0.426722925457103	0.428410689170183	McGill0008
-0.0833333270380583	0	0.428410689170183	0.429592123769339	McGill0008
-0.055555555555579	0	0.429592123769339	0.430042194092827	McGill0008
-0.0277777777777895	0	0.430042194092827	0.431561181434599	McGill0008
-0.055555555555579	0	0.431561181434599	0.432180028129395	McGill0008
-0.0277777777777895	0	0.432180028129395	0.435443037974684	McGill0008
-0.055555555555579	0	0.435443037974684	0.4371870604782	McGill0008
-0.0277777777777895	0	0.4371870604782	0.43887482419128	McGill0008
-0.055555555555579	0	0.43887482419128	0.441012658227848	McGill0008
-0.0277777777777895	0	0.441012658227848	0.441237693389592	McGill0008
-0.055555555555579	0	0.441237693389592	0.444331926863572	McGill0008
-0.0277777777777895	0	0.444331926863572	0.445007032348805	McGill0008
-0.055555555555579	0	0.445007032348805	0.445344585091421	McGill0008
-0.0833333270380583	0	0.445344585091421	0.446638537271449	McGill0008
-0.111111111111158	0	0.446638537271449	0.446694796061885	McGill0008
-0.0833333270380583	0	0.446694796061885	0.448663853727145	McGill0008
-0.055555555555579	0	0.448663853727145	0.450914205344585	McGill0008
-0.0277777777777895	0	0.450914205344585	0.451251758087201	McGill0008
-0.055555555555579	0	0.451251758087201	0.452208157524613	McGill0008
-0.0277777777777895	0	0.452208157524613	0.453895921237693	McGill0008
-0.0277777777777895	0	0.454964838255978	0.46042194092827	McGill0008
-0.055555555555579	0	0.46042194092827	0.460590717299578	McGill0008
-0.0277777777777895	0	0.460590717299578	0.46351617440225	McGill0008
-0.055555555555579	0	0.46351617440225	0.465822784810127	McGill0008
-0.0277777777777895	0	0.465822784810127	0.466104078762307	McGill0008
-0.055555555555579	0	0.466104078762307	0.467060478199719	McGill0008
-0.0833333270380583	0	0.467060478199719	0.467566807313643	McGill0008
-0.055555555555579	0	0.467566807313643	0.470323488045007	McGill0008
-0.0277777777777895	0	0.470323488045007	0.470661040787623	McGill0008
-0.055555555555579	0	0.470661040787623	0.471504922644163	McGill0008
-0.0277777777777895	0	0.471504922644163	0.473136427566807	McGill0008
-0.055555555555579	0	0.473136427566807	0.476174402250352	McGill0008
-0.0277777777777895	0	0.476174402250352	0.478762306610408	McGill0008
-0.0277777777777895	0	0.486582278481013	0.490182841068917	McGill0008
-0.055555555555579	0	0.490182841068917	0.492095639943741	McGill0008
-0.0277777777777895	0	0.492095639943741	0.495752461322082	McGill0008
-0.0277777777777895	0	0.506329113924051	0.510042194092827	McGill0008
-0.055555555555579	0	0.510042194092827	0.510548523206751	McGill0008
-0.0833333270380583	0	0.510548523206751	0.511954992967651	McGill0008
-0.055555555555579	0	0.511954992967651	0.515668073136428	McGill0008
-0.0277777777777895	0	0.515668073136428	0.516174402250352	McGill0008
-0.0277777777777895	0	0.5171870604782	0.522756680731364	McGill0008
-0.0277777777777895	0	0.533670886075949	0.533839662447257	McGill0008
-0.055555555555579	0	0.533839662447257	0.538002812939522	McGill0008
-0.0833333270380583	0	0.538002812939522	0.539240506329114	McGill0008
-0.055555555555579	0	0.539240506329114	0.541772151898734	McGill0008
-0.0833333270380583	0	0.541772151898734	0.541997187060478	McGill0008
-0.055555555555579	0	0.541997187060478	0.542278481012658	McGill0008
-0.0833333270380583	0	0.542278481012658	0.542841068917018	McGill0008
-0.111111111111158	0	0.542841068917018	0.543572433192686	McGill0008
-0.0833333270380583	0	0.543572433192686	0.544697609001407	McGill0008
-0.111111111111158	0	0.544697609001407	0.545597749648383	McGill0008
-0.138888888888948	0	0.545597749648383	0.546554149085795	McGill0008
-0.166666654076117	0	0.546554149085795	0.547848101265823	McGill0008
-0.138888888888948	0	0.547848101265823	0.548466947960619	McGill0008
-0.111111111111158	0	0.548466947960619	0.548804500703235	McGill0008
-0.0833333270380583	0	0.548804500703235	0.549142053445851	McGill0008
-0.111111111111158	0	0.549142053445851	0.550323488045007	McGill0008
-0.0833333270380583	0	0.550323488045007	0.550998593530239	McGill0008
-0.111111111111158	0	0.550998593530239	0.551223628691983	McGill0008
-0.0833333270380583	0	0.551223628691983	0.552180028129395	McGill0008
-0.055555555555579	0	0.552180028129395	0.552798874824191	McGill0008
-0.0833333270380583	0	0.552798874824191	0.554430379746835	McGill0008
-0.111111111111158	0	0.554430379746835	0.554767932489451	McGill0008
-0.0833333270380583	0	0.554767932489451	0.55662447257384	McGill0008
-0.055555555555579	0	0.55662447257384	0.556793248945148	McGill0008
-0.0833333270380583	0	0.556793248945148	0.55831223628692	McGill0008
-0.055555555555579	0	0.55831223628692	0.560056258790436	McGill0008
-0.0277777777777895	0	0.560056258790436	0.562362869198312	McGill0008
-0.0277777777777895	0	0.563037974683544	0.564444444444444	McGill0008
-0.055555555555579	0	0.564444444444444	0.568663853727145	McGill0008
-0.0277777777777895	0	0.568663853727145	0.569732770745429	McGill0008
-0.0277777777777895	0	0.570126582278481	0.570239099859353	McGill0008
-0.055555555555579	0	0.570239099859353	0.575696202531646	McGill0008
-0.0277777777777895	0	0.575696202531646	0.575752461322082	McGill0008
-0.0277777777777895	0	0.57592123769339	0.576371308016878	McGill0008
-0.055555555555579	0	0.576371308016878	0.580534458509142	McGill0008
-0.0833333270380583	0	0.580534458509142	0.581490857946554	McGill0008
-0.055555555555579	0	0.581490857946554	0.581997187060478	McGill0008
-0.0277777777777895	0	0.581997187060478	0.586104078762307	McGill0008
-0.0277777777777895	0	0.586497890295359	0.587004219409283	McGill0008
-0.055555555555579	0	0.587004219409283	0.589254571026723	McGill0008
-0.0833333270380583	0	0.589254571026723	0.589873417721519	McGill0008
-0.055555555555579	0	0.589873417721519	0.591842475386779	McGill0008
-0.0277777777777895	0	0.591842475386779	0.594542897327708	McGill0008
-0.0277777777777895	0	0.596455696202532	0.596849507735584	McGill0008
-0.055555555555579	0	0.596849507735584	0.598481012658228	McGill0008
-0.0833333270380583	0	0.598481012658228	0.59915611814346	McGill0008
-0.111111111111158	0	0.59915611814346	0.602025316455696	McGill0008
-0.0833333270380583	0	0.602025316455696	0.602419127988748	McGill0008
-0.055555555555579	0	0.602419127988748	0.603431786216596	McGill0008
-0.0833333270380583	0	0.603431786216596	0.603938115330521	McGill0008
-0.055555555555579	0	0.603938115330521	0.604781997187061	McGill0008
-0.0277777777777895	0	0.604781997187061	0.605569620253165	McGill0008
-0.055555555555579	0	0.605569620253165	0.606357243319269	McGill0008
-0.0833333270380583	0	0.606357243319269	0.607763713080169	McGill0008
-0.111111111111158	0	0.607763713080169	0.608945147679325	McGill0008
-0.0833333270380583	0	0.608945147679325	0.609732770745429	McGill0008
-0.111111111111158	0	0.609732770745429	0.610182841068917	McGill0008
-0.138888888888948	0	0.610182841068917	0.611082981715893	McGill0008
-0.111111111111158	0	0.611082981715893	0.611701828410689	McGill0008
-0.138888888888948	0	0.611701828410689	0.611870604781997	McGill0008
-0.111111111111158	0	0.611870604781997	0.613389592123769	McGill0008
-0.0833333270380583	0	0.613389592123769	0.615696202531646	McGill0008
-0.055555555555579	0	0.615696202531646	0.617215189873418	McGill0008
-0.0277777777777895	0	0.617215189873418	0.617383966244726	McGill0008
-0.055555555555579	0	0.617383966244726	0.618396624472574	McGill0008
-0.0833333270380583	0	0.618396624472574	0.620028129395218	McGill0008
-0.111111111111158	0	0.620028129395218	0.620196905766526	McGill0008
-0.138888888888948	0	0.620196905766526	0.620872011251758	McGill0008
-0.111111111111158	0	0.620872011251758	0.621097046413502	McGill0008
-0.0833333270380583	0	0.621097046413502	0.62126582278481	McGill0008
-0.055555555555579	0	0.62126582278481	0.622447257383966	McGill0008
-0.0833333270380583	0	0.622447257383966	0.623459915611814	McGill0008
-0.055555555555579	0	0.623459915611814	0.625541490857947	McGill0008
-0.0277777777777895	0	0.625541490857947	0.628073136427567	McGill0008
-0.0277777777777895	0	0.63662447257384	0.641744022503516	McGill0008
-0.055555555555579	0	0.641744022503516	0.64225035161744	McGill0008
-0.0277777777777895	0	0.64225035161744	0.642925457102672	McGill0008
-0.055555555555579	0	0.642925457102672	0.644556962025316	McGill0008
-0.0833333270380583	0	0.644556962025316	0.646357243319269	McGill0008
-0.111111111111158	0	0.646357243319269	0.646582278481013	McGill0008
-0.138888888888948	0	0.646582278481013	0.647313642756681	McGill0008
-0.111111111111158	0	0.647313642756681	0.647651195499297	McGill0008
-0.138888888888948	0	0.647651195499297	0.648551336146273	McGill0008
-0.111111111111158	0	0.648551336146273	0.650182841068917	McGill0008
-0.0833333270380583	0	0.650182841068917	0.650407876230661	McGill0008
-0.111111111111158	0	0.650407876230661	0.651983122362869	McGill0008
-0.0833333270380583	0	0.651983122362869	0.652208157524613	McGill0008
-0.055555555555579	0	0.652208157524613	0.653164556962025	McGill0008
-0.0833333270380583	0	0.653164556962025	0.653277074542897	McGill0008
-0.055555555555579	0	0.653277074542897	0.655864978902954	McGill0008
-0.0277777777777895	0	0.655864978902954	0.65873417721519	McGill0008
-0.0277777777777895	0	0.660028129395218	0.660309423347398	McGill0008
-0.055555555555579	0	0.660309423347398	0.661153305203938	McGill0008
-0.0833333270380583	0	0.661153305203938	0.662447257383966	McGill0008
-0.111111111111158	0	0.662447257383966	0.664753867791842	McGill0008
-0.138888888888948	0	0.664753867791842	0.665654008438819	McGill0008
-0.111111111111158	0	0.665654008438819	0.665822784810127	McGill0008
-0.0833333270380583	0	0.665822784810127	0.666497890295359	McGill0008
-0.111111111111158	0	0.666497890295359	0.666779184247539	McGill0008
-0.0833333270380583	0	0.666779184247539	0.667172995780591	McGill0008
-0.111111111111158	0	0.667172995780591	0.667679324894515	McGill0008
-0.166666654076117	0	0.667679324894515	0.668016877637131	McGill0008
-0.138888888888948	0	0.668016877637131	0.670379746835443	McGill0008
-0.111111111111158	0	0.670379746835443	0.670886075949367	McGill0008
-0.138888888888948	0	0.670886075949367	0.672123769338959	McGill0008
-0.111111111111158	0	0.672123769338959	0.672798874824191	McGill0008
-0.0833333270380583	0	0.672798874824191	0.673305203938115	McGill0008
-0.0277777777777895	0	0.673305203938115	0.676455696202532	McGill0008
-0.0277777777777895	0	0.676511954992968	0.676962025316456	McGill0008
-0.055555555555579	0	0.676962025316456	0.678143459915612	McGill0008
-0.0833333270380583	0	0.678143459915612	0.67915611814346	McGill0008
-0.111111111111158	0	0.67915611814346	0.681744022503516	McGill0008
-0.0833333270380583	0	0.681744022503516	0.68253164556962	McGill0008
-0.055555555555579	0	0.68253164556962	0.683431786216596	McGill0008
-0.0833333270380583	0	0.683431786216596	0.683769338959212	McGill0008
-0.055555555555579	0	0.683769338959212	0.684894514767933	McGill0008
-0.0833333270380583	0	0.684894514767933	0.685569620253165	McGill0008
-0.111111111111158	0	0.685569620253165	0.686132208157525	McGill0008
-0.138888888888948	0	0.686132208157525	0.687651195499297	McGill0008
-0.166666654076117	0	0.687651195499297	0.689057665260197	McGill0008
-0.138888888888948	0	0.689057665260197	0.690070323488045	McGill0008
-0.111111111111158	0	0.690070323488045	0.690520393811533	McGill0008
-0.0833333270380583	0	0.690520393811533	0.691082981715893	McGill0008
-0.055555555555579	0	0.691082981715893	0.691645569620253	McGill0008
-0.0833333270380583	0	0.691645569620253	0.691701828410689	McGill0008
-0.055555555555579	0	0.691701828410689	0.692151898734177	McGill0008
-0.0833333270380583	0	0.692151898734177	0.692433192686357	McGill0008
-0.111111111111158	0	0.692433192686357	0.693220815752461	McGill0008
-0.0833333270380583	0	0.693220815752461	0.697215189873418	McGill0008
-0.055555555555579	0	0.697215189873418	0.697496483825598	McGill0008
-0.0277777777777895	0	0.697496483825598	0.697946554149086	McGill0008
-0.0277777777777895	0	0.69817158931083	0.702053445850914	McGill0008
-0.0277777777777895	0	0.705991561181435	0.709535864978903	McGill0008
-0.0277777777777895	0	0.712405063291139	0.7171870604782	McGill0008
-0.055555555555579	0	0.7171870604782	0.71803094233474	McGill0008
-0.0277777777777895	0	0.71803094233474	0.722700421940928	McGill0008
-0.0277777777777895	0	0.74407876230661	0.744585091420534	McGill0008
-0.055555555555579	0	0.744585091420534	0.747904360056259	McGill0008
-0.0833333270380583	0	0.747904360056259	0.749367088607595	McGill0008
-0.055555555555579	0	0.749367088607595	0.749535864978903	McGill0008
-0.0833333270380583	0	0.749535864978903	0.753305203938115	McGill0008
-0.055555555555579	0	0.753305203938115	0.754092827004219	McGill0008
-0.0833333270380583	0	0.754092827004219	0.755161744022503	McGill0008
-0.055555555555579	0	0.755161744022503	0.755724331926864	McGill0008
-0.0277777777777895	0	0.755724331926864	0.759493670886076	McGill0008
-0.0277777777777895	0	0.764781997187061	0.769395218002813	McGill0008
-0.055555555555579	0	0.769395218002813	0.770407876230661	McGill0008
-0.0277777777777895	0	0.770407876230661	0.771870604781997	McGill0008
-0.055555555555579	0	0.771870604781997	0.774514767932489	McGill0008
-0.0833333270380583	0	0.774514767932489	0.775021097046414	McGill0008
-0.055555555555579	0	0.775021097046414	0.777440225035162	McGill0008
-0.0277777777777895	0	0.777440225035162	0.77873417721519	McGill0008
-0.0277777777777895	0	0.782616033755274	0.783009845288326	McGill0008
-0.055555555555579	0	0.783009845288326	0.783797468354431	McGill0008
-0.0833333270380583	0	0.783797468354431	0.787791842475387	McGill0008
-0.055555555555579	0	0.787791842475387	0.789367088607595	McGill0008
-0.0277777777777895	0	0.789367088607595	0.789704641350211	McGill0008
-0.0277777777777895	0	0.792236286919831	0.793023909985935	McGill0008
-0.055555555555579	0	0.793023909985935	0.79690576652602	McGill0008
-0.0277777777777895	0	0.79690576652602	0.797018284106892	McGill0008
-0.055555555555579	0	0.797018284106892	0.797130801687764	McGill0008
-0.0833333270380583	0	0.797130801687764	0.798649789029536	McGill0008
-0.055555555555579	0	0.798649789029536	0.79887482419128	McGill0008
-0.0833333270380583	0	0.79887482419128	0.799212376933896	McGill0008
-0.111111111111158	0	0.799212376933896	0.799774964838256	McGill0008
-0.0833333270380583	0	0.799774964838256	0.801800281293952	McGill0008
-0.111111111111158	0	0.801800281293952	0.802644163150492	McGill0008
-0.0833333270380583	0	0.802644163150492	0.804331926863572	McGill0008
-0.055555555555579	0	0.804331926863572	0.80478199718706	McGill0008
-0.0277777777777895	0	0.80478199718706	0.805175808720113	McGill0008
-0.055555555555579	0	0.805175808720113	0.807426160337553	McGill0008
-0.0277777777777895	0	0.807426160337553	0.810745428973277	McGill0008
-0.0277777777777895	0	0.812095639943741	0.81732770745429	McGill0008
-0.0277777777777895	0	0.818002812939522	0.823459915611814	McGill0008
-0.0277777777777895	0	0.838818565400844	0.84196905766526	McGill0008
-0.055555555555579	0	0.84196905766526	0.844444444444445	McGill0008
-0.0277777777777895	0	0.844444444444445	0.847482419127989	McGill0008
-0.0277777777777895	0	0.859746835443038	0.864528832630099	McGill0008
-0.055555555555579	0	0.864528832630099	0.865316455696203	McGill0008
-0.0277777777777895	0	0.865316455696203	0.868298171589311	McGill0008
-0.0277777777777895	0	0.874261603375527	0.87493670886076	McGill0008
-0.055555555555579	0	0.87493670886076	0.877299578059072	McGill0008
-0.0833333270380583	0	0.877299578059072	0.877637130801688	McGill0008
-0.111111111111158	0	0.877637130801688	0.878143459915612	McGill0008
-0.138888888888948	0	0.878143459915612	0.878255977496484	McGill0008
-0.166666654076117	0	0.878255977496484	0.878649789029536	McGill0008
-0.194444431853906	0	0.878649789029536	0.879662447257384	McGill0008
-0.166666654076117	0	0.879662447257384	0.880450070323488	McGill0008
-0.194444431853906	0	0.880450070323488	0.88056258790436	McGill0008
-0.166666654076117	0	0.88056258790436	0.881518987341772	McGill0008
-0.194444431853906	0	0.881518987341772	0.881575246132208	McGill0008
-0.166666654076117	0	0.881575246132208	0.88168776371308	McGill0008
-0.138888888888948	0	0.88168776371308	0.883150492264416	McGill0008
-0.111111111111158	0	0.883150492264416	0.883881856540084	McGill0008
-0.0833333270380583	0	0.883881856540084	0.884950773558369	McGill0008
-0.111111111111158	0	0.884950773558369	0.885794655414909	McGill0008
-0.0833333270380583	0	0.885794655414909	0.886526019690577	McGill0008
-0.111111111111158	0	0.886526019690577	0.886976090014065	McGill0008
-0.0833333270380583	0	0.886976090014065	0.887088607594937	McGill0008
-0.111111111111158	0	0.887088607594937	0.889226441631505	McGill0008
-0.138888888888948	0	0.889226441631505	0.889395218002813	McGill0008
-0.111111111111158	0	0.889395218002813	0.889620253164557	McGill0008
-0.138888888888948	0	0.889620253164557	0.889845288326301	McGill0008
-0.166666654076117	0	0.889845288326301	0.890070323488045	McGill0008
-0.194444431853906	0	0.890070323488045	0.890295358649789	McGill0008
-0.166666654076117	0	0.890295358649789	0.891364275668073	McGill0008
-0.194444431853906	0	0.891364275668073	0.891814345991561	McGill0008
-0.222222222223161	0	0.891814345991561	0.892151898734177	McGill0008
-0.194444431853906	0	0.892151898734177	0.892320675105485	McGill0008
-0.222222222223161	0	0.892320675105485	0.892489451476793	McGill0008
-0.250000000000528	0	0.892489451476793	0.892601969057665	McGill0008
-0.277777777777895	0	0.892601969057665	0.892714486638537	McGill0008
-0.305555530373599	0	0.892714486638537	0.892939521800281	McGill0008
-0.333333308153078	0	0.892939521800281	0.893558368495077	McGill0008
-0.361111085930445	0	0.893558368495077	0.894008438818565	McGill0008
-0.388888863707812	0	0.894008438818565	0.894064697609002	McGill0008
-0.416666641485179	0	0.894064697609002	0.894345991561182	McGill0008
-0.44444444444421	0	0.894345991561182	0.894571026722925	McGill0008
-0.472222222221577	0	0.894571026722925	0.89479606188467	McGill0008
-0.500000000001056	0	0.89479606188467	0.894852320675106	McGill0008
-0.472222222221577	0	0.894852320675106	0.89507735583685	McGill0008
-0.500000000001056	0	0.89507735583685	0.895189873417722	McGill0008
-0.472222222221577	0	0.895189873417722	0.895302390998594	McGill0008
-0.44444444444421	0	0.895302390998594	0.89563994374121	McGill0008
-0.472222222221577	0	0.89563994374121	0.895752461322082	McGill0008
-0.500000000001056	0	0.895752461322082	0.895864978902954	McGill0008
-0.527777777778423	0	0.895864978902954	0.89592123769339	McGill0008
-0.55555555555579	0	0.89592123769339	0.896033755274262	McGill0008
-0.527777777778423	0	0.896033755274262	0.896427566807314	McGill0008
-0.55555555555579	0	0.896427566807314	0.896652601969058	McGill0008
-0.61111106074931	0	0.896652601969058	0.897158931082982	McGill0008
-0.722222171858778	0	0.897158931082982	0.897440225035162	McGill0008
-0.694444394081411	0	0.897440225035162	0.897665260196906	McGill0008
-0.666666616304044	0	0.897665260196906	0.897721518987342	McGill0008
-0.694444394081411	0	0.897721518987342	0.897946554149086	McGill0008
-0.666666616304044	0	0.897946554149086	0.898115330520394	McGill0008
-0.638888838526677	0	0.898115330520394	0.898396624472574	McGill0008
-0.666666616304044	0	0.898396624472574	0.898621659634318	McGill0008
-0.694444394081411	0	0.898621659634318	0.898790436005626	McGill0008
-0.749999949638257	0	0.898790436005626	0.899127988748242	McGill0008
-0.722222171858778	0	0.899127988748242	0.899409282700422	McGill0008
-0.749999949638257	0	0.899409282700422	0.89957805907173	McGill0008
-0.805555505192992	0	0.89957805907173	0.899690576652602	McGill0008
-0.777777727415625	0	0.899690576652602	0.899746835443038	McGill0008
-0.805555505192992	0	0.899746835443038	0.899915611814346	McGill0008
-0.777777727415625	0	0.899915611814346	0.899971870604782	McGill0008
-0.749999949638257	0	0.899971870604782	0.900309423347398	McGill0008
-0.722222171858778	0	0.900309423347398	0.900646976090014	McGill0008
-0.694444394081411	0	0.900646976090014	0.900928270042194	McGill0008
-0.666666616304044	0	0.900928270042194	0.90098452883263	McGill0008
-0.638888838526677	0	0.90098452883263	0.901040787623066	McGill0008
-0.666666616304044	0	0.901040787623066	0.901209563994374	McGill0008
-0.694444394081411	0	0.901209563994374	0.901434599156118	McGill0008
-0.666666616304044	0	0.901434599156118	0.90154711673699	McGill0008
-0.638888838526677	0	0.90154711673699	0.901884669479606	McGill0008
-0.61111106074931	0	0.901884669479606	0.901940928270042	McGill0008
-0.58333328296983	0	0.901940928270042	0.902053445850914	McGill0008
-0.61111106074931	0	0.902053445850914	0.90210970464135	McGill0008
-0.58333328296983	0	0.90210970464135	0.902165963431786	McGill0008
-0.61111106074931	0	0.902165963431786	0.902222222222222	McGill0008
-0.58333328296983	0	0.902222222222222	0.902278481012658	McGill0008
-0.61111106074931	0	0.902278481012658	0.90239099859353	McGill0008
-0.58333328296983	0	0.90239099859353	0.902616033755274	McGill0008
-0.55555555555579	0	0.902616033755274	0.902728551336146	McGill0008
-0.58333328296983	0	0.902728551336146	0.903066104078762	McGill0008
-0.55555555555579	0	0.903066104078762	0.903122362869198	McGill0008
-0.527777777778423	0	0.903122362869198	0.903347398030942	McGill0008
-0.500000000001056	0	0.903347398030942	0.90379746835443	McGill0008
-0.472222222221577	0	0.90379746835443	0.903909985935302	McGill0008
-0.44444444444421	0	0.903909985935302	0.903966244725738	McGill0008
-0.472222222221577	0	0.903966244725738	0.904303797468354	McGill0008
-0.500000000001056	0	0.904303797468354	0.90436005625879	McGill0008
-0.472222222221577	0	0.90436005625879	0.904416315049227	McGill0008
-0.44444444444421	0	0.904416315049227	0.904472573839662	McGill0008
-0.472222222221577	0	0.904472573839662	0.904528832630098	McGill0008
-0.500000000001056	0	0.904528832630098	0.904585091420534	McGill0008
-0.527777777778423	0	0.904585091420534	0.904810126582279	McGill0008
-0.500000000001056	0	0.904810126582279	0.904978902953587	McGill0008
-0.472222222221577	0	0.904978902953587	0.905035161744023	McGill0008
-0.44444444444421	0	0.905035161744023	0.905203938115331	McGill0008
-0.472222222221577	0	0.905203938115331	0.905316455696203	McGill0008
-0.44444444444421	0	0.905316455696203	0.905710267229255	McGill0008
-0.472222222221577	0	0.905710267229255	0.905935302390999	McGill0008
-0.500000000001056	0	0.905935302390999	0.905991561181435	McGill0008
-0.527777777778423	0	0.905991561181435	0.90632911392405	McGill0008
-0.500000000001056	0	0.90632911392405	0.906610407876231	McGill0008
-0.472222222221577	0	0.906610407876231	0.906835443037975	McGill0008
-0.44444444444421	0	0.906835443037975	0.906891701828411	McGill0008
-0.472222222221577	0	0.906891701828411	0.907004219409283	McGill0008
-0.44444444444421	0	0.907004219409283	0.907060478199719	McGill0008
-0.472222222221577	0	0.907060478199719	0.907341772151899	McGill0008
-0.500000000001056	0	0.907341772151899	0.907398030942335	McGill0008
-0.472222222221577	0	0.907398030942335	0.907623066104079	McGill0008
-0.500000000001056	0	0.907623066104079	0.907735583684951	McGill0008
-0.527777777778423	0	0.907735583684951	0.907848101265823	McGill0008
-0.58333328296983	0	0.907848101265823	0.907904360056259	McGill0008
-0.61111106074931	0	0.907904360056259	0.908016877637131	McGill0008
-0.638888838526677	0	0.908016877637131	0.908185654008439	McGill0008
-0.666666616304044	0	0.908185654008439	0.908354430379747	McGill0008
-0.638888838526677	0	0.908354430379747	0.909029535864979	McGill0008
-0.666666616304044	0	0.909029535864979	0.909367088607595	McGill0008
-0.722222171858778	0	0.909367088607595	0.909817158931083	McGill0008
-0.749999949638257	0	0.909817158931083	0.909985935302391	McGill0008
-0.722222171858778	0	0.909985935302391	0.910042194092827	McGill0008
-0.694444394081411	0	0.910042194092827	0.910154711673699	McGill0008
-0.666666616304044	0	0.910154711673699	0.910210970464135	McGill0008
-0.638888838526677	0	0.910210970464135	0.910323488045007	McGill0008
-0.666666616304044	0	0.910323488045007	0.910379746835443	McGill0008
-0.694444394081411	0	0.910379746835443	0.910436005625879	McGill0008
-0.722222171858778	0	0.910436005625879	0.910492264416315	McGill0008
-0.749999949638257	0	0.910492264416315	0.910661040787623	McGill0008
-0.777777727415625	0	0.910661040787623	0.910717299578059	McGill0008
-0.833333282970358	0	0.910717299578059	0.910829817158931	McGill0008
-0.805555505192992	0	0.910829817158931	0.911054852320675	McGill0008
-0.833333282970358	0	0.911054852320675	0.911279887482419	McGill0008
-0.861111060747725	0	0.911279887482419	0.911448663853727	McGill0008
-0.888888888890532	0	0.911448663853727	0.911617440225035	McGill0008
-0.916666616304572	0	0.911617440225035	0.911786216596343	McGill0008
-0.888888888890532	0	0.911786216596343	0.911842475386779	McGill0008
-0.916666616304572	0	0.911842475386779	0.912067510548523	McGill0008
-0.888888888890532	0	0.912067510548523	0.912180028129395	McGill0008
-0.916666616304572	0	0.912180028129395	0.912236286919831	McGill0008
-0.944444444445266	0	0.912236286919831	0.912517580872011	McGill0008
-0.916666616304572	0	0.912517580872011	0.912630098452883	McGill0008
-0.888888888890532	0	0.912630098452883	0.912798874824191	McGill0008
-0.916666616304572	0	0.912798874824191	0.912911392405063	McGill0008
-0.944444444445266	0	0.912911392405063	0.912967651195499	McGill0008
-0.972222171859306	0	0.912967651195499	0.913192686357243	McGill0008
-1	0	0.913192686357243	0.913248945147679	McGill0008
-0.972222171859306	0	0.913248945147679	0.913361462728551	McGill0008
-0.944444444445266	0	0.913361462728551	0.913417721518987	McGill0008
-0.888888888890532	0	0.913417721518987	0.913586497890295	McGill0008
-0.861111060747725	0	0.913586497890295	0.913755274261603	McGill0008
-0.888888888890532	0	0.913755274261603	0.913811533052039	McGill0008
-0.861111060747725	0	0.913811533052039	0.913980309423347	McGill0008
-0.888888888890532	0	0.913980309423347	0.914655414908579	McGill0008
-0.861111060747725	0	0.914655414908579	0.914767932489451	McGill0008
-0.888888888890532	0	0.914767932489451	0.914880450070324	McGill0008
-0.944444444445266	0	0.914880450070324	0.91493670886076	McGill0008
-0.916666616304572	0	0.91493670886076	0.914992967651196	McGill0008
-0.888888888890532	0	0.914992967651196	0.915161744022503	McGill0008
-0.861111060747725	0	0.915161744022503	0.915724331926864	McGill0008
-0.888888888890532	0	0.915724331926864	0.915949367088608	McGill0008
-0.833333282970358	0	0.915949367088608	0.91606188466948	McGill0008
-0.805555505192992	0	0.91606188466948	0.916118143459916	McGill0008
-0.777777727415625	0	0.916118143459916	0.916286919831224	McGill0008
-0.722222171858778	0	0.916286919831224	0.91634317862166	McGill0008
-0.694444394081411	0	0.91634317862166	0.91662447257384	McGill0008
-0.666666616304044	0	0.91662447257384	0.916736990154712	McGill0008
-0.638888838526677	0	0.916736990154712	0.91690576652602	McGill0008
-0.61111106074931	0	0.91690576652602	0.916962025316456	McGill0008
-0.58333328296983	0	0.916962025316456	0.9171870604782	McGill0008
-0.527777777778423	0	0.9171870604782	0.91746835443038	McGill0008
-0.500000000001056	0	0.91746835443038	0.917580872011252	McGill0008
-0.527777777778423	0	0.917580872011252	0.917637130801688	McGill0008
-0.55555555555579	0	0.917637130801688	0.917693389592124	McGill0008
-0.58333328296983	0	0.917693389592124	0.917862165963432	McGill0008
-0.55555555555579	0	0.917862165963432	0.918199718706048	McGill0008
-0.527777777778423	0	0.918199718706048	0.918255977496484	McGill0008
-0.500000000001056	0	0.918255977496484	0.918368495077356	McGill0008
-0.472222222221577	0	0.918368495077356	0.918424753867792	McGill0008
-0.44444444444421	0	0.918424753867792	0.918481012658228	McGill0008
-0.388888863707812	0	0.918481012658228	0.9185935302391	McGill0008
-0.333333308153078	0	0.9185935302391	0.918706047819972	McGill0008
-0.361111085930445	0	0.918706047819972	0.918931082981716	McGill0008
-0.388888863707812	0	0.918931082981716	0.918987341772152	McGill0008
-0.416666641485179	0	0.918987341772152	0.919043600562588	McGill0008
-0.44444444444421	0	0.919043600562588	0.919099859353024	McGill0008
-0.416666641485179	0	0.919099859353024	0.919212376933896	McGill0008
-0.44444444444421	0	0.919212376933896	0.919268635724332	McGill0008
-0.472222222221577	0	0.919268635724332	0.919324894514768	McGill0008
-0.416666641485179	0	0.919324894514768	0.919493670886076	McGill0008
-0.44444444444421	0	0.919493670886076	0.919606188466948	McGill0008
-0.416666641485179	0	0.919606188466948	0.919831223628692	McGill0008
-0.388888863707812	0	0.919831223628692	0.919943741209564	McGill0008
-0.416666641485179	0	0.919943741209564	0.920450070323488	McGill0008
-0.388888863707812	0	0.920450070323488	0.920506329113924	McGill0008
-0.361111085930445	0	0.920506329113924	0.920618846694796	McGill0008
-0.388888863707812	0	0.920618846694796	0.921462728551336	McGill0008
-0.361111085930445	0	0.921462728551336	0.921856540084388	McGill0008
-0.388888863707812	0	0.921856540084388	0.922475386779184	McGill0008
-0.416666641485179	0	0.922475386779184	0.922869198312236	McGill0008
-0.388888863707812	0	0.922869198312236	0.92309423347398	McGill0008
-0.361111085930445	0	0.92309423347398	0.923206751054852	McGill0008
-0.333333308153078	0	0.923206751054852	0.924331926863572	McGill0008
-0.305555530373599	0	0.924331926863572	0.924444444444444	McGill0008
-0.277777777777895	0	0.924444444444444	0.92450070323488	McGill0008
-0.222222222223161	0	0.92450070323488	0.924781997187061	McGill0008
-0.194444431853906	0	0.924781997187061	0.924838255977497	McGill0008
-0.166666654076117	0	0.924838255977497	0.92506329113924	McGill0008
-0.138888888888948	0	0.92506329113924	0.925175808720113	McGill0008
-0.166666654076117	0	0.925175808720113	0.925232067510549	McGill0008
-0.222222222223161	0	0.925232067510549	0.925513361462728	McGill0008
-0.194444431853906	0	0.925513361462728	0.926188466947961	McGill0008
-0.166666654076117	0	0.926188466947961	0.926976090014065	McGill0008
-0.194444431853906	0	0.926976090014065	0.927369901547117	McGill0008
-0.166666654076117	0	0.927369901547117	0.927426160337553	McGill0008
-0.138888888888948	0	0.927426160337553	0.928157524613221	McGill0008
-0.166666654076117	0	0.928157524613221	0.928720112517581	McGill0008
-0.138888888888948	0	0.928720112517581	0.928832630098453	McGill0008
-0.166666654076117	0	0.928832630098453	0.928945147679325	McGill0008
-0.194444431853906	0	0.928945147679325	0.929957805907173	McGill0008
-0.222222222223161	0	0.929957805907173	0.930801687763713	McGill0008
-0.138888888888948	0	0.930801687763713	0.931364275668073	McGill0008
-0.166666654076117	0	0.931364275668073	0.931476793248945	McGill0008
-0.194444431853906	0	0.931476793248945	0.931589310829817	McGill0008
-0.222222222223161	0	0.931589310829817	0.931645569620253	McGill0008
-0.250000000000528	0	0.931645569620253	0.931701828410689	McGill0008
-0.277777777777895	0	0.931701828410689	0.932095639943741	McGill0008
-0.305555530373599	0	0.932095639943741	0.932601969057665	McGill0008
-0.333333308153078	0	0.932601969057665	0.933614627285513	McGill0008
-0.361111085930445	0	0.933614627285513	0.933670886075949	McGill0008
-0.333333308153078	0	0.933670886075949	0.933895921237693	McGill0008
-0.361111085930445	0	0.933895921237693	0.934402250351617	McGill0008
-0.333333308153078	0	0.934402250351617	0.934514767932489	McGill0008
-0.305555530373599	0	0.934514767932489	0.934739803094234	McGill0008
-0.333333308153078	0	0.934739803094234	0.93563994374121	McGill0008
-0.361111085930445	0	0.93563994374121	0.936540084388186	McGill0008
-0.388888863707812	0	0.936540084388186	0.936933895921238	McGill0008
-0.361111085930445	0	0.936933895921238	0.937215189873418	McGill0008
-0.333333308153078	0	0.937215189873418	0.937271448663854	McGill0008
-0.277777777777895	0	0.937271448663854	0.937721518987342	McGill0008
-0.250000000000528	0	0.937721518987342	0.937777777777778	McGill0008
-0.277777777777895	0	0.937777777777778	0.938059071729958	McGill0008
-0.250000000000528	0	0.938059071729958	0.93817158931083	McGill0008
-0.222222222223161	0	0.93817158931083	0.938227848101266	McGill0008
-0.194444431853906	0	0.938227848101266	0.938284106891702	McGill0008
-0.222222222223161	0	0.938284106891702	0.939127988748242	McGill0008
-0.250000000000528	0	0.939127988748242	0.939465541490858	McGill0008
-0.222222222223161	0	0.939465541490858	0.939634317862166	McGill0008
-0.250000000000528	0	0.939634317862166	0.940365682137834	McGill0008
-0.222222222223161	0	0.940365682137834	0.94098452883263	McGill0008
-0.250000000000528	0	0.94098452883263	0.941209563994374	McGill0008
-0.222222222223161	0	0.941209563994374	0.941940928270042	McGill0008
-0.250000000000528	0	0.941940928270042	0.942053445850914	McGill0008
-0.222222222223161	0	0.942053445850914	0.94210970464135	McGill0008
-0.194444431853906	0	0.94210970464135	0.942897327707454	McGill0008
-0.222222222223161	0	0.942897327707454	0.943122362869198	McGill0008
-0.194444431853906	0	0.943122362869198	0.94323488045007	McGill0008
-0.222222222223161	0	0.94323488045007	0.943403656821378	McGill0008
-0.194444431853906	0	0.943403656821378	0.943572433192686	McGill0008
-0.250000000000528	0	0.943572433192686	0.943909985935302	McGill0008
-0.222222222223161	0	0.943909985935302	0.945147679324895	McGill0008
-0.250000000000528	0	0.945147679324895	0.945203938115331	McGill0008
-0.222222222223161	0	0.945203938115331	0.946329113924051	McGill0008
-0.194444431853906	0	0.946329113924051	0.947398030942335	McGill0008
-0.222222222223161	0	0.947398030942335	0.947566807313643	McGill0008
-0.194444431853906	0	0.947566807313643	0.948241912798875	McGill0008
-0.166666654076117	0	0.948241912798875	0.948523206751055	McGill0008
-0.138888888888948	0	0.948523206751055	0.948804500703235	McGill0008
-0.111111111111158	0	0.948804500703235	0.949029535864979	McGill0008
-0.138888888888948	0	0.949029535864979	0.949198312236287	McGill0008
-0.111111111111158	0	0.949198312236287	0.949423347398031	McGill0008
-0.138888888888948	0	0.949423347398031	0.950379746835443	McGill0008
-0.111111111111158	0	0.950379746835443	0.950717299578059	McGill0008
-0.0833333270380583	0	0.950717299578059	0.952348804500703	McGill0008
-0.055555555555579	0	0.952348804500703	0.954149085794655	McGill0008
-0.0277777777777895	0	0.954149085794655	0.954374120956399	McGill0008
-0.055555555555579	0	0.954374120956399	0.955049226441631	McGill0008
-0.0277777777777895	0	0.955049226441631	0.955836849507736	McGill0008
-0.055555555555579	0	0.955836849507736	0.956118143459916	McGill0008
-0.0833333270380583	0	0.956118143459916	0.95746835443038	McGill0008
-0.111111111111158	0	0.95746835443038	0.958706047819972	McGill0008
-0.138888888888948	0	0.958706047819972	0.958931082981716	McGill0008
-0.111111111111158	0	0.958931082981716	0.96	McGill0008
-0.0833333270380583	0	0.96	0.960675105485232	McGill0008
-0.111111111111158	0	0.960675105485232	0.96084388185654	McGill0008
-0.138888888888948	0	0.96084388185654	0.9614064697609	McGill0008
-0.166666654076117	0	0.9614064697609	0.961462728551336	McGill0008
-0.138888888888948	0	0.961462728551336	0.963037974683544	McGill0008
-0.111111111111158	0	0.963037974683544	0.963600562587904	McGill0008
-0.138888888888948	0	0.963600562587904	0.963825597749648	McGill0008
-0.166666654076117	0	0.963825597749648	0.964163150492264	McGill0008
-0.194444431853906	0	0.964163150492264	0.964275668073136	McGill0008
-0.166666654076117	0	0.964275668073136	0.965119549929677	McGill0008
-0.194444431853906	0	0.965119549929677	0.966300984528833	McGill0008
-0.166666654076117	0	0.966300984528833	0.966413502109705	McGill0008
-0.138888888888948	0	0.966413502109705	0.966694796061885	McGill0008
-0.166666654076117	0	0.966694796061885	0.966976090014065	McGill0008
-0.138888888888948	0	0.966976090014065	0.967482419127989	McGill0008
-0.166666654076117	0	0.967482419127989	0.968382559774965	McGill0008
-0.194444431853906	0	0.968382559774965	0.968776371308017	McGill0008
-0.222222222223161	0	0.968776371308017	0.969226441631505	McGill0008
-0.194444431853906	0	0.969226441631505	0.969451476793249	McGill0008
-0.166666654076117	0	0.969451476793249	0.969789029535865	McGill0008
-0.138888888888948	0	0.969789029535865	0.970126582278481	McGill0008
-0.166666654076117	0	0.970126582278481	0.970689170182841	McGill0008
-0.138888888888948	0	0.970689170182841	0.970914205344585	McGill0008
-0.166666654076117	0	0.970914205344585	0.971701828410689	McGill0008
-0.194444431853906	0	0.971701828410689	0.971814345991561	McGill0008
-0.222222222223161	0	0.971814345991561	0.971870604781997	McGill0008
-0.250000000000528	0	0.971870604781997	0.972320675105485	McGill0008
-0.222222222223161	0	0.972320675105485	0.972827004219409	McGill0008
-0.194444431853906	0	0.972827004219409	0.974008438818565	McGill0008
-0.166666654076117	0	0.974008438818565	0.974345991561181	McGill0008
-0.138888888888948	0	0.974345991561181	0.974739803094234	McGill0008
-0.166666654076117	0	0.974739803094234	0.975471167369902	McGill0008
-0.194444431853906	0	0.975471167369902	0.975527426160338	McGill0008
-0.222222222223161	0	0.975527426160338	0.975696202531646	McGill0008
-0.194444431853906	0	0.975696202531646	0.976315049226442	McGill0008
-0.166666654076117	0	0.976315049226442	0.976540084388186	McGill0008
-0.138888888888948	0	0.976540084388186	0.97732770745429	McGill0008
-0.0833333270380583	0	0.97732770745429	0.979409282700422	McGill0008
-0.111111111111158	0	0.979409282700422	0.980309423347398	McGill0008
-0.0833333270380583	0	0.980309423347398	0.980365682137834	McGill0008
-0.055555555555579	0	0.980365682137834	0.980646976090014	McGill0008
-0.0277777777777895	0	0.980646976090014	0.982616033755274	McGill0008
-0.055555555555579	0	0.982616033755274	0.984978902953586	McGill0008
-0.0277777777777895	0	0.984978902953586	0.985710267229255	McGill0008
-0.055555555555579	0	0.985710267229255	0.985991561181435	McGill0008
-0.0833333270380583	0	0.985991561181435	0.988185654008439	McGill0008
-0.055555555555579	0	0.988185654008439	0.990829817158931	McGill0008
-0.0277777777777895	0	0.990829817158931	0.991336146272855	McGill0008
-0.0277777777777895	0	0.994824191279888	0.998706047819972	McGill0008
-0.0238095231637767	0	0.000168776371308017	0.00258790436005626	McGill0009
-0.0476190463273714	0	0.00258790436005626	0.00337552742616034	McGill0009
-0.0238095231637767	0	0.00337552742616034	0.00483825597749648	McGill0009
-0.0476190463273714	0	0.00483825597749648	0.00714486638537272	McGill0009
-0.0714285722035772	0	0.00714486638537272	0.00821378340365682	McGill0009
-0.0476190463273714	0	0.00821378340365682	0.00843881856540084	McGill0009
-0.0714285722035772	0	0.00843881856540084	0.010239099859353	McGill0009
-0.0952380926549248	0	0.010239099859353	0.010407876230661	McGill0009
-0.0714285722035772	0	0.010407876230661	0.0126582278481013	McGill0009
-0.0952380926549248	0	0.0126582278481013	0.0127707454289733	McGill0009
-0.0714285722035772	0	0.0127707454289733	0.0140646976090014	McGill0009
-0.0476190463273714	0	0.0140646976090014	0.0157524613220816	McGill0009
-0.0238095231637767	0	0.0157524613220816	0.0169338959212377	McGill0009
-0.0476190463273714	0	0.0169338959212377	0.0181153305203938	McGill0009
-0.0238095231637767	0	0.0181153305203938	0.019915611814346	McGill0009
-0.0476190463273714	0	0.019915611814346	0.0221659634317862	McGill0009
-0.0714285722035772	0	0.0221659634317862	0.0225597749648383	McGill0009
-0.0476190463273714	0	0.0225597749648383	0.0235724331926864	McGill0009
-0.0714285722035772	0	0.0235724331926864	0.0243037974683544	McGill0009
-0.0952380926549248	0	0.0243037974683544	0.0249226441631505	McGill0009
-0.119047618530949	0	0.0249226441631505	0.0251476793248945	McGill0009
-0.142857144407154	0	0.0251476793248945	0.0254852320675106	McGill0009
-0.119047618530949	0	0.0254852320675106	0.0255414908579466	McGill0009
-0.142857144407154	0	0.0255414908579466	0.0257102672292546	McGill0009
-0.190476185309486	0	0.0257102672292546	0.0261603375527426	McGill0009
-0.214285711184963	0	0.0261603375527426	0.0273980309423347	McGill0009
-0.261904762937739	0	0.0273980309423347	0.0277918424753868	McGill0009
-0.285714288815037	0	0.0277918424753868	0.0278481012658228	McGill0009
-0.309523814690514	0	0.0278481012658228	0.0292545710267229	McGill0009
-0.333333340565992	0	0.0292545710267229	0.029929676511955	McGill0009
-0.309523814690514	0	0.029929676511955	0.0304922644163151	McGill0009
-0.285714288815037	0	0.0304922644163151	0.0306610407876231	McGill0009
-0.261904762937739	0	0.0306610407876231	0.0313361462728551	McGill0009
-0.214285711184963	0	0.0313361462728551	0.0317862165963432	McGill0009
-0.190476185309486	0	0.0317862165963432	0.0329676511954993	McGill0009
-0.16666667028336	0	0.0329676511954993	0.0330239099859353	McGill0009
-0.142857144407154	0	0.0330239099859353	0.0333614627285513	McGill0009
-0.0952380926549248	0	0.0333614627285513	0.0334739803094234	McGill0009
-0.0714285722035772	0	0.0334739803094234	0.0338677918424754	McGill0009
-0.0952380926549248	0	0.0338677918424754	0.0342053445850914	McGill0009
-0.119047618530949	0	0.0342053445850914	0.0348241912798875	McGill0009
-0.0714285722035772	0	0.0348241912798875	0.0365682137834037	McGill0009
-0.0476190463273714	0	0.0365682137834037	0.0370745428973277	McGill0009
-0.0714285722035772	0	0.0370745428973277	0.0389873417721519	McGill0009
-0.0476190463273714	0	0.0389873417721519	0.0390998593530239	McGill0009
-0.0238095231637767	0	0.0390998593530239	0.0412939521800281	McGill0009
-0.0476190463273714	0	0.0412939521800281	0.0418565400843882	McGill0009
-0.0714285722035772	0	0.0418565400843882	0.0423628691983122	McGill0009
-0.0476190463273714	0	0.0423628691983122	0.0464135021097046	McGill0009
-0.0238095231637767	0	0.0464135021097046	0.0474824191279888	McGill0009
-0.0238095231637767	0	0.0549648382559775	0.0578902953586498	McGill0009
-0.0476190463273714	0	0.0578902953586498	0.05985935302391	McGill0009
-0.0714285722035772	0	0.05985935302391	0.0605907172995781	McGill0009
-0.0476190463273714	0	0.0605907172995781	0.0615471167369902	McGill0009
-0.0714285722035772	0	0.0615471167369902	0.0616033755274262	McGill0009
-0.0952380926549248	0	0.0616033755274262	0.0627285513361463	McGill0009
-0.119047618530949	0	0.0627285513361463	0.0635161744022504	McGill0009
-0.0952380926549248	0	0.0635161744022504	0.0654289732770746	McGill0009
-0.0714285722035772	0	0.0654289732770746	0.0660478199718706	McGill0009
-0.0952380926549248	0	0.0660478199718706	0.0667229254571027	McGill0009
-0.0714285722035772	0	0.0667229254571027	0.0671729957805907	McGill0009
-0.0476190463273714	0	0.0671729957805907	0.0676230661040788	McGill0009
-0.0714285722035772	0	0.0676230661040788	0.0680168776371308	McGill0009
-0.0952380926549248	0	0.0680168776371308	0.0681856540084388	McGill0009
-0.0714285722035772	0	0.0681856540084388	0.069592123769339	McGill0009
-0.0952380926549248	0	0.069592123769339	0.0716736990154712	McGill0009
-0.0714285722035772	0	0.0716736990154712	0.0721237693389592	McGill0009
-0.0952380926549248	0	0.0721237693389592	0.0730801687763713	McGill0009
-0.0714285722035772	0	0.0730801687763713	0.0732489451476793	McGill0009
-0.0476190463273714	0	0.0732489451476793	0.0738115330520394	McGill0009
-0.0714285722035772	0	0.0738115330520394	0.0741490857946554	McGill0009
-0.0952380926549248	0	0.0741490857946554	0.0768495077355837	McGill0009
-0.119047618530949	0	0.0768495077355837	0.0771870604781997	McGill0009
-0.0952380926549248	0	0.0771870604781997	0.0780309423347398	McGill0009
-0.119047618530949	0	0.0780309423347398	0.0781434599156118	McGill0009
-0.142857144407154	0	0.0781434599156118	0.0784247538677918	McGill0009
-0.16666667028336	0	0.0784247538677918	0.0794374120956399	McGill0009
-0.142857144407154	0	0.0794374120956399	0.07971870604782	McGill0009
-0.119047618530949	0	0.07971870604782	0.0805063291139241	McGill0009
-0.0952380926549248	0	0.0805063291139241	0.0815752461322082	McGill0009
-0.0714285722035772	0	0.0815752461322082	0.0835443037974684	McGill0009
-0.0476190463273714	0	0.0835443037974684	0.0837130801687764	McGill0009
-0.0238095231637767	0	0.0837130801687764	0.0839943741209564	McGill0009
-0.0238095231637767	0	0.0860196905766526	0.0867510548523207	McGill0009
-0.0476190463273714	0	0.0867510548523207	0.0878199718706048	McGill0009
-0.0714285722035772	0	0.0878199718706048	0.0915893108298171	McGill0009
-0.0476190463273714	0	0.0915893108298171	0.0916455696202532	McGill0009
-0.0714285722035772	0	0.0916455696202532	0.0923206751054852	McGill0009
-0.0476190463273714	0	0.0923206751054852	0.0933895921237693	McGill0009
-0.0238095231637767	0	0.0933895921237693	0.0948523206751055	McGill0009
-0.0476190463273714	0	0.0948523206751055	0.0954711673699016	McGill0009
-0.0714285722035772	0	0.0954711673699016	0.0971026722925457	McGill0009
-0.0476190463273714	0	0.0971026722925457	0.0971589310829817	McGill0009
-0.0714285722035772	0	0.0971589310829817	0.100478199718706	McGill0009
-0.0476190463273714	0	0.100478199718706	0.100759493670886	McGill0009
-0.0238095231637767	0	0.100759493670886	0.102053445850914	McGill0009
-0.0476190463273714	0	0.102053445850914	0.102784810126582	McGill0009
-0.0238095231637767	0	0.102784810126582	0.103178621659634	McGill0009
-0.0714285722035772	0	0.103178621659634	0.105991561181435	McGill0009
-0.0952380926549248	0	0.105991561181435	0.107398030942335	McGill0009
-0.0714285722035772	0	0.107398030942335	0.108748241912799	McGill0009
-0.0238095231637767	0	0.108748241912799	0.109592123769339	McGill0009
-0.0476190463273714	0	0.109592123769339	0.111504922644163	McGill0009
-0.0238095231637767	0	0.111504922644163	0.114205344585091	McGill0009
-0.0476190463273714	0	0.114205344585091	0.114261603375527	McGill0009
-0.0714285722035772	0	0.114261603375527	0.114880450070324	McGill0009
-0.0476190463273714	0	0.114880450070324	0.117299578059072	McGill0009
-0.0238095231637767	0	0.117299578059072	0.119549929676512	McGill0009
-0.0238095231637767	0	0.125119549929677	0.128945147679325	McGill0009
-0.0476190463273714	0	0.128945147679325	0.130520393811533	McGill0009
-0.0714285722035772	0	0.130520393811533	0.130745428973277	McGill0009
-0.0476190463273714	0	0.130745428973277	0.134120956399437	McGill0009
-0.0238095231637767	0	0.134120956399437	0.134514767932489	McGill0009
-0.0238095231637767	0	0.139409282700422	0.14210970464135	McGill0009
-0.0476190463273714	0	0.14210970464135	0.143572433192686	McGill0009
-0.0714285722035772	0	0.143572433192686	0.144753867791843	McGill0009
-0.0952380926549248	0	0.144753867791843	0.144810126582279	McGill0009
-0.119047618530949	0	0.144810126582279	0.144866385372714	McGill0009
-0.0952380926549248	0	0.144866385372714	0.145428973277075	McGill0009
-0.119047618530949	0	0.145428973277075	0.147398030942335	McGill0009
-0.142857144407154	0	0.147398030942335	0.147679324894515	McGill0009
-0.119047618530949	0	0.147679324894515	0.149142053445851	McGill0009
-0.0952380926549248	0	0.149142053445851	0.150098452883263	McGill0009
-0.119047618530949	0	0.150098452883263	0.150154711673699	McGill0009
-0.0952380926549248	0	0.150154711673699	0.150436005625879	McGill0009
-0.0714285722035772	0	0.150436005625879	0.151054852320675	McGill0009
-0.0476190463273714	0	0.151054852320675	0.151898734177215	McGill0009
-0.0714285722035772	0	0.151898734177215	0.152967651195499	McGill0009
-0.0476190463273714	0	0.152967651195499	0.153023909985935	McGill0009
-0.0714285722035772	0	0.153023909985935	0.155668073136428	McGill0009
-0.0476190463273714	0	0.155668073136428	0.157299578059072	McGill0009
-0.0238095231637767	0	0.157299578059072	0.158368495077356	McGill0009
-0.0476190463273714	0	0.158368495077356	0.158649789029536	McGill0009
-0.0238095231637767	0	0.158649789029536	0.161631504922644	McGill0009
-0.0476190463273714	0	0.161631504922644	0.162700421940928	McGill0009
-0.0714285722035772	0	0.162700421940928	0.163769338959212	McGill0009
-0.0476190463273714	0	0.163769338959212	0.16393811533052	McGill0009
-0.0238095231637767	0	0.16393811533052	0.1642194092827	McGill0009
-0.0476190463273714	0	0.1642194092827	0.165119549929677	McGill0009
-0.0714285722035772	0	0.165119549929677	0.168270042194093	McGill0009
-0.0476190463273714	0	0.168270042194093	0.169113924050633	McGill0009
-0.0714285722035772	0	0.169113924050633	0.169789029535865	McGill0009
-0.0476190463273714	0	0.169789029535865	0.170745428973277	McGill0009
-0.0238095231637767	0	0.170745428973277	0.174683544303797	McGill0009
-0.0238095231637767	0	0.194036568213783	0.19549929676512	McGill0009
-0.0476190463273714	0	0.19549929676512	0.196399437412096	McGill0009
-0.0714285722035772	0	0.196399437412096	0.199549929676512	McGill0009
-0.0476190463273714	0	0.199549929676512	0.200675105485232	McGill0009
-0.0238095231637767	0	0.200675105485232	0.20084388185654	McGill0009
-0.0476190463273714	0	0.20084388185654	0.201856540084388	McGill0009
-0.0238095231637767	0	0.201856540084388	0.202306610407876	McGill0009
-0.0476190463273714	0	0.202306610407876	0.204613220815752	McGill0009
-0.0714285722035772	0	0.204613220815752	0.205963431786217	McGill0009
-0.0476190463273714	0	0.205963431786217	0.206469760900141	McGill0009
-0.0238095231637767	0	0.206469760900141	0.209901547116737	McGill0009
-0.0238095231637767	0	0.21704641350211	0.219746835443038	McGill0009
-0.0476190463273714	0	0.219746835443038	0.222165963431786	McGill0009
-0.0714285722035772	0	0.222165963431786	0.222278481012658	McGill0009
-0.0952380926549248	0	0.222278481012658	0.222616033755274	McGill0009
-0.0714285722035772	0	0.222616033755274	0.225372714486639	McGill0009
-0.0476190463273714	0	0.225372714486639	0.227623066104079	McGill0009
-0.0238095231637767	0	0.227623066104079	0.227904360056259	McGill0009
-0.0238095231637767	0	0.260646976090014	0.265372714486639	McGill0009
-0.0476190463273714	0	0.265372714486639	0.266272855133615	McGill0009
-0.0238095231637767	0	0.266272855133615	0.268185654008439	McGill0009
-0.0714285722035772	0	0.268185654008439	0.268466947960619	McGill0009
-0.0952380926549248	0	0.268466947960619	0.268860759493671	McGill0009
-0.119047618530949	0	0.268860759493671	0.269142053445851	McGill0009
-0.142857144407154	0	0.269142053445851	0.270942334739803	McGill0009
-0.119047618530949	0	0.270942334739803	0.271054852320675	McGill0009
-0.142857144407154	0	0.271054852320675	0.273699015471167	McGill0009
-0.119047618530949	0	0.273699015471167	0.273755274261603	McGill0009
-0.0952380926549248	0	0.273755274261603	0.274036568213783	McGill0009
-0.0714285722035772	0	0.274036568213783	0.274092827004219	McGill0009
-0.0476190463273714	0	0.274092827004219	0.274149085794655	McGill0009
-0.0238095231637767	0	0.274149085794655	0.27606188466948	McGill0009
-0.0476190463273714	0	0.27606188466948	0.27662447257384	McGill0009
-0.0238095231637767	0	0.27662447257384	0.278255977496484	McGill0009
-0.0476190463273714	0	0.278255977496484	0.280225035161744	McGill0009
-0.0238095231637767	0	0.280225035161744	0.283769338959212	McGill0009
-0.0238095231637767	0	0.284331926863572	0.289957805907173	McGill0009
-0.0238095231637767	0	0.290970464135021	0.291420534458509	McGill0009
-0.0476190463273714	0	0.291420534458509	0.295133614627285	McGill0009
-0.0714285722035772	0	0.295133614627285	0.295752461322082	McGill0009
-0.0952380926549248	0	0.295752461322082	0.296596343178622	McGill0009
-0.0714285722035772	0	0.296596343178622	0.29704641350211	McGill0009
-0.0476190463273714	0	0.29704641350211	0.299690576652602	McGill0009
-0.0238095231637767	0	0.299690576652602	0.301378340365682	McGill0009
-0.0238095231637767	0	0.311617440225035	0.313924050632911	McGill0009
-0.0476190463273714	0	0.313924050632911	0.316286919831224	McGill0009
-0.0714285722035772	0	0.316286919831224	0.317243319268636	McGill0009
-0.0476190463273714	0	0.317243319268636	0.319493670886076	McGill0009
-0.0238095231637767	0	0.319493670886076	0.32	McGill0009
-0.0476190463273714	0	0.32	0.321912798874824	McGill0009
-0.0238095231637767	0	0.321912798874824	0.325625879043601	McGill0009
-0.0238095231637767	0	0.335864978902954	0.341153305203938	McGill0009
-0.0476190463273714	0	0.341153305203938	0.341434599156118	McGill0009
-0.0238095231637767	0	0.341434599156118	0.346104078762307	McGill0009
-0.0238095231637767	0	0.349423347398031	0.352236286919831	McGill0009
-0.0476190463273714	0	0.352236286919831	0.354092827004219	McGill0009
-0.0714285722035772	0	0.354092827004219	0.355049226441632	McGill0009
-0.0476190463273714	0	0.355049226441632	0.356849507735584	McGill0009
-0.0714285722035772	0	0.356849507735584	0.35690576652602	McGill0009
-0.0952380926549248	0	0.35690576652602	0.357524613220816	McGill0009
-0.119047618530949	0	0.357524613220816	0.357805907172996	McGill0009
-0.0952380926549248	0	0.357805907172996	0.359662447257384	McGill0009
-0.0714285722035772	0	0.359662447257384	0.36	McGill0009
-0.0476190463273714	0	0.36	0.36225035161744	McGill0009
-0.0714285722035772	0	0.36225035161744	0.362475386779184	McGill0009
-0.0476190463273714	0	0.362475386779184	0.36253164556962	McGill0009
-0.0238095231637767	0	0.36253164556962	0.364838255977497	McGill0009
-0.0476190463273714	0	0.364838255977497	0.367819971870605	McGill0009
-0.0238095231637767	0	0.367819971870605	0.368326300984529	McGill0009
-0.0476190463273714	0	0.368326300984529	0.369620253164557	McGill0009
-0.0238095231637767	0	0.369620253164557	0.370520393811533	McGill0009
-0.0238095231637767	0	0.371983122362869	0.375977496483826	McGill0009
-0.0476190463273714	0	0.375977496483826	0.377383966244726	McGill0009
-0.0714285722035772	0	0.377383966244726	0.37760900140647	McGill0009
-0.0476190463273714	0	0.37760900140647	0.379127988748242	McGill0009
-0.0238095231637767	0	0.379127988748242	0.380365682137834	McGill0009
-0.0238095231637767	0	0.411983122362869	0.414964838255978	McGill0009
-0.0476190463273714	0	0.414964838255978	0.416990154711674	McGill0009
-0.0714285722035772	0	0.416990154711674	0.417496483825598	McGill0009
-0.0476190463273714	0	0.417496483825598	0.42042194092827	McGill0009
-0.0714285722035772	0	0.42042194092827	0.420478199718706	McGill0009
-0.0476190463273714	0	0.420478199718706	0.422616033755274	McGill0009
-0.0238095231637767	0	0.422616033755274	0.425991561181435	McGill0009
-0.0238095231637767	0	0.443881856540084	0.449507735583685	McGill0009
-0.0238095231637767	0	0.451420534458509	0.456877637130802	McGill0009
-0.0238095231637767	0	0.458790436005626	0.46042194092827	McGill0009
-0.0476190463273714	0	0.46042194092827	0.462053445850914	McGill0009
-0.0238095231637767	0	0.462053445850914	0.462616033755274	McGill0009
-0.0476190463273714	0	0.462616033755274	0.464866385372715	McGill0009
-0.0238095231637767	0	0.464866385372715	0.464978902953587	McGill0009
-0.0476190463273714	0	0.464978902953587	0.466104078762307	McGill0009
-0.0714285722035772	0	0.466104078762307	0.467510548523207	McGill0009
-0.0476190463273714	0	0.467510548523207	0.467623066104079	McGill0009
-0.0238095231637767	0	0.467623066104079	0.470492264416315	McGill0009
-0.0476190463273714	0	0.470492264416315	0.470661040787623	McGill0009
-0.0238095231637767	0	0.470661040787623	0.474542897327707	McGill0009
-0.0476190463273714	0	0.474542897327707	0.476230661040788	McGill0009
-0.0714285722035772	0	0.476230661040788	0.477974683544304	McGill0009
-0.0952380926549248	0	0.477974683544304	0.47915611814346	McGill0009
-0.0714285722035772	0	0.47915611814346	0.479493670886076	McGill0009
-0.0952380926549248	0	0.479493670886076	0.481518987341772	McGill0009
-0.0714285722035772	0	0.481518987341772	0.483544303797468	McGill0009
-0.0952380926549248	0	0.483544303797468	0.484613220815753	McGill0009
-0.0714285722035772	0	0.484613220815753	0.486132208157525	McGill0009
-0.0476190463273714	0	0.486132208157525	0.486638537271449	McGill0009
-0.0238095231637767	0	0.486638537271449	0.487876230661041	McGill0009
-0.0476190463273714	0	0.487876230661041	0.490070323488045	McGill0009
-0.0714285722035772	0	0.490070323488045	0.491926863572433	McGill0009
-0.0952380926549248	0	0.491926863572433	0.492151898734177	McGill0009
-0.0714285722035772	0	0.492151898734177	0.493502109704641	McGill0009
-0.0476190463273714	0	0.493502109704641	0.49563994374121	McGill0009
-0.0238095231637767	0	0.49563994374121	0.495696202531646	McGill0009
-0.0238095231637767	0	0.499521800281294	0.499746835443038	McGill0009
-0.0476190463273714	0	0.499746835443038	0.499971870604782	McGill0009
-0.0714285722035772	0	0.499971870604782	0.504978902953587	McGill0009
-0.0476190463273714	0	0.504978902953587	0.505260196905767	McGill0009
-0.0238095231637767	0	0.505260196905767	0.505316455696203	McGill0009
-0.0238095231637767	0	0.505766526019691	0.507060478199719	McGill0009
-0.0476190463273714	0	0.507060478199719	0.507623066104079	McGill0009
-0.0714285722035772	0	0.507623066104079	0.511223628691983	McGill0009
-0.0476190463273714	0	0.511223628691983	0.512405063291139	McGill0009
-0.0714285722035772	0	0.512405063291139	0.512630098452883	McGill0009
-0.0476190463273714	0	0.512630098452883	0.513192686357243	McGill0009
-0.0238095231637767	0	0.513192686357243	0.515274261603376	McGill0009
-0.0476190463273714	0	0.515274261603376	0.5171870604782	McGill0009
-0.0714285722035772	0	0.5171870604782	0.51803094233474	McGill0009
-0.0476190463273714	0	0.51803094233474	0.518818565400844	McGill0009
-0.0714285722035772	0	0.518818565400844	0.519099859353024	McGill0009
-0.0952380926549248	0	0.519099859353024	0.52084388185654	McGill0009
-0.0714285722035772	0	0.52084388185654	0.521181434599156	McGill0009
-0.0952380926549248	0	0.521181434599156	0.522194092827004	McGill0009
-0.119047618530949	0	0.522194092827004	0.522700421940928	McGill0009
-0.0952380926549248	0	0.522700421940928	0.524444444444445	McGill0009
-0.0714285722035772	0	0.524444444444445	0.524669479606189	McGill0009
-0.0476190463273714	0	0.524669479606189	0.526807313642757	McGill0009
-0.0238095231637767	0	0.526807313642757	0.527819971870605	McGill0009
-0.0238095231637767	0	0.531814345991561	0.533670886075949	McGill0009
-0.0476190463273714	0	0.533670886075949	0.534402250351618	McGill0009
-0.0714285722035772	0	0.534402250351618	0.53732770745429	McGill0009
-0.0476190463273714	0	0.53732770745429	0.539240506329114	McGill0009
-0.0238095231637767	0	0.539240506329114	0.539971870604782	McGill0009
-0.0238095231637767	0	0.54182841068917	0.54379746835443	McGill0009
-0.0238095231637767	0	0.544360056258791	0.544866385372715	McGill0009
-0.0476190463273714	0	0.544866385372715	0.546160337552743	McGill0009
-0.0714285722035772	0	0.546160337552743	0.546666666666667	McGill0009
-0.0952380926549248	0	0.546666666666667	0.547454289732771	McGill0009
-0.119047618530949	0	0.547454289732771	0.549929676511955	McGill0009
-0.0952380926549248	0	0.549929676511955	0.550379746835443	McGill0009
-0.0714285722035772	0	0.550379746835443	0.551729957805907	McGill0009
-0.0476190463273714	0	0.551729957805907	0.551842475386779	McGill0009
-0.0714285722035772	0	0.551842475386779	0.552292545710267	McGill0009
-0.0476190463273714	0	0.552292545710267	0.553080168776371	McGill0009
-0.0238095231637767	0	0.553080168776371	0.556174402250352	McGill0009
-0.0476190463273714	0	0.556174402250352	0.55746835443038	McGill0009
-0.0238095231637767	0	0.55746835443038	0.561800281293952	McGill0009
-0.0238095231637767	0	0.562137834036568	0.567482419127989	McGill0009
-0.0238095231637767	0	0.570126582278481	0.570632911392405	McGill0009
-0.0476190463273714	0	0.570632911392405	0.572264416315049	McGill0009
-0.0714285722035772	0	0.572264416315049	0.57563994374121	McGill0009
-0.0476190463273714	0	0.57563994374121	0.576090014064698	McGill0009
-0.0238095231637767	0	0.576090014064698	0.57789029535865	McGill0009
-0.0238095231637767	0	0.579240506329114	0.58295358649789	McGill0009
-0.0476190463273714	0	0.58295358649789	0.584528832630098	McGill0009
-0.0238095231637767	0	0.584528832630098	0.587398030942335	McGill0009
-0.0476190463273714	0	0.587398030942335	0.588523206751055	McGill0009
-0.0238095231637767	0	0.588523206751055	0.589479606188467	McGill0009
-0.0476190463273714	0	0.589479606188467	0.589704641350211	McGill0009
-0.0714285722035772	0	0.589704641350211	0.591786216596343	McGill0009
-0.0476190463273714	0	0.591786216596343	0.592967651195499	McGill0009
-0.0238095231637767	0	0.592967651195499	0.593642756680731	McGill0009
-0.0476190463273714	0	0.593642756680731	0.594205344585092	McGill0009
-0.0238095231637767	0	0.594205344585092	0.597412095639944	McGill0009
-0.0476190463273714	0	0.597412095639944	0.597580872011252	McGill0009
-0.0714285722035772	0	0.597580872011252	0.597637130801688	McGill0009
-0.0952380926549248	0	0.597637130801688	0.597693389592124	McGill0009
-0.119047618530949	0	0.597693389592124	0.598762306610408	McGill0009
-0.142857144407154	0	0.598762306610408	0.598931082981716	McGill0009
-0.16666667028336	0	0.598931082981716	0.59915611814346	McGill0009
-0.142857144407154	0	0.59915611814346	0.599212376933896	McGill0009
-0.190476185309486	0	0.599212376933896	0.602081575246132	McGill0009
-0.16666667028336	0	0.602081575246132	0.602700421940928	McGill0009
-0.142857144407154	0	0.602700421940928	0.603206751054852	McGill0009
-0.119047618530949	0	0.603206751054852	0.603319268635724	McGill0009
-0.0952380926549248	0	0.603319268635724	0.604388185654008	McGill0009
-0.0714285722035772	0	0.604388185654008	0.604500703234881	McGill0009
-0.0476190463273714	0	0.604500703234881	0.604838255977497	McGill0009
-0.0238095231637767	0	0.605119549929677	0.606132208157525	McGill0009
-0.0476190463273714	0	0.606132208157525	0.608551336146273	McGill0009
-0.0714285722035772	0	0.608551336146273	0.610689170182841	McGill0009
-0.0476190463273714	0	0.610689170182841	0.611645569620253	McGill0009
-0.0238095231637767	0	0.611645569620253	0.612601969057665	McGill0009
-0.0476190463273714	0	0.612601969057665	0.614120956399438	McGill0009
-0.0238095231637767	0	0.614120956399438	0.614177215189874	McGill0009
-0.0476190463273714	0	0.614177215189874	0.618115330520394	McGill0009
-0.0238095231637767	0	0.618115330520394	0.619746835443038	McGill0009
-0.0238095231637767	0	0.620084388185654	0.620646976090014	McGill0009
-0.0476190463273714	0	0.620646976090014	0.622222222222222	McGill0009
-0.0238095231637767	0	0.622222222222222	0.623122362869198	McGill0009
-0.0476190463273714	0	0.623122362869198	0.624135021097047	McGill0009
-0.0714285722035772	0	0.624135021097047	0.626216596343179	McGill0009
-0.0476190463273714	0	0.626216596343179	0.628748241912799	McGill0009
-0.0714285722035772	0	0.628748241912799	0.629704641350211	McGill0009
-0.0476190463273714	0	0.629704641350211	0.630210970464135	McGill0009
-0.0714285722035772	0	0.630210970464135	0.631054852320675	McGill0009
-0.0952380926549248	0	0.631054852320675	0.634205344585091	McGill0009
-0.0714285722035772	0	0.634205344585091	0.634374120956399	McGill0009
-0.0476190463273714	0	0.634374120956399	0.63465541490858	McGill0009
-0.0714285722035772	0	0.63465541490858	0.635836849507736	McGill0009
-0.0476190463273714	0	0.635836849507736	0.636680731364276	McGill0009
-0.0238095231637767	0	0.636680731364276	0.638987341772152	McGill0009
-0.0238095231637767	0	0.639268635724332	0.64168776371308	McGill0009
-0.0476190463273714	0	0.64168776371308	0.642756680731364	McGill0009
-0.0952380926549248	0	0.642756680731364	0.64365682137834	McGill0009
-0.119047618530949	0	0.64365682137834	0.643994374120956	McGill0009
-0.16666667028336	0	0.643994374120956	0.644894514767933	McGill0009
-0.142857144407154	0	0.644894514767933	0.646751054852321	McGill0009
-0.16666667028336	0	0.646751054852321	0.647313642756681	McGill0009
-0.142857144407154	0	0.647313642756681	0.647876230661041	McGill0009
-0.16666667028336	0	0.647876230661041	0.647932489451477	McGill0009
-0.142857144407154	0	0.647932489451477	0.648045007032349	McGill0009
-0.16666667028336	0	0.648045007032349	0.648213783403657	McGill0009
-0.190476185309486	0	0.648213783403657	0.648326300984529	McGill0009
-0.16666667028336	0	0.648326300984529	0.648382559774965	McGill0009
-0.142857144407154	0	0.648382559774965	0.648495077355837	McGill0009
-0.190476185309486	0	0.648495077355837	0.648551336146273	McGill0009
-0.238095237062261	0	0.648551336146273	0.649282700421941	McGill0009
-0.261904762937739	0	0.649282700421941	0.649507735583685	McGill0009
-0.238095237062261	0	0.649507735583685	0.649563994374121	McGill0009
-0.214285711184963	0	0.649563994374121	0.650914205344585	McGill0009
-0.238095237062261	0	0.650914205344585	0.652151898734177	McGill0009
-0.214285711184963	0	0.652151898734177	0.653502109704641	McGill0009
-0.16666667028336	0	0.653502109704641	0.653614627285513	McGill0009
-0.142857144407154	0	0.653614627285513	0.653670886075949	McGill0009
-0.119047618530949	0	0.653670886075949	0.654120956399438	McGill0009
-0.0952380926549248	0	0.654120956399438	0.654177215189873	McGill0009
-0.0714285722035772	0	0.654177215189873	0.65479606188467	McGill0009
-0.0476190463273714	0	0.65479606188467	0.65648382559775	McGill0009
-0.0238095231637767	0	0.65648382559775	0.656821378340366	McGill0009
-0.0476190463273714	0	0.656821378340366	0.657552742616034	McGill0009
-0.0714285722035772	0	0.657552742616034	0.657721518987342	McGill0009
-0.0952380926549248	0	0.657721518987342	0.659746835443038	McGill0009
-0.0714285722035772	0	0.659746835443038	0.662222222222222	McGill0009
-0.0476190463273714	0	0.662222222222222	0.66239099859353	McGill0009
-0.0714285722035772	0	0.66239099859353	0.662447257383966	McGill0009
-0.0476190463273714	0	0.662447257383966	0.662728551336146	McGill0009
-0.0714285722035772	0	0.662728551336146	0.663178621659634	McGill0009
-0.0476190463273714	0	0.663178621659634	0.667960618846695	McGill0009
-0.0238095231637767	0	0.667960618846695	0.668298171589311	McGill0009
-0.0238095231637767	0	0.670267229254571	0.672855133614627	McGill0009
-0.0476190463273714	0	0.672855133614627	0.673136427566807	McGill0009
-0.0714285722035772	0	0.673136427566807	0.675893108298172	McGill0009
-0.0476190463273714	0	0.675893108298172	0.67831223628692	McGill0009
-0.0714285722035772	0	0.67831223628692	0.678368495077356	McGill0009
-0.0476190463273714	0	0.678368495077356	0.678762306610408	McGill0009
-0.0238095231637767	0	0.678762306610408	0.680112517580872	McGill0009
-0.0476190463273714	0	0.680112517580872	0.681912798874824	McGill0009
-0.0714285722035772	0	0.681912798874824	0.682925457102672	McGill0009
-0.0952380926549248	0	0.682925457102672	0.683825597749648	McGill0009
-0.0714285722035772	0	0.683825597749648	0.685738396624473	McGill0009
-0.0476190463273714	0	0.685738396624473	0.687313642756681	McGill0009
-0.0238095231637767	0	0.687313642756681	0.687369901547117	McGill0009
-0.0476190463273714	0	0.687369901547117	0.688045007032349	McGill0009
-0.0714285722035772	0	0.688045007032349	0.688326300984529	McGill0009
-0.0476190463273714	0	0.688326300984529	0.689845288326301	McGill0009
-0.0714285722035772	0	0.689845288326301	0.690351617440225	McGill0009
-0.0952380926549248	0	0.690351617440225	0.692939521800281	McGill0009
-0.0714285722035772	0	0.692939521800281	0.693670886075949	McGill0009
-0.0476190463273714	0	0.693670886075949	0.694008438818566	McGill0009
-0.0714285722035772	0	0.694008438818566	0.695471167369902	McGill0009
-0.0476190463273714	0	0.695471167369902	0.695977496483826	McGill0009
-0.0238095231637767	0	0.695977496483826	0.697383966244726	McGill0009
-0.0476190463273714	0	0.697383966244726	0.699521800281294	McGill0009
-0.0238095231637767	0	0.699521800281294	0.69985935302391	McGill0009
-0.0714285722035772	0	0.69985935302391	0.701209563994374	McGill0009
-0.0476190463273714	0	0.701209563994374	0.702053445850914	McGill0009
-0.0238095231637767	0	0.702053445850914	0.702278481012658	McGill0009
-0.0476190463273714	0	0.702278481012658	0.705485232067511	McGill0009
-0.0238095231637767	0	0.705485232067511	0.707791842475387	McGill0009
-0.0238095231637767	0	0.715443037974684	0.721068917018284	McGill0009
-0.0476190463273714	0	0.721462728551336	0.722925457102672	McGill0009
-0.0714285722035772	0	0.722925457102672	0.723150492264416	McGill0009
-0.0952380926549248	0	0.723150492264416	0.723488045007032	McGill0009
-0.119047618530949	0	0.723488045007032	0.726976090014065	McGill0009
-0.0952380926549248	0	0.726976090014065	0.727032348804501	McGill0009
-0.0714285722035772	0	0.727032348804501	0.727651195499297	McGill0009
-0.0952380926549248	0	0.727651195499297	0.728551336146273	McGill0009
-0.0476190463273714	0	0.728551336146273	0.728720112517581	McGill0009
-0.0714285722035772	0	0.728720112517581	0.728776371308017	McGill0009
-0.0476190463273714	0	0.728776371308017	0.733220815752461	McGill0009
-0.0238095231637767	0	0.733220815752461	0.734064697609001	McGill0009
-0.0714285722035772	0	0.734064697609001	0.734289732770745	McGill0009
-0.0476190463273714	0	0.734289732770745	0.737271448663854	McGill0009
-0.0714285722035772	0	0.737271448663854	0.737665260196906	McGill0009
-0.0476190463273714	0	0.737665260196906	0.738227848101266	McGill0009
-0.0714285722035772	0	0.738227848101266	0.738509142053446	McGill0009
-0.0952380926549248	0	0.738509142053446	0.73957805907173	McGill0009
-0.0714285722035772	0	0.73957805907173	0.739915611814346	McGill0009
-0.0476190463273714	0	0.739915611814346	0.740365682137834	McGill0009
-0.0714285722035772	0	0.740365682137834	0.740759493670886	McGill0009
-0.0952380926549248	0	0.740759493670886	0.74182841068917	McGill0009
-0.119047618530949	0	0.74182841068917	0.742784810126582	McGill0009
-0.0952380926549248	0	0.742784810126582	0.743628691983122	McGill0009
-0.119047618530949	0	0.743628691983122	0.743853727144867	McGill0009
-0.0952380926549248	0	0.743853727144867	0.74407876230661	McGill0009
-0.119047618530949	0	0.74407876230661	0.745316455696203	McGill0009
-0.142857144407154	0	0.745316455696203	0.745879043600563	McGill0009
-0.16666667028336	0	0.745879043600563	0.745935302390999	McGill0009
-0.142857144407154	0	0.745935302390999	0.746329113924051	McGill0009
-0.119047618530949	0	0.746329113924051	0.747285513361463	McGill0009
-0.0714285722035772	0	0.747285513361463	0.748691983122363	McGill0009
-0.0952380926549248	0	0.748691983122363	0.748860759493671	McGill0009
-0.0714285722035772	0	0.748860759493671	0.749535864978903	McGill0009
-0.0476190463273714	0	0.749535864978903	0.750661040787623	McGill0009
-0.0238095231637767	0	0.750661040787623	0.754261603375527	McGill0009
-0.0238095231637767	0	0.756962025316456	0.757299578059072	McGill0009
-0.0476190463273714	0	0.757299578059072	0.758818565400844	McGill0009
-0.0714285722035772	0	0.758818565400844	0.762081575246132	McGill0009
-0.0952380926549248	0	0.762081575246132	0.76253164556962	McGill0009
-0.0714285722035772	0	0.76253164556962	0.762869198312236	McGill0009
-0.0476190463273714	0	0.762869198312236	0.763037974683544	McGill0009
-0.0714285722035772	0	0.763037974683544	0.763881856540084	McGill0009
-0.0952380926549248	0	0.763881856540084	0.764106891701828	McGill0009
-0.119047618530949	0	0.764106891701828	0.764163150492264	McGill0009
-0.0952380926549248	0	0.764163150492264	0.767651195499297	McGill0009
-0.0714285722035772	0	0.767651195499297	0.768495077355837	McGill0009
-0.0476190463273714	0	0.768495077355837	0.769451476793249	McGill0009
-0.0238095231637767	0	0.769451476793249	0.770070323488045	McGill0009
-0.0476190463273714	0	0.770070323488045	0.770295358649789	McGill0009
-0.0714285722035772	0	0.770295358649789	0.771645569620253	McGill0009
-0.0952380926549248	0	0.771645569620253	0.773839662447258	McGill0009
-0.119047618530949	0	0.773839662447258	0.775189873417722	McGill0009
-0.0952380926549248	0	0.775189873417722	0.775696202531646	McGill0009
-0.0714285722035772	0	0.775696202531646	0.77592123769339	McGill0009
-0.0476190463273714	0	0.77592123769339	0.777158931082982	McGill0009
-0.0238095231637767	0	0.777158931082982	0.778002812939522	McGill0009
-0.0476190463273714	0	0.778002812939522	0.779409282700422	McGill0009
-0.0238095231637767	0	0.779409282700422	0.780084388185654	McGill0009
-0.0714285722035772	0	0.780084388185654	0.78239099859353	McGill0009
-0.0952380926549248	0	0.78239099859353	0.782784810126582	McGill0009
-0.0714285722035772	0	0.782784810126582	0.783572433192686	McGill0009
-0.0952380926549248	0	0.783572433192686	0.784472573839662	McGill0009
-0.0714285722035772	0	0.784472573839662	0.784810126582278	McGill0009
-0.0476190463273714	0	0.784810126582278	0.784922644163151	McGill0009
-0.0714285722035772	0	0.784922644163151	0.784978902953587	McGill0009
-0.0952380926549248	0	0.784978902953587	0.787004219409283	McGill0009
-0.119047618530949	0	0.787004219409283	0.788016877637131	McGill0009
-0.0952380926549248	0	0.788016877637131	0.789085794655415	McGill0009
-0.0714285722035772	0	0.789085794655415	0.789817158931083	McGill0009
-0.0952380926549248	0	0.789817158931083	0.790323488045007	McGill0009
-0.119047618530949	0	0.790323488045007	0.790548523206751	McGill0009
-0.0714285722035772	0	0.790548523206751	0.791054852320675	McGill0009
-0.0952380926549248	0	0.791054852320675	0.791504922644163	McGill0009
-0.119047618530949	0	0.791504922644163	0.792292545710267	McGill0009
-0.0952380926549248	0	0.792292545710267	0.795386779184248	McGill0009
-0.0714285722035772	0	0.795386779184248	0.795836849507736	McGill0009
-0.0476190463273714	0	0.795836849507736	0.796680731364276	McGill0009
-0.0238095231637767	0	0.796680731364276	0.797018284106892	McGill0009
-0.0476190463273714	0	0.797018284106892	0.797130801687764	McGill0009
-0.0238095231637767	0	0.797130801687764	0.802137834036568	McGill0009
-0.0476190463273714	0	0.802137834036568	0.802362869198312	McGill0009
-0.0238095231637767	0	0.802362869198312	0.805513361462729	McGill0009
-0.0476190463273714	0	0.805513361462729	0.806807313642757	McGill0009
-0.0714285722035772	0	0.806807313642757	0.807538677918425	McGill0009
-0.0476190463273714	0	0.807538677918425	0.807988748241913	McGill0009
-0.0714285722035772	0	0.807988748241913	0.811082981715893	McGill0009
-0.0476190463273714	0	0.811082981715893	0.812376933895921	McGill0009
-0.0238095231637767	0	0.812376933895921	0.813389592123769	McGill0009
-0.0476190463273714	0	0.813389592123769	0.813614627285513	McGill0009
-0.0238095231637767	0	0.813614627285513	0.817665260196906	McGill0009
-0.0238095231637767	0	0.818790436005626	0.824416315049226	McGill0009
-0.0238095231637767	0	0.828185654008439	0.828860759493671	McGill0009
-0.0476190463273714	0	0.828860759493671	0.833642756680731	McGill0009
-0.0238095231637767	0	0.833642756680731	0.833924050632911	McGill0009
-0.0476190463273714	0	0.833924050632911	0.834486638537272	McGill0009
-0.0238095231637767	0	0.834486638537272	0.837974683544304	McGill0009
-0.0476190463273714	0	0.837974683544304	0.839324894514768	McGill0009
-0.0238095231637767	0	0.839324894514768	0.839943741209564	McGill0009
-0.0476190463273714	0	0.839943741209564	0.8428129395218	McGill0009
-0.0238095231637767	0	0.8428129395218	0.845119549929677	McGill0009
-0.0476190463273714	0	0.845119549929677	0.845513361462729	McGill0009
-0.0238095231637767	0	0.845513361462729	0.850407876230661	McGill0009
-0.0238095231637767	0	0.869310829817159	0.870773558368495	McGill0009
-0.0476190463273714	0	0.870773558368495	0.874317862165963	McGill0009
-0.0238095231637767	0	0.874317862165963	0.87634317862166	McGill0009
-0.0238095231637767	0	0.877074542897328	0.878143459915612	McGill0009
-0.0476190463273714	0	0.878143459915612	0.879549929676512	McGill0009
-0.0714285722035772	0	0.879549929676512	0.879831223628692	McGill0009
-0.0952380926549248	0	0.879831223628692	0.881631504922644	McGill0009
-0.0714285722035772	0	0.881631504922644	0.883769338959212	McGill0009
-0.0476190463273714	0	0.883769338959212	0.884331926863572	McGill0009
-0.0714285722035772	0	0.884331926863572	0.885063291139241	McGill0009
-0.0952380926549248	0	0.885063291139241	0.885119549929677	McGill0009
-0.0714285722035772	0	0.885119549929677	0.885400843881857	McGill0009
-0.0476190463273714	0	0.885400843881857	0.886751054852321	McGill0009
-0.0714285722035772	0	0.886751054852321	0.889226441631505	McGill0009
-0.0952380926549248	0	0.889226441631505	0.889789029535865	McGill0009
-0.0714285722035772	0	0.889789029535865	0.890464135021097	McGill0009
-0.0952380926549248	0	0.890464135021097	0.890632911392405	McGill0009
-0.0714285722035772	0	0.890632911392405	0.890801687763713	McGill0009
-0.0952380926549248	0	0.890801687763713	0.890914205344585	McGill0009
-0.119047618530949	0	0.890914205344585	0.891026722925457	McGill0009
-0.142857144407154	0	0.891026722925457	0.891251758087201	McGill0009
-0.16666667028336	0	0.891251758087201	0.892320675105485	McGill0009
-0.142857144407154	0	0.892320675105485	0.892489451476793	McGill0009
-0.16666667028336	0	0.892489451476793	0.892658227848101	McGill0009
-0.190476185309486	0	0.892658227848101	0.892714486638537	McGill0009
-0.214285711184963	0	0.892714486638537	0.892883263009845	McGill0009
-0.238095237062261	0	0.892883263009845	0.893052039381153	McGill0009
-0.261904762937739	0	0.893052039381153	0.893389592123769	McGill0009
-0.285714288815037	0	0.893389592123769	0.893502109704641	McGill0009
-0.309523814690514	0	0.893502109704641	0.894402250351618	McGill0009
-0.333333340565992	0	0.894402250351618	0.894571026722925	McGill0009
-0.35714286644329	0	0.894571026722925	0.894852320675106	McGill0009
-0.333333340565992	0	0.894852320675106	0.894964838255978	McGill0009
-0.380952370618971	0	0.894964838255978	0.895021097046414	McGill0009
-0.404761896496269	0	0.895021097046414	0.895527426160338	McGill0009
-0.428571422371747	0	0.895527426160338	0.895864978902954	McGill0009
-0.452380948247224	0	0.895864978902954	0.89592123769339	McGill0009
-0.5	0	0.89592123769339	0.896033755274262	McGill0009
-0.476190474124522	0	0.896033755274262	0.896371308016878	McGill0009
-0.452380948247224	0	0.896371308016878	0.896427566807314	McGill0009
-0.476190474124522	0	0.896427566807314	0.89648382559775	McGill0009
-0.452380948247224	0	0.89648382559775	0.896540084388186	McGill0009
-0.428571422371747	0	0.896540084388186	0.89676511954993	McGill0009
-0.476190474124522	0	0.89676511954993	0.897383966244726	McGill0009
-0.5	0	0.897383966244726	0.897440225035162	McGill0009
-0.523809525877298	0	0.897440225035162	0.897721518987342	McGill0009
-0.547619051752776	0	0.897721518987342	0.897834036568214	McGill0009
-0.571428577628253	0	0.897834036568214	0.89789029535865	McGill0009
-0.595238103505551	0	0.89789029535865	0.898002812939522	McGill0009
-0.619047629381029	0	0.898002812939522	0.898115330520394	McGill0009
-0.595238103505551	0	0.898115330520394	0.898227848101266	McGill0009
-0.571428577628253	0	0.898227848101266	0.898284106891702	McGill0009
-0.595238103505551	0	0.898284106891702	0.898396624472574	McGill0009
-0.619047629381029	0	0.898396624472574	0.89845288326301	McGill0009
-0.595238103505551	0	0.89845288326301	0.898565400843882	McGill0009
-0.571428577628253	0	0.898565400843882	0.89873417721519	McGill0009
-0.595238103505551	0	0.89873417721519	0.898846694796062	McGill0009
-0.571428577628253	0	0.898846694796062	0.899127988748242	McGill0009
-0.547619051752776	0	0.899127988748242	0.899465541490858	McGill0009
-0.571428577628253	0	0.899465541490858	0.899803094233474	McGill0009
-0.547619051752776	0	0.899803094233474	0.899915611814346	McGill0009
-0.571428577628253	0	0.899915611814346	0.90014064697609	McGill0009
-0.547619051752776	0	0.90014064697609	0.900309423347398	McGill0009
-0.571428577628253	0	0.900309423347398	0.900534458509142	McGill0009
-0.547619051752776	0	0.900534458509142	0.900590717299578	McGill0009
-0.523809525877298	0	0.900590717299578	0.90070323488045	McGill0009
-0.547619051752776	0	0.90070323488045	0.901040787623066	McGill0009
-0.571428577628253	0	0.901040787623066	0.901153305203938	McGill0009
-0.547619051752776	0	0.901153305203938	0.901209563994374	McGill0009
-0.595238103505551	0	0.901209563994374	0.901322081575246	McGill0009
-0.619047629381029	0	0.901322081575246	0.901378340365682	McGill0009
-0.642857155256507	0	0.901378340365682	0.901434599156118	McGill0009
-0.595238103505551	0	0.901434599156118	0.901490857946554	McGill0009
-0.571428577628253	0	0.901490857946554	0.90154711673699	McGill0009
-0.595238103505551	0	0.90154711673699	0.90182841068917	McGill0009
-0.571428577628253	0	0.90182841068917	0.901884669479606	McGill0009
-0.547619051752776	0	0.901884669479606	0.901997187060478	McGill0009
-0.571428577628253	0	0.901997187060478	0.90210970464135	McGill0009
-0.595238103505551	0	0.90210970464135	0.902334739803094	McGill0009
-0.571428577628253	0	0.902334739803094	0.90239099859353	McGill0009
-0.547619051752776	0	0.90239099859353	0.902897327707454	McGill0009
-0.571428577628253	0	0.902897327707454	0.90295358649789	McGill0009
-0.547619051752776	0	0.90295358649789	0.903009845288326	McGill0009
-0.523809525877298	0	0.903009845288326	0.903122362869198	McGill0009
-0.547619051752776	0	0.903122362869198	0.903347398030942	McGill0009
-0.476190474124522	0	0.903347398030942	0.903459915611814	McGill0009
-0.452380948247224	0	0.903459915611814	0.903741209563994	McGill0009
-0.476190474124522	0	0.903741209563994	0.90379746835443	McGill0009
-0.452380948247224	0	0.90379746835443	0.904078762306611	McGill0009
-0.476190474124522	0	0.904078762306611	0.904191279887482	McGill0009
-0.452380948247224	0	0.904191279887482	0.90436005625879	McGill0009
-0.476190474124522	0	0.90436005625879	0.904585091420534	McGill0009
-0.5	0	0.904585091420534	0.904810126582279	McGill0009
-0.523809525877298	0	0.904810126582279	0.905035161744023	McGill0009
-0.476190474124522	0	0.905035161744023	0.905147679324894	McGill0009
-0.5	0	0.905147679324894	0.905203938115331	McGill0009
-0.476190474124522	0	0.905203938115331	0.905766526019691	McGill0009
-0.452380948247224	0	0.905766526019691	0.906216596343179	McGill0009
-0.476190474124522	0	0.906216596343179	0.906272855133615	McGill0009
-0.452380948247224	0	0.906272855133615	0.906666666666667	McGill0009
-0.476190474124522	0	0.906666666666667	0.906779184247539	McGill0009
-0.452380948247224	0	0.906779184247539	0.906835443037975	McGill0009
-0.428571422371747	0	0.906835443037975	0.906891701828411	McGill0009
-0.380952370618971	0	0.906891701828411	0.907116736990155	McGill0009
-0.404761896496269	0	0.907116736990155	0.907398030942335	McGill0009
-0.380952370618971	0	0.907398030942335	0.907566807313643	McGill0009
-0.35714286644329	0	0.907566807313643	0.907679324894515	McGill0009
-0.333333340565992	0	0.907679324894515	0.907791842475387	McGill0009
-0.35714286644329	0	0.907791842475387	0.907960618846695	McGill0009
-0.404761896496269	0	0.907960618846695	0.908129395218003	McGill0009
-0.428571422371747	0	0.908129395218003	0.908185654008439	McGill0009
-0.452380948247224	0	0.908185654008439	0.908241912798875	McGill0009
-0.476190474124522	0	0.908241912798875	0.908298171589311	McGill0009
-0.5	0	0.908298171589311	0.908354430379747	McGill0009
-0.523809525877298	0	0.908354430379747	0.908410689170183	McGill0009
-0.5	0	0.908410689170183	0.908691983122363	McGill0009
-0.523809525877298	0	0.908691983122363	0.908748241912799	McGill0009
-0.5	0	0.908748241912799	0.908917018284107	McGill0009
-0.547619051752776	0	0.908917018284107	0.909142053445851	McGill0009
-0.523809525877298	0	0.909142053445851	0.909367088607595	McGill0009
-0.547619051752776	0	0.909367088607595	0.909423347398031	McGill0009
-0.571428577628253	0	0.909423347398031	0.909648382559775	McGill0009
-0.595238103505551	0	0.909648382559775	0.909704641350211	McGill0009
-0.571428577628253	0	0.909704641350211	0.909760900140647	McGill0009
-0.595238103505551	0	0.909760900140647	0.909929676511955	McGill0009
-0.619047629381029	0	0.909929676511955	0.910154711673699	McGill0009
-0.595238103505551	0	0.910154711673699	0.910210970464135	McGill0009
-0.619047629381029	0	0.910210970464135	0.910267229254571	McGill0009
-0.642857155256507	0	0.910267229254571	0.910379746835443	McGill0009
-0.619047629381029	0	0.910379746835443	0.910548523206751	McGill0009
-0.690476207009282	0	0.910548523206751	0.910661040787623	McGill0009
-0.71428573288658	0	0.910661040787623	0.910773558368495	McGill0009
-0.690476207009282	0	0.910773558368495	0.910829817158931	McGill0009
-0.738095258762058	0	0.910829817158931	0.911111111111111	McGill0009
-0.71428573288658	0	0.911111111111111	0.911448663853727	McGill0009
-0.761904741237942	0	0.911448663853727	0.911504922644163	McGill0009
-0.785714310514833	0	0.911504922644163	0.911729957805907	McGill0009
-0.809523792990718	0	0.911729957805907	0.911786216596343	McGill0009
-0.833333362265789	0	0.911786216596343	0.912067510548523	McGill0009
-0.857142844743494	0	0.912067510548523	0.912236286919831	McGill0009
-0.833333362265789	0	0.912236286919831	0.912461322081575	McGill0009
-0.809523792990718	0	0.912461322081575	0.912517580872011	McGill0009
-0.785714310514833	0	0.912517580872011	0.912630098452883	McGill0009
-0.809523792990718	0	0.912630098452883	0.912686357243319	McGill0009
-0.785714310514833	0	0.912686357243319	0.912798874824191	McGill0009
-0.809523792990718	0	0.912798874824191	0.912911392405063	McGill0009
-0.833333362265789	0	0.912911392405063	0.912967651195499	McGill0009
-0.904761896496269	0	0.912967651195499	0.913023909985935	McGill0009
-0.92857146577134	0	0.913023909985935	0.913080168776371	McGill0009
-0.904761896496269	0	0.913080168776371	0.913136427566807	McGill0009
-0.92857146577134	0	0.913136427566807	0.913192686357243	McGill0009
-0.952380948247224	0	0.913192686357243	0.913248945147679	McGill0009
-0.976190517524116	0	0.913248945147679	0.913473980309423	McGill0009
-0.952380948247224	0	0.913473980309423	0.913586497890295	McGill0009
-0.976190517524116	0	0.913586497890295	0.913699015471167	McGill0009
-1	0	0.913699015471167	0.913755274261603	McGill0009
-0.976190517524116	0	0.913755274261603	0.913811533052039	McGill0009
-0.92857146577134	0	0.913811533052039	0.913867791842475	McGill0009
-0.880952414018564	0	0.913867791842475	0.913924050632911	McGill0009
-0.857142844743494	0	0.913924050632911	0.913980309423347	McGill0009
-0.904761896496269	0	0.913980309423347	0.914261603375527	McGill0009
-0.880952414018564	0	0.914261603375527	0.914486638537271	McGill0009
-0.833333362265789	0	0.914486638537271	0.914655414908579	McGill0009
-0.857142844743494	0	0.914655414908579	0.914992967651196	McGill0009
-0.833333362265789	0	0.914992967651196	0.915161744022503	McGill0009
-0.785714310514833	0	0.915161744022503	0.915330520393812	McGill0009
-0.761904741237942	0	0.915330520393812	0.915836849507736	McGill0009
-0.71428573288658	0	0.915836849507736	0.915893108298172	McGill0009
-0.690476207009282	0	0.915893108298172	0.916005625879044	McGill0009
-0.71428573288658	0	0.916005625879044	0.916118143459916	McGill0009
-0.690476207009282	0	0.916118143459916	0.916230661040788	McGill0009
-0.666666681133805	0	0.916230661040788	0.91634317862166	McGill0009
-0.642857155256507	0	0.91634317862166	0.916455696202532	McGill0009
-0.619047629381029	0	0.916455696202532	0.916511954992968	McGill0009
-0.642857155256507	0	0.916511954992968	0.916736990154712	McGill0009
-0.666666681133805	0	0.916736990154712	0.916849507735584	McGill0009
-0.690476207009282	0	0.916849507735584	0.917018284106892	McGill0009
-0.642857155256507	0	0.917018284106892	0.917074542897328	McGill0009
-0.666666681133805	0	0.917074542897328	0.917130801687764	McGill0009
-0.690476207009282	0	0.917130801687764	0.917299578059072	McGill0009
-0.642857155256507	0	0.917299578059072	0.918199718706048	McGill0009
-0.595238103505551	0	0.918199718706048	0.918255977496484	McGill0009
-0.571428577628253	0	0.918255977496484	0.918537271448664	McGill0009
-0.523809525877298	0	0.918537271448664	0.9185935302391	McGill0009
-0.452380948247224	0	0.9185935302391	0.918706047819972	McGill0009
-0.428571422371747	0	0.918706047819972	0.918762306610408	McGill0009
-0.452380948247224	0	0.918762306610408	0.918931082981716	McGill0009
-0.428571422371747	0	0.918931082981716	0.919099859353024	McGill0009
-0.404761896496269	0	0.919099859353024	0.919268635724332	McGill0009
-0.380952370618971	0	0.919268635724332	0.919606188466948	McGill0009
-0.333333340565992	0	0.919606188466948	0.919943741209564	McGill0009
-0.309523814690514	0	0.919943741209564	0.920225035161744	McGill0009
-0.285714288815037	0	0.920225035161744	0.920956399437412	McGill0009
-0.309523814690514	0	0.920956399437412	0.92112517580872	McGill0009
-0.285714288815037	0	0.92112517580872	0.921575246132208	McGill0009
-0.261904762937739	0	0.921575246132208	0.922081575246132	McGill0009
-0.238095237062261	0	0.922081575246132	0.922137834036568	McGill0009
-0.214285711184963	0	0.922137834036568	0.922419127988748	McGill0009
-0.190476185309486	0	0.922419127988748	0.92253164556962	McGill0009
-0.16666667028336	0	0.92253164556962	0.922700421940928	McGill0009
-0.119047618530949	0	0.922700421940928	0.922869198312236	McGill0009
-0.142857144407154	0	0.922869198312236	0.922925457102672	McGill0009
-0.16666667028336	0	0.922925457102672	0.923544303797468	McGill0009
-0.190476185309486	0	0.923544303797468	0.923713080168776	McGill0009
-0.214285711184963	0	0.923713080168776	0.923825597749648	McGill0009
-0.238095237062261	0	0.923825597749648	0.924163150492264	McGill0009
-0.261904762937739	0	0.924163150492264	0.924331926863572	McGill0009
-0.238095237062261	0	0.924331926863572	0.926526019690577	McGill0009
-0.214285711184963	0	0.926526019690577	0.927088607594937	McGill0009
-0.238095237062261	0	0.927088607594937	0.927707454289733	McGill0009
-0.214285711184963	0	0.927707454289733	0.928101265822785	McGill0009
-0.190476185309486	0	0.928101265822785	0.928157524613221	McGill0009
-0.16666667028336	0	0.928157524613221	0.928326300984529	McGill0009
-0.142857144407154	0	0.928326300984529	0.928438818565401	McGill0009
-0.16666667028336	0	0.928438818565401	0.928495077355837	McGill0009
-0.142857144407154	0	0.928495077355837	0.928551336146273	McGill0009
-0.16666667028336	0	0.928551336146273	0.929113924050633	McGill0009
-0.0952380926549248	0	0.929113924050633	0.929789029535865	McGill0009
-0.0714285722035772	0	0.929789029535865	0.930914205344585	McGill0009
-0.0952380926549248	0	0.930914205344585	0.931983122362869	McGill0009
-0.119047618530949	0	0.931983122362869	0.932376933895921	McGill0009
-0.142857144407154	0	0.932376933895921	0.932658227848101	McGill0009
-0.119047618530949	0	0.932658227848101	0.933389592123769	McGill0009
-0.142857144407154	0	0.933389592123769	0.933839662447257	McGill0009
-0.16666667028336	0	0.933839662447257	0.934064697609001	McGill0009
-0.142857144407154	0	0.934064697609001	0.934177215189873	McGill0009
-0.119047618530949	0	0.934177215189873	0.934739803094234	McGill0009
-0.142857144407154	0	0.934739803094234	0.935133614627286	McGill0009
-0.16666667028336	0	0.935133614627286	0.935189873417722	McGill0009
-0.142857144407154	0	0.935189873417722	0.93648382559775	McGill0009
-0.119047618530949	0	0.93648382559775	0.93760900140647	McGill0009
-0.0952380926549248	0	0.93760900140647	0.938059071729958	McGill0009
-0.119047618530949	0	0.938059071729958	0.93845288326301	McGill0009
-0.142857144407154	0	0.93845288326301	0.938846694796062	McGill0009
-0.119047618530949	0	0.938846694796062	0.939240506329114	McGill0009
-0.0952380926549248	0	0.939240506329114	0.940365682137834	McGill0009
-0.0714285722035772	0	0.940365682137834	0.94042194092827	McGill0009
-0.0952380926549248	0	0.94042194092827	0.940759493670886	McGill0009
-0.0714285722035772	0	0.940759493670886	0.941603375527426	McGill0009
-0.0476190463273714	0	0.941603375527426	0.94182841068917	McGill0009
-0.0714285722035772	0	0.94182841068917	0.943684950773558	McGill0009
-0.0476190463273714	0	0.943684950773558	0.944022503516175	McGill0009
-0.0714285722035772	0	0.944022503516175	0.944416315049226	McGill0009
-0.0952380926549248	0	0.944416315049226	0.94548523206751	McGill0009
-0.0714285722035772	0	0.94548523206751	0.947454289732771	McGill0009
-0.0476190463273714	0	0.947454289732771	0.949198312236287	McGill0009
-0.0714285722035772	0	0.949198312236287	0.949535864978903	McGill0009
-0.0476190463273714	0	0.949535864978903	0.950042194092827	McGill0009
-0.0238095231637767	0	0.950042194092827	0.950829817158931	McGill0009
-0.0476190463273714	0	0.950829817158931	0.950942334739803	McGill0009
-0.0714285722035772	0	0.950942334739803	0.951954992967651	McGill0009
-0.0476190463273714	0	0.951954992967651	0.953811533052039	McGill0009
-0.0714285722035772	0	0.953811533052039	0.954880450070324	McGill0009
-0.0952380926549248	0	0.954880450070324	0.956399437412096	McGill0009
-0.0714285722035772	0	0.956399437412096	0.956511954992968	McGill0009
-0.0476190463273714	0	0.956511954992968	0.956962025316456	McGill0009
-0.0714285722035772	0	0.956962025316456	0.958087201125176	McGill0009
-0.119047618530949	0	0.958087201125176	0.95915611814346	McGill0009
-0.0952380926549248	0	0.95915611814346	0.959381153305204	McGill0009
-0.119047618530949	0	0.959381153305204	0.960450070323488	McGill0009
-0.0952380926549248	0	0.960450070323488	0.961856540084388	McGill0009
-0.119047618530949	0	0.961856540084388	0.962025316455696	McGill0009
-0.142857144407154	0	0.962025316455696	0.962587904360056	McGill0009
-0.119047618530949	0	0.962587904360056	0.962700421940928	McGill0009
-0.142857144407154	0	0.962700421940928	0.96365682137834	McGill0009
-0.0952380926549248	0	0.96365682137834	0.963938115330521	McGill0009
-0.119047618530949	0	0.963938115330521	0.963994374120956	McGill0009
-0.142857144407154	0	0.963994374120956	0.964950773558368	McGill0009
-0.119047618530949	0	0.964950773558368	0.966751054852321	McGill0009
-0.142857144407154	0	0.966751054852321	0.967369901547117	McGill0009
-0.119047618530949	0	0.967369901547117	0.967426160337553	McGill0009
-0.0952380926549248	0	0.967426160337553	0.967538677918425	McGill0009
-0.0714285722035772	0	0.967538677918425	0.968326300984529	McGill0009
-0.0476190463273714	0	0.968326300984529	0.968663853727145	McGill0009
-0.0714285722035772	0	0.968663853727145	0.968888888888889	McGill0009
-0.0952380926549248	0	0.968888888888889	0.969563994374121	McGill0009
-0.0714285722035772	0	0.969563994374121	0.972376933895921	McGill0009
-0.0476190463273714	0	0.972376933895921	0.974120956399437	McGill0009
-0.0238095231637767	0	0.974120956399437	0.974345991561181	McGill0009
-0.0238095231637767	0	0.977496483825598	0.980028129395218	McGill0009
-0.0476190463273714	0	0.980028129395218	0.981659634317862	McGill0009
-0.0714285722035772	0	0.981659634317862	0.983122362869198	McGill0009
-0.0476190463273714	0	0.983122362869198	0.984810126582279	McGill0009
-0.0714285722035772	0	0.984810126582279	0.985485232067511	McGill0009
-0.0476190463273714	0	0.985485232067511	0.987285513361463	McGill0009
-0.0238095231637767	0	0.987285513361463	0.990098452883263	McGill0009
-0.0238095231637767	0	0.991392405063291	0.992517580872011	McGill0009
-0.0476190463273714	0	0.992517580872011	0.995668073136428	McGill0009
-0.0714285722035772	0	0.995668073136428	0.995724331926864	McGill0009
-0.0952380926549248	0	0.995724331926864	0.996962025316456	McGill0009
-0.0714285722035772	0	0.996962025316456	0.997580872011252	McGill0009
-0.0952380926549248	0	0.997580872011252	0.998143459915612	McGill0009
-0.0714285722035772	0	0.998143459915612	0.998424753867792	McGill0009
-0.41666666084934	0	0.000618846694796062	0.00106891701828411	McGill0010
-0.333333321698095	0	0.00106891701828411	0.00315049226441632	McGill0010
-0.25	0	0.00315049226441632	0.00337552742616034	McGill0010
-0.0833333304243773	0	0.00337552742616034	0.00624472573839663	McGill0010
-0.0833333304243773	0	0.010464135021097	0.0117018284106892	McGill0010
-0.16666666084934	0	0.0117018284106892	0.0120956399437412	McGill0010
-0.25	0	0.0120956399437412	0.0159774964838256	McGill0010
-0.333333321698095	0	0.0159774964838256	0.0160900140646976	McGill0010
-0.25	0	0.0160900140646976	0.0173277074542897	McGill0010
-0.16666666084934	0	0.0173277074542897	0.0177215189873418	McGill0010
-0.0833333304243773	0	0.0177215189873418	0.0216033755274262	McGill0010
-0.0833333304243773	0	0.0265541490857947	0.029873417721519	McGill0010
-0.16666666084934	0	0.029873417721519	0.0315049226441632	McGill0010
-0.25	0	0.0315049226441632	0.0320112517580872	McGill0010
-0.333333321698095	0	0.0320112517580872	0.0321800281293952	McGill0010
-0.25	0	0.0321800281293952	0.0323488045007032	McGill0010
-0.333333321698095	0	0.0323488045007032	0.0336427566807314	McGill0010
-0.41666666084934	0	0.0336427566807314	0.0342053445850914	McGill0010
-0.5	0	0.0342053445850914	0.0354992967651196	McGill0010
-0.41666666084934	0	0.0354992967651196	0.0371308016877637	McGill0010
-0.333333321698095	0	0.0371308016877637	0.0376371308016878	McGill0010
-0.25	0	0.0376371308016878	0.0378621659634318	McGill0010
-0.333333321698095	0	0.0378621659634318	0.0379746835443038	McGill0010
-0.25	0	0.0379746835443038	0.0382559774964838	McGill0010
-0.16666666084934	0	0.0382559774964838	0.039549929676512	McGill0010
-0.25	0	0.039549929676512	0.039606188466948	McGill0010
-0.333333321698095	0	0.039606188466948	0.039831223628692	McGill0010
-0.25	0	0.039831223628692	0.0432630098452883	McGill0010
-0.16666666084934	0	0.0432630098452883	0.0450070323488045	McGill0010
-0.0833333304243773	0	0.0450070323488045	0.0452320675105485	McGill0010
-0.0833333304243773	0	0.050407876230661	0.0559774964838256	McGill0010
-0.0833333304243773	0	0.0567088607594937	0.0590154711673699	McGill0010
-0.16666666084934	0	0.0590154711673699	0.0609282700421941	McGill0010
-0.25	0	0.0609282700421941	0.0619409282700422	McGill0010
-0.333333321698095	0	0.0619409282700422	0.0623347398030942	McGill0010
-0.25	0	0.0623347398030942	0.0633473980309423	McGill0010
-0.333333321698095	0	0.0633473980309423	0.0646413502109705	McGill0010
-0.25	0	0.0646413502109705	0.0647538677918425	McGill0010
-0.333333321698095	0	0.0647538677918425	0.0658227848101266	McGill0010
-0.41666666084934	0	0.0658227848101266	0.0661040787623066	McGill0010
-0.5	0	0.0661040787623066	0.0665541490857947	McGill0010
-0.41666666084934	0	0.0665541490857947	0.0675668073136428	McGill0010
-0.333333321698095	0	0.0675668073136428	0.0689732770745429	McGill0010
-0.25	0	0.0689732770745429	0.070379746835443	McGill0010
-0.16666666084934	0	0.070379746835443	0.0714486638537271	McGill0010
-0.0833333304243773	0	0.0714486638537271	0.0773558368495077	McGill0010
-0.0833333304243773	0	0.0780309423347398	0.0794374120956399	McGill0010
-0.16666666084934	0	0.0794374120956399	0.079943741209564	McGill0010
-0.25	0	0.079943741209564	0.0832067510548523	McGill0010
-0.333333321698095	0	0.0832067510548523	0.0836568213783404	McGill0010
-0.25	0	0.0836568213783404	0.0850632911392405	McGill0010
-0.16666666084934	0	0.0850632911392405	0.0855696202531646	McGill0010
-0.0833333304243773	0	0.0855696202531646	0.0857383966244726	McGill0010
-0.16666666084934	0	0.0857383966244726	0.0864135021097046	McGill0010
-0.25	0	0.0864135021097046	0.0888326300984529	McGill0010
-0.16666666084934	0	0.0888326300984529	0.089395218002813	McGill0010
-0.25	0	0.089395218002813	0.0913080168776371	McGill0010
-0.16666666084934	0	0.0913080168776371	0.0920393811533052	McGill0010
-0.0833333304243773	0	0.0920393811533052	0.0929395218002813	McGill0010
-0.16666666084934	0	0.0929395218002813	0.0950210970464135	McGill0010
-0.0833333304243773	0	0.0950210970464135	0.0951898734177215	McGill0010
-0.16666666084934	0	0.0951898734177215	0.0954711673699016	McGill0010
-0.25	0	0.0954711673699016	0.0978902953586498	McGill0010
-0.333333321698095	0	0.0978902953586498	0.0979465541490858	McGill0010
-0.5	0	0.0979465541490858	0.0984528832630098	McGill0010
-0.41666666084934	0	0.0984528832630098	0.0985654008438818	McGill0010
-0.5	0	0.0985654008438818	0.099690576652602	McGill0010
-0.583333339151245	0	0.099690576652602	0.100759493670886	McGill0010
-0.5	0	0.100759493670886	0.101040787623066	McGill0010
-0.41666666084934	0	0.101040787623066	0.101715893108298	McGill0010
-0.5	0	0.101715893108298	0.10351617440225	McGill0010
-0.333333321698095	0	0.10351617440225	0.103572433192686	McGill0010
-0.25	0	0.103572433192686	0.104022503516174	McGill0010
-0.16666666084934	0	0.104022503516174	0.105203938115331	McGill0010
-0.0833333304243773	0	0.105203938115331	0.107341772151899	McGill0010
-0.0833333304243773	0	0.133614627285513	0.138846694796062	McGill0010
-0.16666666084934	0	0.138846694796062	0.139240506329114	McGill0010
-0.0833333304243773	0	0.139240506329114	0.144472573839662	McGill0010
-0.0833333304243773	0	0.156680731364276	0.162306610407876	McGill0010
-0.0833333304243773	0	0.163206751054852	0.16337552742616	McGill0010
-0.16666666084934	0	0.16337552742616	0.165682137834037	McGill0010
-0.25	0	0.165682137834037	0.168832630098453	McGill0010
-0.16666666084934	0	0.168832630098453	0.169001406469761	McGill0010
-0.0833333304243773	0	0.169001406469761	0.169507735583685	McGill0010
-0.16666666084934	0	0.169507735583685	0.171308016877637	McGill0010
-0.0833333304243773	0	0.171308016877637	0.171645569620253	McGill0010
-0.16666666084934	0	0.171645569620253	0.172264416315049	McGill0010
-0.25	0	0.172264416315049	0.173783403656821	McGill0010
-0.333333321698095	0	0.173783403656821	0.17507735583685	McGill0010
-0.25	0	0.17507735583685	0.177271448663854	McGill0010
-0.16666666084934	0	0.177271448663854	0.17789029535865	McGill0010
-0.0833333304243773	0	0.17789029535865	0.179353023909986	McGill0010
-0.0833333304243773	0	0.191336146272855	0.196962025316456	McGill0010
-0.0833333304243773	0	0.197018284106892	0.199943741209564	McGill0010
-0.16666666084934	0	0.199943741209564	0.201575246132208	McGill0010
-0.25	0	0.201575246132208	0.201631504922644	McGill0010
-0.333333321698095	0	0.201631504922644	0.202644163150492	McGill0010
-0.25	0	0.202644163150492	0.202700421940928	McGill0010
-0.333333321698095	0	0.202700421940928	0.20393811533052	McGill0010
-0.41666666084934	0	0.20393811533052	0.204388185654008	McGill0010
-0.5	0	0.204388185654008	0.205569620253165	McGill0010
-0.41666666084934	0	0.205569620253165	0.206188466947961	McGill0010
-0.5	0	0.206188466947961	0.207201125175809	McGill0010
-0.41666666084934	0	0.207201125175809	0.207257383966245	McGill0010
-0.333333321698095	0	0.207257383966245	0.208270042194093	McGill0010
-0.25	0	0.208270042194093	0.209451476793249	McGill0010
-0.16666666084934	0	0.209451476793249	0.209901547116737	McGill0010
-0.0833333304243773	0	0.209901547116737	0.210632911392405	McGill0010
-0.16666666084934	0	0.210632911392405	0.211814345991561	McGill0010
-0.0833333304243773	0	0.211814345991561	0.216258790436006	McGill0010
-0.0833333304243773	0	0.219409282700422	0.22210970464135	McGill0010
-0.16666666084934	0	0.22210970464135	0.224978902953587	McGill0010
-0.0833333304243773	0	0.224978902953587	0.225991561181435	McGill0010
-0.16666666084934	0	0.225991561181435	0.227510548523207	McGill0010
-0.0833333304243773	0	0.227510548523207	0.231617440225035	McGill0010
-0.0833333304243773	0	0.233023909985935	0.2385935302391	McGill0010
-0.0833333304243773	0	0.244163150492264	0.245119549929677	McGill0010
-0.16666666084934	0	0.245119549929677	0.246188466947961	McGill0010
-0.25	0	0.246188466947961	0.247426160337553	McGill0010
-0.333333321698095	0	0.247426160337553	0.249113924050633	McGill0010
-0.41666666084934	0	0.249113924050633	0.249451476793249	McGill0010
-0.5	0	0.249451476793249	0.249620253164557	McGill0010
-0.41666666084934	0	0.249620253164557	0.250745428973277	McGill0010
-0.333333321698095	0	0.250745428973277	0.251814345991561	McGill0010
-0.25	0	0.251814345991561	0.252770745428973	McGill0010
-0.16666666084934	0	0.252770745428973	0.253277074542897	McGill0010
-0.25	0	0.253277074542897	0.254739803094234	McGill0010
-0.16666666084934	0	0.254739803094234	0.25507735583685	McGill0010
-0.0833333304243773	0	0.25507735583685	0.25563994374121	McGill0010
-0.16666666084934	0	0.25563994374121	0.258902953586498	McGill0010
-0.0833333304243773	0	0.258902953586498	0.260534458509142	McGill0010
-0.0833333304243773	0	0.26070323488045	0.262841068917018	McGill0010
-0.16666666084934	0	0.262841068917018	0.265372714486639	McGill0010
-0.25	0	0.265372714486639	0.266216596343179	McGill0010
-0.16666666084934	0	0.266216596343179	0.266666666666667	McGill0010
-0.25	0	0.266666666666667	0.268466947960619	McGill0010
-0.16666666084934	0	0.268466947960619	0.270998593530239	McGill0010
-0.0833333304243773	0	0.270998593530239	0.271673699015471	McGill0010
-0.16666666084934	0	0.271673699015471	0.272292545710267	McGill0010
-0.0833333304243773	0	0.272292545710267	0.272461322081575	McGill0010
-0.16666666084934	0	0.272461322081575	0.277243319268636	McGill0010
-0.0833333304243773	0	0.277243319268636	0.278087201125176	McGill0010
-0.0833333304243773	0	0.278368495077356	0.279549929676512	McGill0010
-0.16666666084934	0	0.279549929676512	0.280900140646976	McGill0010
-0.25	0	0.280900140646976	0.281912798874824	McGill0010
-0.333333321698095	0	0.281912798874824	0.282419127988748	McGill0010
-0.41666666084934	0	0.282419127988748	0.283600562587904	McGill0010
-0.333333321698095	0	0.283600562587904	0.284275668073136	McGill0010
-0.41666666084934	0	0.284275668073136	0.284444444444444	McGill0010
-0.5	0	0.284444444444444	0.285175808720113	McGill0010
-0.41666666084934	0	0.285175808720113	0.286526019690577	McGill0010
-0.333333321698095	0	0.286526019690577	0.287538677918425	McGill0010
-0.25	0	0.287538677918425	0.288045007032349	McGill0010
-0.16666666084934	0	0.288045007032349	0.289001406469761	McGill0010
-0.25	0	0.289001406469761	0.289789029535865	McGill0010
-0.16666666084934	0	0.289789029535865	0.290070323488045	McGill0010
-0.0833333304243773	0	0.290070323488045	0.294571026722926	McGill0010
-0.0833333304243773	0	0.29676511954993	0.302278481012658	McGill0010
-0.0833333304243773	0	0.303009845288326	0.308635724331927	McGill0010
-0.0833333304243773	0	0.309142053445851	0.311842475386779	McGill0010
-0.16666666084934	0	0.311842475386779	0.313699015471167	McGill0010
-0.0833333304243773	0	0.313699015471167	0.314149085794655	McGill0010
-0.16666666084934	0	0.314149085794655	0.314655414908579	McGill0010
-0.25	0	0.314655414908579	0.314824191279888	McGill0010
-0.333333321698095	0	0.314824191279888	0.315893108298172	McGill0010
-0.41666666084934	0	0.315893108298172	0.316568213783404	McGill0010
-0.5	0	0.316568213783404	0.317524613220816	McGill0010
-0.583333339151245	0	0.317524613220816	0.31887482419128	McGill0010
-0.66666664339619	0	0.31887482419128	0.319774964838256	McGill0010
-0.583333339151245	0	0.319774964838256	0.319887482419128	McGill0010
-0.66666664339619	0	0.319887482419128	0.32028129395218	McGill0010
-0.583333339151245	0	0.32028129395218	0.320393811533052	McGill0010
-0.5	0	0.320393811533052	0.320787623066104	McGill0010
-0.41666666084934	0	0.320787623066104	0.3214064697609	McGill0010
-0.5	0	0.3214064697609	0.321518987341772	McGill0010
-0.41666666084934	0	0.321518987341772	0.322194092827004	McGill0010
-0.333333321698095	0	0.322194092827004	0.323150492264416	McGill0010
-0.25	0	0.323150492264416	0.324444444444444	McGill0010
-0.16666666084934	0	0.324444444444444	0.325513361462729	McGill0010
-0.0833333304243773	0	0.325513361462729	0.327032348804501	McGill0010
-0.0833333304243773	0	0.327088607594937	0.327988748241913	McGill0010
-0.16666666084934	0	0.327988748241913	0.330745428973277	McGill0010
-0.25	0	0.330745428973277	0.332264416315049	McGill0010
-0.333333321698095	0	0.332264416315049	0.332714486638537	McGill0010
-0.25	0	0.332714486638537	0.333614627285513	McGill0010
-0.16666666084934	0	0.333614627285513	0.336146272855134	McGill0010
-0.25	0	0.336146272855134	0.336371308016878	McGill0010
-0.16666666084934	0	0.336371308016878	0.337834036568214	McGill0010
-0.0833333304243773	0	0.337834036568214	0.33845288326301	McGill0010
-0.16666666084934	0	0.33845288326301	0.338509142053446	McGill0010
-0.25	0	0.338509142053446	0.34070323488045	McGill0010
-0.333333321698095	0	0.34070323488045	0.341097046413502	McGill0010
-0.41666666084934	0	0.341097046413502	0.341772151898734	McGill0010
-0.333333321698095	0	0.341772151898734	0.34407876230661	McGill0010
-0.25	0	0.34407876230661	0.344135021097046	McGill0010
-0.16666666084934	0	0.344135021097046	0.345541490857947	McGill0010
-0.25	0	0.345541490857947	0.345654008438819	McGill0010
-0.333333321698095	0	0.345654008438819	0.346329113924051	McGill0010
-0.25	0	0.346329113924051	0.346722925457103	McGill0010
-0.16666666084934	0	0.346722925457103	0.348354430379747	McGill0010
-0.25	0	0.348354430379747	0.351167369901547	McGill0010
-0.16666666084934	0	0.351167369901547	0.351279887482419	McGill0010
-0.0833333304243773	0	0.351279887482419	0.353980309423347	McGill0010
-0.0833333304243773	0	0.363994374120956	0.367482419127989	McGill0010
-0.16666666084934	0	0.367482419127989	0.369451476793249	McGill0010
-0.0833333304243773	0	0.369451476793249	0.372658227848101	McGill0010
-0.16666666084934	0	0.372658227848101	0.373108298171589	McGill0010
-0.0833333304243773	0	0.373108298171589	0.378284106891702	McGill0010
-0.0833333304243773	0	0.378677918424754	0.384303797468354	McGill0010
-0.0833333304243773	0	0.392742616033755	0.394205344585091	McGill0010
-0.16666666084934	0	0.394205344585091	0.395893108298172	McGill0010
-0.25	0	0.395893108298172	0.396511954992968	McGill0010
-0.333333321698095	0	0.396511954992968	0.398368495077356	McGill0010
-0.25	0	0.398368495077356	0.399831223628692	McGill0010
-0.16666666084934	0	0.399831223628692	0.400900140646976	McGill0010
-0.25	0	0.400900140646976	0.401462728551336	McGill0010
-0.16666666084934	0	0.401462728551336	0.402137834036568	McGill0010
-0.0833333304243773	0	0.402137834036568	0.402925457102672	McGill0010
-0.16666666084934	0	0.402925457102672	0.405344585091421	McGill0010
-0.25	0	0.405344585091421	0.406526019690577	McGill0010
-0.16666666084934	0	0.406526019690577	0.407819971870605	McGill0010
-0.25	0	0.407819971870605	0.408551336146273	McGill0010
-0.16666666084934	0	0.408551336146273	0.410914205344585	McGill0010
-0.0833333304243773	0	0.410914205344585	0.411364275668073	McGill0010
-0.16666666084934	0	0.411364275668073	0.411476793248945	McGill0010
-0.25	0	0.411476793248945	0.412433192686357	McGill0010
-0.333333321698095	0	0.412433192686357	0.412770745428973	McGill0010
-0.41666666084934	0	0.412770745428973	0.413389592123769	McGill0010
-0.333333321698095	0	0.413389592123769	0.415471167369902	McGill0010
-0.41666666084934	0	0.415471167369902	0.415808720112518	McGill0010
-0.5	0	0.415808720112518	0.416990154711674	McGill0010
-0.41666666084934	0	0.416990154711674	0.417102672292546	McGill0010
-0.333333321698095	0	0.417102672292546	0.418002812939522	McGill0010
-0.25	0	0.418002812939522	0.418396624472574	McGill0010
-0.16666666084934	0	0.418396624472574	0.41957805907173	McGill0010
-0.25	0	0.41957805907173	0.419690576652602	McGill0010
-0.333333321698095	0	0.419690576652602	0.420028129395218	McGill0010
-0.41666666084934	0	0.420028129395218	0.421097046413502	McGill0010
-0.333333321698095	0	0.421097046413502	0.42126582278481	McGill0010
-0.41666666084934	0	0.42126582278481	0.421434599156118	McGill0010
-0.333333321698095	0	0.421434599156118	0.425203938115331	McGill0010
-0.25	0	0.425203938115331	0.425316455696203	McGill0010
-0.16666666084934	0	0.425316455696203	0.425654008438819	McGill0010
-0.0833333304243773	0	0.425654008438819	0.426441631504923	McGill0010
-0.16666666084934	0	0.428354430379747	0.430492264416315	McGill0010
-0.25	0	0.430492264416315	0.431561181434599	McGill0010
-0.333333321698095	0	0.431561181434599	0.433980309423347	McGill0010
-0.16666666084934	0	0.433980309423347	0.436118143459916	McGill0010
-0.0833333304243773	0	0.441744022503516	0.447032348804501	McGill0010
-0.0833333304243773	0	0.449789029535865	0.45535864978903	McGill0010
-0.0833333304243773	0	0.458846694796062	0.464416315049227	McGill0010
-0.0833333304243773	0	0.466047819971871	0.468579465541491	McGill0010
-0.16666666084934	0	0.468579465541491	0.469423347398031	McGill0010
-0.0833333304243773	0	0.469423347398031	0.472011251758087	McGill0010
-0.16666666084934	0	0.472011251758087	0.474149085794655	McGill0010
-0.0833333304243773	0	0.474149085794655	0.4743741209564	McGill0010
-0.16666666084934	0	0.4743741209564	0.477637130801688	McGill0010
-0.0833333304243773	0	0.477637130801688	0.479549929676512	McGill0010
-0.0833333304243773	0	0.48393811533052	0.486300984528833	McGill0010
-0.0833333304243773	0	0.497440225035162	0.498846694796062	McGill0010
-0.16666666084934	0	0.498846694796062	0.500196905766526	McGill0010
-0.25	0	0.500196905766526	0.500928270042194	McGill0010
-0.333333321698095	0	0.500928270042194	0.503066104078762	McGill0010
-0.25	0	0.503066104078762	0.503628691983122	McGill0010
-0.333333321698095	0	0.503628691983122	0.504472573839663	McGill0010
-0.25	0	0.504472573839663	0.505203938115331	McGill0010
-0.333333321698095	0	0.505203938115331	0.505822784810127	McGill0010
-0.25	0	0.505822784810127	0.506047819971871	McGill0010
-0.333333321698095	0	0.506047819971871	0.506554149085795	McGill0010
-0.25	0	0.506554149085795	0.507791842475387	McGill0010
-0.333333321698095	0	0.507791842475387	0.508129395218003	McGill0010
-0.41666666084934	0	0.508129395218003	0.508523206751055	McGill0010
-0.5	0	0.508523206751055	0.509142053445851	McGill0010
-0.41666666084934	0	0.509142053445851	0.510773558368495	McGill0010
-0.333333321698095	0	0.510773558368495	0.510998593530239	McGill0010
-0.41666666084934	0	0.510998593530239	0.511617440225035	McGill0010
-0.333333321698095	0	0.511617440225035	0.512180028129395	McGill0010
-0.41666666084934	0	0.512180028129395	0.513305203938115	McGill0010
-0.333333321698095	0	0.513305203938115	0.513755274261603	McGill0010
-0.25	0	0.513755274261603	0.514149085794656	McGill0010
-0.16666666084934	0	0.514149085794656	0.51662447257384	McGill0010
-0.0833333304243773	0	0.51662447257384	0.517580872011252	McGill0010
-0.0833333304243773	0	0.520337552742616	0.523150492264416	McGill0010
-0.16666666084934	0	0.523150492264416	0.525907172995781	McGill0010
-0.0833333304243773	0	0.525907172995781	0.528720112517581	McGill0010
-0.0833333304243773	0	0.535808720112518	0.539465541490858	McGill0010
-0.25	0	0.539465541490858	0.541378340365682	McGill0010
-0.16666666084934	0	0.541378340365682	0.54182841068917	McGill0010
-0.25	0	0.54182841068917	0.544022503516174	McGill0010
-0.333333321698095	0	0.544022503516174	0.544078762306611	McGill0010
-0.41666666084934	0	0.544078762306611	0.544528832630098	McGill0010
-0.5	0	0.544528832630098	0.544866385372715	McGill0010
-0.41666666084934	0	0.544866385372715	0.544978902953587	McGill0010
-0.333333321698095	0	0.544978902953587	0.545485232067511	McGill0010
-0.25	0	0.545485232067511	0.548129395218003	McGill0010
-0.333333321698095	0	0.548129395218003	0.549535864978903	McGill0010
-0.41666666084934	0	0.549535864978903	0.549648382559775	McGill0010
-0.25	0	0.549648382559775	0.550154711673699	McGill0010
-0.16666666084934	0	0.550154711673699	0.553473980309423	McGill0010
-0.0833333304243773	0	0.553473980309423	0.555161744022504	McGill0010
-0.0833333304243773	0	0.555274261603376	0.55549929676512	McGill0010
-0.16666666084934	0	0.55549929676512	0.559212376933896	McGill0010
-0.25	0	0.559212376933896	0.560675105485232	McGill0010
-0.333333321698095	0	0.560675105485232	0.560900140646976	McGill0010
-0.25	0	0.560900140646976	0.56112517580872	McGill0010
-0.16666666084934	0	0.56112517580872	0.564838255977497	McGill0010
-0.0833333304243773	0	0.564838255977497	0.565007032348805	McGill0010
-0.16666666084934	0	0.565007032348805	0.566300984528833	McGill0010
-0.0833333304243773	0	0.566300984528833	0.566526019690577	McGill0010
-0.16666666084934	0	0.566526019690577	0.567594936708861	McGill0010
-0.25	0	0.567594936708861	0.570014064697609	McGill0010
-0.333333321698095	0	0.570014064697609	0.572095639943741	McGill0010
-0.25	0	0.572095639943741	0.572883263009845	McGill0010
-0.16666666084934	0	0.572883263009845	0.573220815752461	McGill0010
-0.0833333304243773	0	0.573220815752461	0.575527426160338	McGill0010
-0.16666666084934	0	0.57901547116737	0.580084388185654	McGill0010
-0.25	0	0.580084388185654	0.58014064697609	McGill0010
-0.333333321698095	0	0.58014064697609	0.582559774964838	McGill0010
-0.41666666084934	0	0.582559774964838	0.583684950773558	McGill0010
-0.5	0	0.583684950773558	0.58464135021097	McGill0010
-0.333333321698095	0	0.58464135021097	0.585485232067511	McGill0010
-0.41666666084934	0	0.585485232067511	0.585710267229255	McGill0010
-0.25	0	0.585710267229255	0.586891701828411	McGill0010
-0.333333321698095	0	0.586891701828411	0.587172995780591	McGill0010
-0.41666666084934	0	0.587172995780591	0.588185654008439	McGill0010
-0.333333321698095	0	0.588185654008439	0.589198312236287	McGill0010
-0.41666666084934	0	0.589198312236287	0.589310829817159	McGill0010
-0.333333321698095	0	0.589310829817159	0.590942334739803	McGill0010
-0.25	0	0.590942334739803	0.592011251758087	McGill0010
-0.16666666084934	0	0.592011251758087	0.592348804500703	McGill0010
-0.0833333304243773	0	0.592348804500703	0.593305203938115	McGill0010
-0.16666666084934	0	0.593305203938115	0.594374120956399	McGill0010
-0.25	0	0.594374120956399	0.594824191279888	McGill0010
-0.16666666084934	0	0.594824191279888	0.595668073136428	McGill0010
-0.25	0	0.595668073136428	0.596005625879044	McGill0010
-0.333333321698095	0	0.596005625879044	0.59887482419128	McGill0010
-0.25	0	0.59887482419128	0.599887482419128	McGill0010
-0.16666666084934	0	0.599887482419128	0.601293952180028	McGill0010
-0.0833333304243773	0	0.601293952180028	0.601518987341772	McGill0010
-0.0833333304243773	0	0.615583684950774	0.62070323488045	McGill0010
-0.0833333304243773	0	0.622053445850914	0.62323488045007	McGill0010
-0.16666666084934	0	0.62323488045007	0.623291139240506	McGill0010
-0.25	0	0.623291139240506	0.623909985935302	McGill0010
-0.333333321698095	0	0.623909985935302	0.624585091420534	McGill0010
-0.41666666084934	0	0.624585091420534	0.627398030942335	McGill0010
-0.5	0	0.627398030942335	0.627566807313643	McGill0010
-0.41666666084934	0	0.627566807313643	0.627679324894515	McGill0010
-0.333333321698095	0	0.627679324894515	0.628917018284107	McGill0010
-0.25	0	0.628917018284107	0.629535864978903	McGill0010
-0.16666666084934	0	0.629535864978903	0.633023909985935	McGill0010
-0.0833333304243773	0	0.633023909985935	0.635836849507736	McGill0010
-0.0833333304243773	0	0.63662447257384	0.642194092827004	McGill0010
-0.16666666084934	0	0.642194092827004	0.64225035161744	McGill0010
-0.0833333304243773	0	0.64225035161744	0.645232067510549	McGill0010
-0.16666666084934	0	0.645232067510549	0.646413502109705	McGill0010
-0.25	0	0.646413502109705	0.646919831223629	McGill0010
-0.333333321698095	0	0.646919831223629	0.647819971870605	McGill0010
-0.25	0	0.647819971870605	0.649563994374121	McGill0010
-0.333333321698095	0	0.649563994374121	0.650801687763713	McGill0010
-0.25	0	0.650801687763713	0.652039381153305	McGill0010
-0.16666666084934	0	0.652039381153305	0.652264416315049	McGill0010
-0.25	0	0.652264416315049	0.652545710267229	McGill0010
-0.16666666084934	0	0.652545710267229	0.654739803094234	McGill0010
-0.25	0	0.654739803094234	0.655189873417722	McGill0010
-0.16666666084934	0	0.655189873417722	0.655977496483826	McGill0010
-0.25	0	0.655977496483826	0.65789029535865	McGill0010
-0.16666666084934	0	0.65789029535865	0.658340365682138	McGill0010
-0.25	0	0.658340365682138	0.65845288326301	McGill0010
-0.333333321698095	0	0.65845288326301	0.660365682137834	McGill0010
-0.25	0	0.660365682137834	0.661603375527426	McGill0010
-0.16666666084934	0	0.661603375527426	0.662053445850914	McGill0010
-0.25	0	0.662053445850914	0.663403656821378	McGill0010
-0.333333321698095	0	0.663403656821378	0.663966244725738	McGill0010
-0.25	0	0.663966244725738	0.664078762306611	McGill0010
-0.16666666084934	0	0.664078762306611	0.664697609001407	McGill0010
-0.25	0	0.664697609001407	0.666666666666667	McGill0010
-0.333333321698095	0	0.666666666666667	0.666779184247539	McGill0010
-0.41666666084934	0	0.666779184247539	0.667679324894515	McGill0010
-0.333333321698095	0	0.667679324894515	0.669029535864979	McGill0010
-0.25	0	0.669029535864979	0.669873417721519	McGill0010
-0.333333321698095	0	0.669873417721519	0.670267229254571	McGill0010
-0.25	0	0.670267229254571	0.670661040787623	McGill0010
-0.333333321698095	0	0.670661040787623	0.672067510548523	McGill0010
-0.25	0	0.672067510548523	0.672405063291139	McGill0010
-0.16666666084934	0	0.672405063291139	0.672630098452883	McGill0010
-0.25	0	0.672630098452883	0.672742616033755	McGill0010
-0.333333321698095	0	0.672742616033755	0.674149085794655	McGill0010
-0.41666666084934	0	0.674149085794655	0.67521800281294	McGill0010
-0.5	0	0.67521800281294	0.67549929676512	McGill0010
-0.41666666084934	0	0.67549929676512	0.675893108298172	McGill0010
-0.5	0	0.675893108298172	0.676286919831224	McGill0010
-0.41666666084934	0	0.676286919831224	0.67662447257384	McGill0010
-0.5	0	0.67662447257384	0.677693389592124	McGill0010
-0.583333339151245	0	0.677693389592124	0.678199718706048	McGill0010
-0.5	0	0.678199718706048	0.678255977496484	McGill0010
-0.41666666084934	0	0.678255977496484	0.678987341772152	McGill0010
-0.5	0	0.678987341772152	0.679774964838256	McGill0010
-0.41666666084934	0	0.679774964838256	0.68084388185654	McGill0010
-0.333333321698095	0	0.68084388185654	0.680956399437412	McGill0010
-0.41666666084934	0	0.680956399437412	0.681518987341772	McGill0010
-0.333333321698095	0	0.681518987341772	0.681744022503516	McGill0010
-0.41666666084934	0	0.681744022503516	0.682137834036568	McGill0010
-0.333333321698095	0	0.682137834036568	0.68225035161744	McGill0010
-0.41666666084934	0	0.68225035161744	0.683319268635724	McGill0010
-0.333333321698095	0	0.683319268635724	0.684556962025317	McGill0010
-0.25	0	0.684556962025317	0.686582278481013	McGill0010
-0.16666666084934	0	0.686582278481013	0.687369901547117	McGill0010
-0.0833333304243773	0	0.687369901547117	0.687819971870605	McGill0010
-0.0833333304243773	0	0.689395218002813	0.690070323488045	McGill0010
-0.16666666084934	0	0.690070323488045	0.690351617440225	McGill0010
-0.25	0	0.690351617440225	0.695021097046413	McGill0010
-0.16666666084934	0	0.695021097046413	0.695696202531646	McGill0010
-0.0833333304243773	0	0.695696202531646	0.69592123769339	McGill0010
-0.0833333304243773	0	0.705879043600563	0.709310829817159	McGill0010
-0.16666666084934	0	0.709310829817159	0.711392405063291	McGill0010
-0.0833333304243773	0	0.711392405063291	0.712123769338959	McGill0010
-0.16666666084934	0	0.712123769338959	0.712405063291139	McGill0010
-0.25	0	0.712405063291139	0.714936708860759	McGill0010
-0.16666666084934	0	0.714936708860759	0.714992967651195	McGill0010
-0.25	0	0.714992967651195	0.71549929676512	McGill0010
-0.333333321698095	0	0.71549929676512	0.716118143459916	McGill0010
-0.41666666084934	0	0.716118143459916	0.71774964838256	McGill0010
-0.333333321698095	0	0.71774964838256	0.72056258790436	McGill0010
-0.25	0	0.72056258790436	0.72112517580872	McGill0010
-0.16666666084934	0	0.72112517580872	0.721744022503516	McGill0010
-0.0833333304243773	0	0.721744022503516	0.723488045007032	McGill0010
-0.0833333304243773	0	0.745316455696203	0.748523206751055	McGill0010
-0.16666666084934	0	0.748523206751055	0.750154711673699	McGill0010
-0.25	0	0.750154711673699	0.750886075949367	McGill0010
-0.16666666084934	0	0.750886075949367	0.752405063291139	McGill0010
-0.25	0	0.752405063291139	0.753305203938115	McGill0010
-0.333333321698095	0	0.753305203938115	0.754149085794655	McGill0010
-0.25	0	0.754149085794655	0.7557805907173	McGill0010
-0.16666666084934	0	0.7557805907173	0.757355836849508	McGill0010
-0.25	0	0.757355836849508	0.757974683544304	McGill0010
-0.16666666084934	0	0.757974683544304	0.75887482419128	McGill0010
-0.0833333304243773	0	0.75887482419128	0.762981715893108	McGill0010
-0.0833333304243773	0	0.767257383966245	0.768720112517581	McGill0010
-0.16666666084934	0	0.768720112517581	0.772433192686357	McGill0010
-0.25	0	0.772433192686357	0.772883263009845	McGill0010
-0.16666666084934	0	0.772883263009845	0.774177215189873	McGill0010
-0.25	0	0.774177215189873	0.774345991561181	McGill0010
-0.16666666084934	0	0.774345991561181	0.778059071729958	McGill0010
-0.0833333304243773	0	0.778059071729958	0.77845288326301	McGill0010
-0.16666666084934	0	0.77845288326301	0.779803094233474	McGill0010
-0.0833333304243773	0	0.779803094233474	0.78098452883263	McGill0010
-0.0833333304243773	0	0.781772151898734	0.782784810126582	McGill0010
-0.16666666084934	0	0.782784810126582	0.783178621659634	McGill0010
-0.333333321698095	0	0.783178621659634	0.786835443037975	McGill0010
-0.41666666084934	0	0.786835443037975	0.787285513361463	McGill0010
-0.333333321698095	0	0.787285513361463	0.788354430379747	McGill0010
-0.25	0	0.788354430379747	0.788804500703235	McGill0010
-0.0833333304243773	0	0.788804500703235	0.790379746835443	McGill0010
-0.16666666084934	0	0.790379746835443	0.790886075949367	McGill0010
-0.25	0	0.790886075949367	0.792461322081575	McGill0010
-0.16666666084934	0	0.792461322081575	0.793136427566807	McGill0010
-0.333333321698095	0	0.793136427566807	0.795443037974684	McGill0010
-0.5	0	0.795443037974684	0.796005625879044	McGill0010
-0.333333321698095	0	0.796005625879044	0.798762306610408	McGill0010
-0.16666666084934	0	0.798762306610408	0.801068917018284	McGill0010
-0.0833333304243773	0	0.806019690576653	0.809057665260197	McGill0010
-0.16666666084934	0	0.809057665260197	0.809676511954993	McGill0010
-0.25	0	0.809676511954993	0.811533052039381	McGill0010
-0.16666666084934	0	0.811533052039381	0.814627285513362	McGill0010
-0.0833333304243773	0	0.814627285513362	0.81507735583685	McGill0010
-0.0833333304243773	0	0.815246132208158	0.816258790436006	McGill0010
-0.16666666084934	0	0.816258790436006	0.81732770745429	McGill0010
-0.0833333304243773	0	0.81732770745429	0.817834036568214	McGill0010
-0.16666666084934	0	0.817834036568214	0.820478199718706	McGill0010
-0.0833333304243773	0	0.820478199718706	0.820872011251758	McGill0010
-0.16666666084934	0	0.820872011251758	0.822728551336146	McGill0010
-0.25	0	0.822728551336146	0.823403656821378	McGill0010
-0.16666666084934	0	0.823403656821378	0.824866385372715	McGill0010
-0.25	0	0.824866385372715	0.824922644163151	McGill0010
-0.333333321698095	0	0.824922644163151	0.825260196905767	McGill0010
-0.41666666084934	0	0.825260196905767	0.825428973277075	McGill0010
-0.5	0	0.825428973277075	0.825710267229255	McGill0010
-0.583333339151245	0	0.825710267229255	0.826497890295359	McGill0010
-0.5	0	0.826497890295359	0.827735583684951	McGill0010
-0.583333339151245	0	0.827735583684951	0.828073136427567	McGill0010
-0.66666664339619	0	0.828073136427567	0.828354430379747	McGill0010
-0.583333339151245	0	0.828354430379747	0.828579465541491	McGill0010
-0.66666664339619	0	0.828579465541491	0.829254571026723	McGill0010
-0.749999982548606	0	0.829254571026723	0.830492264416315	McGill0010
-0.66666664339619	0	0.830492264416315	0.830548523206751	McGill0010
-0.583333339151245	0	0.830548523206751	0.830886075949367	McGill0010
-0.5	0	0.830886075949367	0.830942334739803	McGill0010
-0.583333339151245	0	0.830942334739803	0.831054852320675	McGill0010
-0.5	0	0.831054852320675	0.831336146272855	McGill0010
-0.41666666084934	0	0.831336146272855	0.833361462728551	McGill0010
-0.333333321698095	0	0.833361462728551	0.833642756680731	McGill0010
-0.25	0	0.833642756680731	0.834205344585092	McGill0010
-0.16666666084934	0	0.834205344585092	0.834880450070324	McGill0010
-0.0833333304243773	0	0.834880450070324	0.836568213783404	McGill0010
-0.0833333304243773	0	0.840393811533052	0.842137834036568	McGill0010
-0.16666666084934	0	0.842137834036568	0.845963431786217	McGill0010
-0.0833333304243773	0	0.845963431786217	0.847707454289733	McGill0010
-0.0833333304243773	0	0.877862165963432	0.880618846694796	McGill0010
-0.16666666084934	0	0.880618846694796	0.881181434599156	McGill0010
-0.25	0	0.881181434599156	0.882194092827004	McGill0010
-0.333333321698095	0	0.882194092827004	0.88309423347398	McGill0010
-0.41666666084934	0	0.88309423347398	0.88337552742616	McGill0010
-0.333333321698095	0	0.88337552742616	0.886075949367089	McGill0010
-0.25	0	0.886075949367089	0.886807313642757	McGill0010
-0.16666666084934	0	0.886807313642757	0.887313642756681	McGill0010
-0.25	0	0.887313642756681	0.887763713080169	McGill0010
-0.16666666084934	0	0.887763713080169	0.887932489451477	McGill0010
-0.25	0	0.887932489451477	0.888720112517581	McGill0010
-0.16666666084934	0	0.888720112517581	0.888776371308017	McGill0010
-0.25	0	0.888776371308017	0.892939521800281	McGill0010
-0.16666666084934	0	0.892939521800281	0.893558368495077	McGill0010
-0.0833333304243773	0	0.893558368495077	0.893895921237693	McGill0010
-0.16666666084934	0	0.893895921237693	0.894345991561182	McGill0010
-0.0833333304243773	0	0.894345991561182	0.894402250351618	McGill0010
-0.25	0	0.894402250351618	0.895414908579466	McGill0010
-0.333333321698095	0	0.895414908579466	0.896371308016878	McGill0010
-0.41666666084934	0	0.896371308016878	0.898002812939522	McGill0010
-0.5	0	0.898002812939522	0.898059071729958	McGill0010
-0.583333339151245	0	0.898059071729958	0.899521800281294	McGill0010
-0.5	0	0.899521800281294	0.899746835443038	McGill0010
-0.41666666084934	0	0.899746835443038	0.900028129395218	McGill0010
-0.333333321698095	0	0.900028129395218	0.90042194092827	McGill0010
-0.5	0	0.90042194092827	0.901040787623066	McGill0010
-0.41666666084934	0	0.901040787623066	0.901997187060478	McGill0010
-0.333333321698095	0	0.901997187060478	0.902559774964838	McGill0010
-0.5	0	0.902559774964838	0.902616033755274	McGill0010
-0.583333339151245	0	0.902616033755274	0.90351617440225	McGill0010
-0.41666666084934	0	0.90351617440225	0.903909985935302	McGill0010
-0.5	0	0.903909985935302	0.904022503516174	McGill0010
-0.66666664339619	0	0.904022503516174	0.904585091420534	McGill0010
-0.749999982548606	0	0.904585091420534	0.905710267229255	McGill0010
-0.833333321701023	0	0.905710267229255	0.905991561181435	McGill0010
-0.749999982548606	0	0.905991561181435	0.906047819971871	McGill0010
-0.66666664339619	0	0.906047819971871	0.906666666666667	McGill0010
-0.749999982548606	0	0.906666666666667	0.906779184247539	McGill0010
-0.66666664339619	0	0.906779184247539	0.907116736990155	McGill0010
-0.749999982548606	0	0.907116736990155	0.907172995780591	McGill0010
-0.833333321701023	0	0.907172995780591	0.907341772151899	McGill0010
-0.916666660847583	0	0.907341772151899	0.907510548523207	McGill0010
-1	0	0.907510548523207	0.908073136427567	McGill0010
-0.833333321701023	0	0.908073136427567	0.909535864978903	McGill0010
-0.749999982548606	0	0.909535864978903	0.909592123769339	McGill0010
-0.66666664339619	0	0.909592123769339	0.909648382559775	McGill0010
-0.583333339151245	0	0.909648382559775	0.910154711673699	McGill0010
-0.5	0	0.910154711673699	0.911223628691983	McGill0010
-0.41666666084934	0	0.911223628691983	0.911842475386779	McGill0010
-0.25	0	0.911842475386779	0.912292545710267	McGill0010
-0.16666666084934	0	0.912292545710267	0.912348804500703	McGill0010
-0.25	0	0.912348804500703	0.912967651195499	McGill0010
-0.16666666084934	0	0.912967651195499	0.913586497890295	McGill0010
-0.41666666084934	0	0.913586497890295	0.915611814345992	McGill0010
-0.5	0	0.915611814345992	0.9157805907173	McGill0010
-0.583333339151245	0	0.9157805907173	0.91606188466948	McGill0010
-0.66666664339619	0	0.91606188466948	0.917130801687764	McGill0010
-0.749999982548606	0	0.917130801687764	0.917805907172996	McGill0010
-0.66666664339619	0	0.917805907172996	0.918706047819972	McGill0010
-0.583333339151245	0	0.918706047819972	0.918931082981716	McGill0010
-0.5	0	0.918931082981716	0.919099859353024	McGill0010
-0.583333339151245	0	0.919099859353024	0.91915611814346	McGill0010
-0.333333321698095	0	0.91915611814346	0.920900140646976	McGill0010
-0.41666666084934	0	0.920900140646976	0.921068917018284	McGill0010
-0.333333321698095	0	0.921068917018284	0.9214064697609	McGill0010
-0.25	0	0.9214064697609	0.921462728551336	McGill0010
-0.333333321698095	0	0.921462728551336	0.922644163150492	McGill0010
-0.25	0	0.922644163150492	0.922869198312236	McGill0010
-0.333333321698095	0	0.922869198312236	0.923488045007032	McGill0010
-0.41666666084934	0	0.923488045007032	0.92393811533052	McGill0010
-0.5	0	0.92393811533052	0.924556962025316	McGill0010
-0.583333339151245	0	0.924556962025316	0.924669479606188	McGill0010
-0.5	0	0.924669479606188	0.925907172995781	McGill0010
-0.583333339151245	0	0.925907172995781	0.925963431786217	McGill0010
-0.66666664339619	0	0.925963431786217	0.926357243319269	McGill0010
-0.583333339151245	0	0.926357243319269	0.927088607594937	McGill0010
-0.5	0	0.927088607594937	0.927369901547117	McGill0010
-0.583333339151245	0	0.927369901547117	0.928438818565401	McGill0010
-0.5	0	0.928438818565401	0.929001406469761	McGill0010
-0.583333339151245	0	0.929001406469761	0.929057665260197	McGill0010
-0.5	0	0.929057665260197	0.929451476793249	McGill0010
-0.41666666084934	0	0.929451476793249	0.929676511954993	McGill0010
-0.5	0	0.929676511954993	0.930182841068917	McGill0010
-0.41666666084934	0	0.930182841068917	0.931251758087201	McGill0010
-0.5	0	0.931251758087201	0.931420534458509	McGill0010
-0.583333339151245	0	0.931420534458509	0.931533052039381	McGill0010
-0.41666666084934	0	0.931533052039381	0.932208157524613	McGill0010
-0.5	0	0.932208157524613	0.932995780590717	McGill0010
-0.41666666084934	0	0.932995780590717	0.934627285513361	McGill0010
-0.333333321698095	0	0.934627285513361	0.935302390998594	McGill0010
-0.25	0	0.935302390998594	0.936821378340366	McGill0010
-0.16666666084934	0	0.936821378340366	0.93704641350211	McGill0010
-0.0833333304243773	0	0.93704641350211	0.937777777777778	McGill0010
-0.0833333304243773	0	0.944753867791843	0.945935302390999	McGill0010
-0.16666666084934	0	0.945935302390999	0.946216596343179	McGill0010
-0.25	0	0.946216596343179	0.948804500703235	McGill0010
-0.333333321698095	0	0.948804500703235	0.950379746835443	McGill0010
-0.25	0	0.950379746835443	0.951561181434599	McGill0010
-0.16666666084934	0	0.951561181434599	0.951786216596343	McGill0010
-0.0833333304243773	0	0.951786216596343	0.953136427566807	McGill0010
-0.16666666084934	0	0.953136427566807	0.953530239099859	McGill0010
-0.25	0	0.953530239099859	0.953699015471167	McGill0010
-0.41666666084934	0	0.953699015471167	0.954430379746835	McGill0010
-0.333333321698095	0	0.954430379746835	0.954711673699016	McGill0010
-0.41666666084934	0	0.954711673699016	0.95606188466948	McGill0010
-0.583333339151245	0	0.95606188466948	0.957974683544304	McGill0010
-0.66666664339619	0	0.957974683544304	0.958368495077356	McGill0010
-0.583333339151245	0	0.958368495077356	0.9585935302391	McGill0010
-0.5	0	0.9585935302391	0.958649789029536	McGill0010
-0.583333339151245	0	0.958649789029536	0.95915611814346	McGill0010
-0.5	0	0.95915611814346	0.959324894514768	McGill0010
-0.41666666084934	0	0.959324894514768	0.960337552742616	McGill0010
-0.333333321698095	0	0.960337552742616	0.96168776371308	McGill0010
-0.16666666084934	0	0.96168776371308	0.963544303797468	McGill0010
-0.0833333304243773	0	0.963544303797468	0.963938115330521	McGill0010
-0.0833333304243773	0	0.964894514767933	0.970520393811533	McGill0010
-0.0833333304243773	0	0.976427566807314	0.979409282700422	McGill0010
-0.16666666084934	0	0.979409282700422	0.980872011251758	McGill0010
-0.25	0	0.980872011251758	0.982053445850914	McGill0010
-0.16666666084934	0	0.982053445850914	0.98323488045007	McGill0010
-0.25	0	0.98323488045007	0.985035161744023	McGill0010
-0.16666666084934	0	0.985035161744023	0.985147679324895	McGill0010
-0.333333321698095	0	0.985147679324895	0.986329113924051	McGill0010
-0.25	0	0.986329113924051	0.986722925457103	McGill0010
-0.333333321698095	0	0.986722925457103	0.988860759493671	McGill0010
-0.25	0	0.988860759493671	0.988973277074543	McGill0010
-0.333333321698095	0	0.988973277074543	0.990323488045007	McGill0010
-0.41666666084934	0	0.990323488045007	0.990604781997187	McGill0010
-0.5	0	0.990604781997187	0.990661040787623	McGill0010
-0.41666666084934	0	0.990661040787623	0.990773558368495	McGill0010
-0.333333321698095	0	0.990773558368495	0.991673699015471	McGill0010
-0.5	0	0.991673699015471	0.991842475386779	McGill0010
-0.583333339151245	0	0.991842475386779	0.992348804500703	McGill0010
-0.5	0	0.992348804500703	0.994599156118143	McGill0010
-0.41666666084934	0	0.994599156118143	0.9957805907173	McGill0010
-0.5	0	0.9957805907173	0.995949367088608	McGill0010
-0.41666666084934	0	0.995949367088608	0.996230661040788	McGill0010
-0.333333321698095	0	0.996230661040788	0.996736990154712	McGill0010
-0.41666666084934	0	0.996736990154712	0.9971870604782	McGill0010
-0.333333321698095	0	0.9971870604782	0.997243319268636	McGill0010
-0.25	0	0.997243319268636	0.997412095639944	McGill0010
-0.16666666084934	0	0.997412095639944	0.99746835443038	McGill0010
-0.25	0	0.99746835443038	0.997524613220816	McGill0010
-0.333333321698095	0	0.997524613220816	0.99803094233474	McGill0010
-0.41666666084934	0	0.99803094233474	0.999268635724332	McGill0010
-0.0434782635633465	0	0.00168776371308017	0.00247538677918425	McGill0011
-0.0652173953449455	0	0.00247538677918425	0.0039943741209564	McGill0011
-0.021739131781599	0	0.0039943741209564	0.0079887482419128	McGill0011
-0.0434782635633465	0	0.0079887482419128	0.00810126582278481	McGill0011
-0.021739131781599	0	0.00810126582278481	0.00849507735583685	McGill0011
-0.0434782635633465	0	0.00849507735583685	0.00984528832630098	McGill0011
-0.0652173953449455	0	0.00984528832630098	0.0110267229254571	McGill0011
-0.0869565271265445	0	0.0110267229254571	0.0112517580872011	McGill0011
-0.108695654482805	0	0.0112517580872011	0.0128832630098453	McGill0011
-0.130434790689891	0	0.0128832630098453	0.0133333333333333	McGill0011
-0.152173909195325	0	0.0133333333333333	0.0136146272855134	McGill0011
-0.130434790689891	0	0.0136146272855134	0.0141209563994374	McGill0011
-0.108695654482805	0	0.0141209563994374	0.0149085794655415	McGill0011
-0.130434790689891	0	0.0149085794655415	0.0154149085794655	McGill0011
-0.108695654482805	0	0.0154149085794655	0.0166526019690577	McGill0011
-0.0869565271265445	0	0.0166526019690577	0.0168776371308017	McGill0011
-0.0652173953449455	0	0.0168776371308017	0.0184528832630098	McGill0011
-0.0434782635633465	0	0.0184528832630098	0.0189592123769339	McGill0011
-0.021739131781599	0	0.0189592123769339	0.0204781997187061	McGill0011
-0.0434782635633465	0	0.0231786216596343	0.0265541490857947	McGill0011
-0.0652173953449455	0	0.0265541490857947	0.0275105485232068	McGill0011
-0.0869565271265445	0	0.0275105485232068	0.0286357243319269	McGill0011
-0.0652173953449455	0	0.0286357243319269	0.0288045007032349	McGill0011
-0.0434782635633465	0	0.0288045007032349	0.0304922644163151	McGill0011
-0.0652173953449455	0	0.0304922644163151	0.0309423347398031	McGill0011
-0.0869565271265445	0	0.0309423347398031	0.0316736990154712	McGill0011
-0.108695654482805	0	0.0316736990154712	0.0321800281293952	McGill0011
-0.0869565271265445	0	0.0321800281293952	0.0331364275668073	McGill0011
-0.0652173953449455	0	0.0331364275668073	0.0335302390998594	McGill0011
-0.0869565271265445	0	0.0335302390998594	0.0361181434599156	McGill0011
-0.0652173953449455	0	0.0361181434599156	0.0365119549929677	McGill0011
-0.0434782635633465	0	0.0365119549929677	0.0372433192686357	McGill0011
-0.021739131781599	0	0.0372433192686357	0.0381997187060478	McGill0011
-0.0434782635633465	0	0.0381997187060478	0.0390998593530239	McGill0011
-0.021739131781599	0	0.0390998593530239	0.039606188466948	McGill0011
-0.0434782635633465	0	0.039606188466948	0.0429254571026723	McGill0011
-0.021739131781599	0	0.0429254571026723	0.0444444444444444	McGill0011
-0.021739131781599	0	0.0582841068917018	0.0618846694796062	McGill0011
-0.0434782635633465	0	0.0618846694796062	0.0638537271448664	McGill0011
-0.021739131781599	0	0.0638537271448664	0.0675105485232067	McGill0011
-0.021739131781599	0	0.0712236286919831	0.0757805907172996	McGill0011
-0.0434782635633465	0	0.0757805907172996	0.0766244725738397	McGill0011
-0.021739131781599	0	0.0766244725738397	0.0777496483825598	McGill0011
-0.0434782635633465	0	0.0777496483825598	0.0784810126582279	McGill0011
-0.0652173953449455	0	0.0784810126582279	0.0788185654008439	McGill0011
-0.0869565271265445	0	0.0788185654008439	0.079831223628692	McGill0011
-0.108695654482805	0	0.079831223628692	0.0805063291139241	McGill0011
-0.130434790689891	0	0.0805063291139241	0.0806188466947961	McGill0011
-0.152173909195325	0	0.0806188466947961	0.0809001406469761	McGill0011
-0.130434790689891	0	0.0809001406469761	0.0819690576652602	McGill0011
-0.152173909195325	0	0.0819690576652602	0.0829817158931083	McGill0011
-0.173913054252792	0	0.0829817158931083	0.0832630098452883	McGill0011
-0.152173909195325	0	0.0832630098452883	0.0841068917018284	McGill0011
-0.130434790689891	0	0.0841068917018284	0.0844444444444445	McGill0011
-0.108695654482805	0	0.0844444444444445	0.0854008438818566	McGill0011
-0.0869565271265445	0	0.0854008438818566	0.0859071729957806	McGill0011
-0.0652173953449455	0	0.0859071729957806	0.0861322081575246	McGill0011
-0.0434782635633465	0	0.0861322081575246	0.0875949367088608	McGill0011
-0.021739131781599	0	0.0875949367088608	0.0886075949367089	McGill0011
-0.021739131781599	0	0.090070323488045	0.0915330520393812	McGill0011
-0.0434782635633465	0	0.0915330520393812	0.0946272855133614	McGill0011
-0.0652173953449455	0	0.0946272855133614	0.0956399437412096	McGill0011
-0.0434782635633465	0	0.0956399437412096	0.0959212376933896	McGill0011
-0.0652173953449455	0	0.0959212376933896	0.0971026722925457	McGill0011
-0.0434782635633465	0	0.0971026722925457	0.0971589310829817	McGill0011
-0.0652173953449455	0	0.0971589310829817	0.100253164556962	McGill0011
-0.0434782635633465	0	0.100253164556962	0.100928270042194	McGill0011
-0.0652173953449455	0	0.100928270042194	0.10154711673699	McGill0011
-0.0434782635633465	0	0.10154711673699	0.102728551336146	McGill0011
-0.021739131781599	0	0.102728551336146	0.106441631504923	McGill0011
-0.021739131781599	0	0.119606188466948	0.120618846694796	McGill0011
-0.0434782635633465	0	0.120618846694796	0.122587904360056	McGill0011
-0.0652173953449455	0	0.122587904360056	0.12309423347398	McGill0011
-0.0869565271265445	0	0.12309423347398	0.124725738396624	McGill0011
-0.108695654482805	0	0.124725738396624	0.125232067510549	McGill0011
-0.0869565271265445	0	0.125232067510549	0.125907172995781	McGill0011
-0.0652173953449455	0	0.125907172995781	0.126300984528833	McGill0011
-0.0869565271265445	0	0.126300984528833	0.127088607594937	McGill0011
-0.108695654482805	0	0.127088607594937	0.127257383966245	McGill0011
-0.130434790689891	0	0.127257383966245	0.128045007032349	McGill0011
-0.152173909195325	0	0.128045007032349	0.128213783403657	McGill0011
-0.130434790689891	0	0.128213783403657	0.128382559774965	McGill0011
-0.108695654482805	0	0.128382559774965	0.130351617440225	McGill0011
-0.0869565271265445	0	0.130351617440225	0.131701828410689	McGill0011
-0.108695654482805	0	0.131701828410689	0.132601969057665	McGill0011
-0.0869565271265445	0	0.132601969057665	0.132883263009845	McGill0011
-0.0652173953449455	0	0.132883263009845	0.134796061884669	McGill0011
-0.0869565271265445	0	0.134796061884669	0.137271448663854	McGill0011
-0.0652173953449455	0	0.137271448663854	0.137496483825598	McGill0011
-0.0434782635633465	0	0.137496483825598	0.13873417721519	McGill0011
-0.0652173953449455	0	0.13873417721519	0.139184247538678	McGill0011
-0.0434782635633465	0	0.139184247538678	0.14042194092827	McGill0011
-0.021739131781599	0	0.14042194092827	0.143572433192686	McGill0011
-0.0434782635633465	0	0.143572433192686	0.144303797468354	McGill0011
-0.021739131781599	0	0.144303797468354	0.144416315049226	McGill0011
-0.0434782635633465	0	0.144416315049226	0.146272855133615	McGill0011
-0.0652173953449455	0	0.146272855133615	0.148129395218003	McGill0011
-0.0869565271265445	0	0.148129395218003	0.149142053445851	McGill0011
-0.0652173953449455	0	0.149142053445851	0.149985935302391	McGill0011
-0.0434782635633465	0	0.149985935302391	0.151729957805907	McGill0011
-0.021739131781599	0	0.151729957805907	0.153755274261603	McGill0011
-0.021739131781599	0	0.170520393811533	0.173783403656821	McGill0011
-0.0434782635633465	0	0.173783403656821	0.177721518987342	McGill0011
-0.0652173953449455	0	0.177721518987342	0.179409282700422	McGill0011
-0.0434782635633465	0	0.179409282700422	0.181209563994374	McGill0011
-0.0652173953449455	0	0.181209563994374	0.181715893108298	McGill0011
-0.0434782635633465	0	0.181715893108298	0.183291139240506	McGill0011
-0.021739131781599	0	0.183291139240506	0.185485232067511	McGill0011
-0.0434782635633465	0	0.185485232067511	0.186216596343179	McGill0011
-0.0652173953449455	0	0.186216596343179	0.186779184247539	McGill0011
-0.0434782635633465	0	0.186779184247539	0.187791842475387	McGill0011
-0.0652173953449455	0	0.187791842475387	0.188804500703235	McGill0011
-0.0869565271265445	0	0.188804500703235	0.190154711673699	McGill0011
-0.108695654482805	0	0.190154711673699	0.190379746835443	McGill0011
-0.130434790689891	0	0.190379746835443	0.191786216596343	McGill0011
-0.108695654482805	0	0.191786216596343	0.192292545710267	McGill0011
-0.130434790689891	0	0.192292545710267	0.193417721518987	McGill0011
-0.108695654482805	0	0.193417721518987	0.194317862165963	McGill0011
-0.0869565271265445	0	0.194317862165963	0.194599156118143	McGill0011
-0.108695654482805	0	0.194599156118143	0.19493670886076	McGill0011
-0.130434790689891	0	0.19493670886076	0.195724331926864	McGill0011
-0.108695654482805	0	0.195724331926864	0.195893108298172	McGill0011
-0.0869565271265445	0	0.195893108298172	0.196399437412096	McGill0011
-0.108695654482805	0	0.196399437412096	0.19662447257384	McGill0011
-0.0869565271265445	0	0.19662447257384	0.197637130801688	McGill0011
-0.0652173953449455	0	0.197637130801688	0.199324894514768	McGill0011
-0.0869565271265445	0	0.199324894514768	0.200168776371308	McGill0011
-0.0652173953449455	0	0.200168776371308	0.20056258790436	McGill0011
-0.0434782635633465	0	0.20056258790436	0.20196905766526	McGill0011
-0.021739131781599	0	0.20196905766526	0.204894514767933	McGill0011
-0.021739131781599	0	0.209563994374121	0.210464135021097	McGill0011
-0.0434782635633465	0	0.210464135021097	0.215133614627285	McGill0011
-0.021739131781599	0	0.215133614627285	0.216033755274262	McGill0011
-0.021739131781599	0	0.221884669479606	0.227454289732771	McGill0011
-0.021739131781599	0	0.230267229254571	0.230886075949367	McGill0011
-0.0434782635633465	0	0.230886075949367	0.232742616033755	McGill0011
-0.0652173953449455	0	0.232742616033755	0.233305203938115	McGill0011
-0.0869565271265445	0	0.233305203938115	0.233924050632911	McGill0011
-0.108695654482805	0	0.233924050632911	0.234205344585091	McGill0011
-0.130434790689891	0	0.234205344585091	0.235836849507736	McGill0011
-0.108695654482805	0	0.235836849507736	0.236174402250352	McGill0011
-0.130434790689891	0	0.236174402250352	0.236511954992968	McGill0011
-0.108695654482805	0	0.236511954992968	0.23831223628692	McGill0011
-0.0869565271265445	0	0.23831223628692	0.238649789029536	McGill0011
-0.108695654482805	0	0.238649789029536	0.23887482419128	McGill0011
-0.0869565271265445	0	0.23887482419128	0.239549929676512	McGill0011
-0.0652173953449455	0	0.239549929676512	0.239662447257384	McGill0011
-0.0434782635633465	0	0.239662447257384	0.23971870604782	McGill0011
-0.0652173953449455	0	0.23971870604782	0.240787623066104	McGill0011
-0.0869565271265445	0	0.240787623066104	0.2442194092827	McGill0011
-0.0652173953449455	0	0.2442194092827	0.245288326300985	McGill0011
-0.0434782635633465	0	0.245288326300985	0.246413502109705	McGill0011
-0.021739131781599	0	0.246413502109705	0.246694796061885	McGill0011
-0.0434782635633465	0	0.246694796061885	0.247369901547117	McGill0011
-0.021739131781599	0	0.247369901547117	0.249957805907173	McGill0011
-0.021739131781599	0	0.269535864978903	0.270323488045007	McGill0011
-0.0434782635633465	0	0.270323488045007	0.270886075949367	McGill0011
-0.0652173953449455	0	0.270886075949367	0.272348804500703	McGill0011
-0.0869565271265445	0	0.272348804500703	0.275161744022504	McGill0011
-0.0652173953449455	0	0.275161744022504	0.275949367088608	McGill0011
-0.0434782635633465	0	0.275949367088608	0.276455696202532	McGill0011
-0.021739131781599	0	0.276455696202532	0.277974683544304	McGill0011
-0.021739131781599	0	0.289563994374121	0.293839662447257	McGill0011
-0.0434782635633465	0	0.293839662447257	0.295133614627285	McGill0011
-0.021739131781599	0	0.295133614627285	0.295414908579466	McGill0011
-0.0434782635633465	0	0.295414908579466	0.299409282700422	McGill0011
-0.021739131781599	0	0.299409282700422	0.30098452883263	McGill0011
-0.021739131781599	0	0.30239099859353	0.302897327707454	McGill0011
-0.0434782635633465	0	0.302897327707454	0.303122362869198	McGill0011
-0.0652173953449455	0	0.303122362869198	0.303853727144866	McGill0011
-0.0869565271265445	0	0.303853727144866	0.308016877637131	McGill0011
-0.0652173953449455	0	0.308016877637131	0.308129395218003	McGill0011
-0.0869565271265445	0	0.308129395218003	0.308410689170183	McGill0011
-0.0652173953449455	0	0.308410689170183	0.308748241912799	McGill0011
-0.0434782635633465	0	0.308748241912799	0.309479606188467	McGill0011
-0.021739131781599	0	0.309479606188467	0.313755274261603	McGill0011
-0.021739131781599	0	0.34182841068917	0.344697609001406	McGill0011
-0.0434782635633465	0	0.344697609001406	0.347398030942335	McGill0011
-0.021739131781599	0	0.347398030942335	0.350323488045007	McGill0011
-0.021739131781599	0	0.35831223628692	0.358649789029536	McGill0011
-0.0434782635633465	0	0.358649789029536	0.363600562587904	McGill0011
-0.021739131781599	0	0.363600562587904	0.364275668073136	McGill0011
-0.021739131781599	0	0.372264416315049	0.372433192686357	McGill0011
-0.0434782635633465	0	0.372433192686357	0.374402250351617	McGill0011
-0.0652173953449455	0	0.374402250351617	0.374458509142053	McGill0011
-0.0869565271265445	0	0.374458509142053	0.374627285513361	McGill0011
-0.108695654482805	0	0.374627285513361	0.377834036568214	McGill0011
-0.0869565271265445	0	0.377834036568214	0.378059071729958	McGill0011
-0.0652173953449455	0	0.378059071729958	0.378340365682138	McGill0011
-0.0869565271265445	0	0.378340365682138	0.378846694796062	McGill0011
-0.0652173953449455	0	0.378846694796062	0.379409282700422	McGill0011
-0.0434782635633465	0	0.379409282700422	0.379803094233474	McGill0011
-0.0652173953449455	0	0.379803094233474	0.38098452883263	McGill0011
-0.0869565271265445	0	0.38098452883263	0.381772151898734	McGill0011
-0.0652173953449455	0	0.381772151898734	0.382053445850914	McGill0011
-0.0434782635633465	0	0.382053445850914	0.384528832630098	McGill0011
-0.0652173953449455	0	0.384528832630098	0.385541490857947	McGill0011
-0.0434782635633465	0	0.385541490857947	0.387172995780591	McGill0011
-0.0652173953449455	0	0.387172995780591	0.388129395218003	McGill0011
-0.0869565271265445	0	0.388129395218003	0.388804500703235	McGill0011
-0.108695654482805	0	0.388804500703235	0.389085794655415	McGill0011
-0.130434790689891	0	0.389085794655415	0.389648382559775	McGill0011
-0.152173909195325	0	0.389648382559775	0.389929676511955	McGill0011
-0.130434790689891	0	0.389929676511955	0.390717299578059	McGill0011
-0.108695654482805	0	0.390717299578059	0.391111111111111	McGill0011
-0.0869565271265445	0	0.391111111111111	0.392798874824191	McGill0011
-0.108695654482805	0	0.392798874824191	0.393248945147679	McGill0011
-0.0869565271265445	0	0.393248945147679	0.393642756680731	McGill0011
-0.0652173953449455	0	0.393642756680731	0.394430379746835	McGill0011
-0.0434782635633465	0	0.394430379746835	0.394711673699016	McGill0011
-0.021739131781599	0	0.394711673699016	0.394936708860759	McGill0011
-0.021739131781599	0	0.394992967651196	0.399549929676512	McGill0011
-0.0652173953449455	0	0.399549929676512	0.400618846694796	McGill0011
-0.0434782635633465	0	0.400618846694796	0.402587904360056	McGill0011
-0.0652173953449455	0	0.402587904360056	0.40309423347398	McGill0011
-0.0869565271265445	0	0.40309423347398	0.403431786216596	McGill0011
-0.108695654482805	0	0.403431786216596	0.405175808720113	McGill0011
-0.0652173953449455	0	0.405175808720113	0.406469760900141	McGill0011
-0.0869565271265445	0	0.406469760900141	0.407707454289733	McGill0011
-0.108695654482805	0	0.407707454289733	0.408213783403657	McGill0011
-0.0869565271265445	0	0.408213783403657	0.408663853727145	McGill0011
-0.0652173953449455	0	0.408663853727145	0.409057665260197	McGill0011
-0.0434782635633465	0	0.409057665260197	0.412039381153305	McGill0011
-0.021739131781599	0	0.412039381153305	0.414345991561182	McGill0011
-0.0434782635633465	0	0.414345991561182	0.415527426160338	McGill0011
-0.0652173953449455	0	0.415527426160338	0.418902953586498	McGill0011
-0.0434782635633465	0	0.418902953586498	0.419915611814346	McGill0011
-0.021739131781599	0	0.419915611814346	0.420478199718706	McGill0011
-0.0434782635633465	0	0.420478199718706	0.421040787623066	McGill0011
-0.021739131781599	0	0.421040787623066	0.421659634317862	McGill0011
-0.0434782635633465	0	0.421659634317862	0.422784810126582	McGill0011
-0.0869565271265445	0	0.422784810126582	0.424697609001406	McGill0011
-0.108695654482805	0	0.424697609001406	0.426104078762307	McGill0011
-0.0869565271265445	0	0.426104078762307	0.427229254571027	McGill0011
-0.0652173953449455	0	0.427229254571027	0.427848101265823	McGill0011
-0.0869565271265445	0	0.427848101265823	0.428410689170183	McGill0011
-0.0434782635633465	0	0.428410689170183	0.429254571026723	McGill0011
-0.0652173953449455	0	0.429254571026723	0.430267229254571	McGill0011
-0.0434782635633465	0	0.430267229254571	0.433361462728551	McGill0011
-0.0652173953449455	0	0.433361462728551	0.433473980309423	McGill0011
-0.0434782635633465	0	0.433473980309423	0.434542897327708	McGill0011
-0.0652173953449455	0	0.434542897327708	0.434824191279887	McGill0011
-0.0434782635633465	0	0.434824191279887	0.435386779184248	McGill0011
-0.0652173953449455	0	0.435386779184248	0.437018284106892	McGill0011
-0.0869565271265445	0	0.437018284106892	0.437524613220816	McGill0011
-0.108695654482805	0	0.437524613220816	0.438255977496484	McGill0011
-0.130434790689891	0	0.438255977496484	0.438537271448664	McGill0011
-0.152173909195325	0	0.438537271448664	0.438931082981716	McGill0011
-0.130434790689891	0	0.438931082981716	0.440112517580872	McGill0011
-0.108695654482805	0	0.440112517580872	0.442194092827004	McGill0011
-0.0869565271265445	0	0.442194092827004	0.442644163150492	McGill0011
-0.0652173953449455	0	0.442644163150492	0.443825597749648	McGill0011
-0.0434782635633465	0	0.443825597749648	0.443994374120956	McGill0011
-0.021739131781599	0	0.443994374120956	0.445682137834037	McGill0011
-0.021739131781599	0	0.445907172995781	0.448495077355837	McGill0011
-0.0434782635633465	0	0.448495077355837	0.448888888888889	McGill0011
-0.0652173953449455	0	0.448888888888889	0.449507735583685	McGill0011
-0.0869565271265445	0	0.449507735583685	0.449676511954993	McGill0011
-0.108695654482805	0	0.449676511954993	0.450801687763713	McGill0011
-0.130434790689891	0	0.450801687763713	0.451533052039381	McGill0011
-0.108695654482805	0	0.451533052039381	0.452039381153305	McGill0011
-0.130434790689891	0	0.452039381153305	0.452264416315049	McGill0011
-0.108695654482805	0	0.452264416315049	0.452658227848101	McGill0011
-0.130434790689891	0	0.452658227848101	0.454064697609001	McGill0011
-0.108695654482805	0	0.454064697609001	0.45507735583685	McGill0011
-0.0869565271265445	0	0.45507735583685	0.456315049226442	McGill0011
-0.108695654482805	0	0.456315049226442	0.456371308016878	McGill0011
-0.0869565271265445	0	0.456371308016878	0.456596343178622	McGill0011
-0.108695654482805	0	0.456596343178622	0.457440225035162	McGill0011
-0.130434790689891	0	0.457440225035162	0.45760900140647	McGill0011
-0.108695654482805	0	0.45760900140647	0.458227848101266	McGill0011
-0.0869565271265445	0	0.458227848101266	0.460478199718706	McGill0011
-0.0652173953449455	0	0.460478199718706	0.460815752461322	McGill0011
-0.0434782635633465	0	0.460815752461322	0.461884669479606	McGill0011
-0.021739131781599	0	0.461884669479606	0.462222222222222	McGill0011
-0.021739131781599	0	0.464247538677918	0.466047819971871	McGill0011
-0.0434782635633465	0	0.466047819971871	0.467679324894515	McGill0011
-0.021739131781599	0	0.467679324894515	0.468073136427567	McGill0011
-0.0434782635633465	0	0.468073136427567	0.468354430379747	McGill0011
-0.021739131781599	0	0.468354430379747	0.468523206751055	McGill0011
-0.0434782635633465	0	0.468523206751055	0.471504922644163	McGill0011
-0.0652173953449455	0	0.471504922644163	0.471898734177215	McGill0011
-0.0869565271265445	0	0.471898734177215	0.473699015471167	McGill0011
-0.0652173953449455	0	0.473699015471167	0.474149085794655	McGill0011
-0.0434782635633465	0	0.474149085794655	0.476399437412096	McGill0011
-0.0652173953449455	0	0.476399437412096	0.477130801687764	McGill0011
-0.0434782635633465	0	0.477130801687764	0.477524613220816	McGill0011
-0.021739131781599	0	0.477524613220816	0.482025316455696	McGill0011
-0.021739131781599	0	0.482306610407876	0.485119549929677	McGill0011
-0.0434782635633465	0	0.485119549929677	0.486526019690577	McGill0011
-0.021739131781599	0	0.486526019690577	0.489338959212377	McGill0011
-0.0434782635633465	0	0.489338959212377	0.490689170182841	McGill0011
-0.021739131781599	0	0.490689170182841	0.490801687763713	McGill0011
-0.0434782635633465	0	0.490801687763713	0.492827004219409	McGill0011
-0.0652173953449455	0	0.492827004219409	0.493389592123769	McGill0011
-0.0869565271265445	0	0.493389592123769	0.494964838255978	McGill0011
-0.0652173953449455	0	0.494964838255978	0.496427566807314	McGill0011
-0.0434782635633465	0	0.496427566807314	0.49845288326301	McGill0011
-0.021739131781599	0	0.49845288326301	0.49901547116737	McGill0011
-0.021739131781599	0	0.502222222222222	0.504191279887483	McGill0011
-0.0434782635633465	0	0.504191279887483	0.504697609001407	McGill0011
-0.0652173953449455	0	0.504697609001407	0.504978902953587	McGill0011
-0.0869565271265445	0	0.504978902953587	0.505879043600563	McGill0011
-0.108695654482805	0	0.505879043600563	0.507285513361463	McGill0011
-0.130434790689891	0	0.507285513361463	0.507848101265823	McGill0011
-0.108695654482805	0	0.507848101265823	0.509310829817159	McGill0011
-0.130434790689891	0	0.509310829817159	0.509423347398031	McGill0011
-0.152173909195325	0	0.509423347398031	0.509760900140647	McGill0011
-0.130434790689891	0	0.509760900140647	0.510323488045007	McGill0011
-0.108695654482805	0	0.510323488045007	0.510548523206751	McGill0011
-0.0869565271265445	0	0.510548523206751	0.511504922644163	McGill0011
-0.0652173953449455	0	0.511504922644163	0.512742616033755	McGill0011
-0.108695654482805	0	0.512742616033755	0.512911392405063	McGill0011
-0.0869565271265445	0	0.512911392405063	0.514149085794656	McGill0011
-0.108695654482805	0	0.514149085794656	0.51493670886076	McGill0011
-0.0869565271265445	0	0.51493670886076	0.515049226441632	McGill0011
-0.0652173953449455	0	0.515049226441632	0.51521800281294	McGill0011
-0.108695654482805	0	0.51521800281294	0.51803094233474	McGill0011
-0.0869565271265445	0	0.51803094233474	0.518199718706048	McGill0011
-0.0652173953449455	0	0.518199718706048	0.519606188466948	McGill0011
-0.108695654482805	0	0.519606188466948	0.51971870604782	McGill0011
-0.0869565271265445	0	0.51971870604782	0.52056258790436	McGill0011
-0.0652173953449455	0	0.52056258790436	0.520731364275668	McGill0011
-0.0869565271265445	0	0.520731364275668	0.52084388185654	McGill0011
-0.0652173953449455	0	0.52084388185654	0.52168776371308	McGill0011
-0.0869565271265445	0	0.52168776371308	0.523319268635724	McGill0011
-0.108695654482805	0	0.523319268635724	0.525232067510549	McGill0011
-0.0652173953449455	0	0.525232067510549	0.526300984528833	McGill0011
-0.0434782635633465	0	0.526300984528833	0.527313642756681	McGill0011
-0.021739131781599	0	0.527313642756681	0.528945147679325	McGill0011
-0.021739131781599	0	0.531758087201125	0.532601969057665	McGill0011
-0.0434782635633465	0	0.532601969057665	0.53563994374121	McGill0011
-0.0652173953449455	0	0.53563994374121	0.53732770745429	McGill0011
-0.0434782635633465	0	0.53732770745429	0.538227848101266	McGill0011
-0.021739131781599	0	0.538227848101266	0.538790436005626	McGill0011
-0.0434782635633465	0	0.538790436005626	0.54126582278481	McGill0011
-0.021739131781599	0	0.54126582278481	0.541772151898734	McGill0011
-0.0434782635633465	0	0.541772151898734	0.54210970464135	McGill0011
-0.0652173953449455	0	0.54210970464135	0.544191279887482	McGill0011
-0.0434782635633465	0	0.544191279887482	0.545766526019691	McGill0011
-0.021739131781599	0	0.545766526019691	0.547735583684951	McGill0011
-0.021739131781599	0	0.557693389592124	0.559943741209564	McGill0011
-0.0434782635633465	0	0.559943741209564	0.562194092827004	McGill0011
-0.0652173953449455	0	0.562194092827004	0.56253164556962	McGill0011
-0.0869565271265445	0	0.56253164556962	0.563319268635724	McGill0011
-0.0652173953449455	0	0.563319268635724	0.564106891701828	McGill0011
-0.0869565271265445	0	0.564106891701828	0.565569620253165	McGill0011
-0.0652173953449455	0	0.565569620253165	0.566075949367089	McGill0011
-0.0869565271265445	0	0.566075949367089	0.566638537271449	McGill0011
-0.108695654482805	0	0.566638537271449	0.567313642756681	McGill0011
-0.130434790689891	0	0.567313642756681	0.567594936708861	McGill0011
-0.152173909195325	0	0.567594936708861	0.567819971870605	McGill0011
-0.130434790689891	0	0.567819971870605	0.568157524613221	McGill0011
-0.108695654482805	0	0.568157524613221	0.568213783403657	McGill0011
-0.130434790689891	0	0.568213783403657	0.569732770745429	McGill0011
-0.108695654482805	0	0.569732770745429	0.571364275668073	McGill0011
-0.130434790689891	0	0.571364275668073	0.571589310829817	McGill0011
-0.108695654482805	0	0.571589310829817	0.571701828410689	McGill0011
-0.0869565271265445	0	0.571701828410689	0.572095639943741	McGill0011
-0.108695654482805	0	0.572095639943741	0.572264416315049	McGill0011
-0.0869565271265445	0	0.572264416315049	0.572939521800281	McGill0011
-0.108695654482805	0	0.572939521800281	0.573220815752461	McGill0011
-0.0652173953449455	0	0.573220815752461	0.574177215189874	McGill0011
-0.0869565271265445	0	0.574177215189874	0.574345991561181	McGill0011
-0.108695654482805	0	0.574345991561181	0.575752461322082	McGill0011
-0.130434790689891	0	0.575752461322082	0.576933895921238	McGill0011
-0.108695654482805	0	0.576933895921238	0.577665260196906	McGill0011
-0.0869565271265445	0	0.577665260196906	0.577946554149086	McGill0011
-0.108695654482805	0	0.577946554149086	0.578565400843882	McGill0011
-0.0869565271265445	0	0.578565400843882	0.579971870604782	McGill0011
-0.0652173953449455	0	0.579971870604782	0.580928270042194	McGill0011
-0.0434782635633465	0	0.580928270042194	0.581772151898734	McGill0011
-0.0652173953449455	0	0.581772151898734	0.582559774964838	McGill0011
-0.0869565271265445	0	0.582559774964838	0.583291139240506	McGill0011
-0.108695654482805	0	0.583291139240506	0.58351617440225	McGill0011
-0.0869565271265445	0	0.58351617440225	0.583909985935302	McGill0011
-0.0652173953449455	0	0.583909985935302	0.587398030942335	McGill0011
-0.0434782635633465	0	0.587398030942335	0.588185654008439	McGill0011
-0.021739131781599	0	0.588185654008439	0.588860759493671	McGill0011
-0.021739131781599	0	0.590210970464135	0.595836849507736	McGill0011
-0.021739131781599	0	0.598987341772152	0.601912798874824	McGill0011
-0.0434782635633465	0	0.601912798874824	0.603150492264416	McGill0011
-0.0652173953449455	0	0.603150492264416	0.604613220815752	McGill0011
-0.0434782635633465	0	0.604613220815752	0.608776371308017	McGill0011
-0.021739131781599	0	0.608776371308017	0.612770745428973	McGill0011
-0.021739131781599	0	0.615977496483826	0.621097046413502	McGill0011
-0.021739131781599	0	0.62295358649789	0.628466947960619	McGill0011
-0.021739131781599	0	0.636680731364276	0.642194092827004	McGill0011
-0.021739131781599	0	0.642869198312236	0.646469760900141	McGill0011
-0.0434782635633465	0	0.646469760900141	0.648495077355837	McGill0011
-0.021739131781599	0	0.648495077355837	0.649620253164557	McGill0011
-0.0434782635633465	0	0.649620253164557	0.652095639943741	McGill0011
-0.021739131781599	0	0.652095639943741	0.653389592123769	McGill0011
-0.0434782635633465	0	0.653389592123769	0.654120956399438	McGill0011
-0.0652173953449455	0	0.654120956399438	0.654964838255978	McGill0011
-0.0434782635633465	0	0.654964838255978	0.655133614627285	McGill0011
-0.0652173953449455	0	0.655133614627285	0.65535864978903	McGill0011
-0.0869565271265445	0	0.65535864978903	0.656258790436006	McGill0011
-0.108695654482805	0	0.656258790436006	0.657215189873418	McGill0011
-0.130434790689891	0	0.657215189873418	0.658396624472574	McGill0011
-0.152173909195325	0	0.658396624472574	0.65901547116737	McGill0011
-0.130434790689891	0	0.65901547116737	0.659521800281294	McGill0011
-0.152173909195325	0	0.659521800281294	0.659746835443038	McGill0011
-0.130434790689891	0	0.659746835443038	0.660759493670886	McGill0011
-0.108695654482805	0	0.660759493670886	0.66098452883263	McGill0011
-0.0869565271265445	0	0.66098452883263	0.661884669479606	McGill0011
-0.0652173953449455	0	0.661884669479606	0.662784810126582	McGill0011
-0.0434782635633465	0	0.662784810126582	0.664022503516175	McGill0011
-0.021739131781599	0	0.664022503516175	0.665147679324894	McGill0011
-0.021739131781599	0	0.679099859353024	0.67915611814346	McGill0011
-0.0434782635633465	0	0.67915611814346	0.684556962025317	McGill0011
-0.0652173953449455	0	0.684556962025317	0.684725738396625	McGill0011
-0.0434782635633465	0	0.684725738396625	0.684781997187061	McGill0011
-0.021739131781599	0	0.684781997187061	0.687369901547117	McGill0011
-0.0434782635633465	0	0.687369901547117	0.690182841068917	McGill0011
-0.021739131781599	0	0.690182841068917	0.691308016877637	McGill0011
-0.0434782635633465	0	0.691308016877637	0.691420534458509	McGill0011
-0.0652173953449455	0	0.691420534458509	0.691533052039381	McGill0011
-0.0869565271265445	0	0.691533052039381	0.692208157524613	McGill0011
-0.108695654482805	0	0.692208157524613	0.692939521800281	McGill0011
-0.0869565271265445	0	0.692939521800281	0.693445850914205	McGill0011
-0.108695654482805	0	0.693445850914205	0.694402250351617	McGill0011
-0.130434790689891	0	0.694402250351617	0.695752461322082	McGill0011
-0.152173909195325	0	0.695752461322082	0.696877637130802	McGill0011
-0.130434790689891	0	0.696877637130802	0.69704641350211	McGill0011
-0.0869565271265445	0	0.69704641350211	0.697383966244726	McGill0011
-0.108695654482805	0	0.697383966244726	0.697777777777778	McGill0011
-0.0869565271265445	0	0.697777777777778	0.699071729957806	McGill0011
-0.0652173953449455	0	0.699071729957806	0.700028129395218	McGill0011
-0.0434782635633465	0	0.700028129395218	0.701209563994374	McGill0011
-0.021739131781599	0	0.701209563994374	0.701322081575246	McGill0011
-0.021739131781599	0	0.702165963431786	0.703122362869198	McGill0011
-0.0434782635633465	0	0.703122362869198	0.704978902953586	McGill0011
-0.0652173953449455	0	0.704978902953586	0.705485232067511	McGill0011
-0.0869565271265445	0	0.705485232067511	0.705879043600563	McGill0011
-0.108695654482805	0	0.705879043600563	0.707679324894515	McGill0011
-0.0869565271265445	0	0.707679324894515	0.708298171589311	McGill0011
-0.108695654482805	0	0.708298171589311	0.708579465541491	McGill0011
-0.0869565271265445	0	0.708579465541491	0.708917018284107	McGill0011
-0.108695654482805	0	0.708917018284107	0.709198312236287	McGill0011
-0.0869565271265445	0	0.709198312236287	0.711111111111111	McGill0011
-0.0652173953449455	0	0.711111111111111	0.711448663853727	McGill0011
-0.0434782635633465	0	0.711448663853727	0.713924050632912	McGill0011
-0.021739131781599	0	0.713924050632912	0.714542897327708	McGill0011
-0.021739131781599	0	0.716736990154712	0.717974683544304	McGill0011
-0.0434782635633465	0	0.717974683544304	0.721181434599156	McGill0011
-0.0652173953449455	0	0.721181434599156	0.722362869198312	McGill0011
-0.0434782635633465	0	0.722362869198312	0.723600562587904	McGill0011
-0.021739131781599	0	0.723600562587904	0.726132208157525	McGill0011
-0.0434782635633465	0	0.726132208157525	0.726357243319269	McGill0011
-0.0652173953449455	0	0.726357243319269	0.726807313642757	McGill0011
-0.0434782635633465	0	0.726807313642757	0.729338959212377	McGill0011
-0.0652173953449455	0	0.729338959212377	0.730857946554149	McGill0011
-0.0869565271265445	0	0.730857946554149	0.731758087201125	McGill0011
-0.0652173953449455	0	0.731758087201125	0.731983122362869	McGill0011
-0.0434782635633465	0	0.731983122362869	0.733164556962025	McGill0011
-0.0652173953449455	0	0.733164556962025	0.734964838255977	McGill0011
-0.0434782635633465	0	0.734964838255977	0.73648382559775	McGill0011
-0.021739131781599	0	0.73648382559775	0.738790436005626	McGill0011
-0.021739131781599	0	0.741322081575246	0.741715893108298	McGill0011
-0.0434782635633465	0	0.741715893108298	0.746891701828411	McGill0011
-0.021739131781599	0	0.746891701828411	0.747341772151899	McGill0011
-0.021739131781599	0	0.751729957805907	0.757355836849508	McGill0011
-0.021739131781599	0	0.758255977496484	0.759549929676512	McGill0011
-0.0434782635633465	0	0.759549929676512	0.760112517580872	McGill0011
-0.0652173953449455	0	0.760112517580872	0.76196905766526	McGill0011
-0.0869565271265445	0	0.76196905766526	0.763881856540084	McGill0011
-0.0652173953449455	0	0.763881856540084	0.7642194092827	McGill0011
-0.0869565271265445	0	0.7642194092827	0.765119549929676	McGill0011
-0.0652173953449455	0	0.765119549929676	0.765738396624473	McGill0011
-0.0434782635633465	0	0.765738396624473	0.767426160337553	McGill0011
-0.021739131781599	0	0.767426160337553	0.769789029535865	McGill0011
-0.021739131781599	0	0.780084388185654	0.785428973277075	McGill0011
-0.021739131781599	0	0.786497890295359	0.790042194092827	McGill0011
-0.0434782635633465	0	0.790042194092827	0.791167369901547	McGill0011
-0.0652173953449455	0	0.791167369901547	0.792123769338959	McGill0011
-0.0434782635633465	0	0.792123769338959	0.792911392405063	McGill0011
-0.0652173953449455	0	0.792911392405063	0.795668073136428	McGill0011
-0.0434782635633465	0	0.795668073136428	0.796793248945148	McGill0011
-0.021739131781599	0	0.796793248945148	0.798368495077356	McGill0011
-0.021739131781599	0	0.800337552742616	0.803713080168777	McGill0011
-0.0434782635633465	0	0.803713080168777	0.803994374120956	McGill0011
-0.0652173953449455	0	0.803994374120956	0.804163150492265	McGill0011
-0.0869565271265445	0	0.804163150492265	0.805850914205345	McGill0011
-0.0652173953449455	0	0.805850914205345	0.808438818565401	McGill0011
-0.0869565271265445	0	0.808438818565401	0.809338959212377	McGill0011
-0.0652173953449455	0	0.809338959212377	0.809620253164557	McGill0011
-0.0434782635633465	0	0.809620253164557	0.809732770745429	McGill0011
-0.021739131781599	0	0.809732770745429	0.810126582278481	McGill0011
-0.0434782635633465	0	0.810126582278481	0.814064697609001	McGill0011
-0.021739131781599	0	0.814064697609001	0.815752461322082	McGill0011
-0.021739131781599	0	0.821434599156118	0.827060478199719	McGill0011
-0.021739131781599	0	0.827623066104079	0.828748241912799	McGill0011
-0.0434782635633465	0	0.828748241912799	0.829198312236287	McGill0011
-0.0652173953449455	0	0.829198312236287	0.831279887482419	McGill0011
-0.0869565271265445	0	0.831279887482419	0.833192686357243	McGill0011
-0.0652173953449455	0	0.833192686357243	0.834317862165964	McGill0011
-0.0434782635633465	0	0.834317862165964	0.834374120956399	McGill0011
-0.021739131781599	0	0.834374120956399	0.835386779184248	McGill0011
-0.0434782635633465	0	0.835386779184248	0.836849507735584	McGill0011
-0.0652173953449455	0	0.836849507735584	0.83690576652602	McGill0011
-0.0434782635633465	0	0.83690576652602	0.840675105485232	McGill0011
-0.0652173953449455	0	0.840675105485232	0.840956399437412	McGill0011
-0.0434782635633465	0	0.840956399437412	0.842419127988748	McGill0011
-0.021739131781599	0	0.842419127988748	0.846300984528833	McGill0011
-0.021739131781599	0	0.874767932489452	0.874824191279888	McGill0011
-0.0434782635633465	0	0.874824191279888	0.875105485232068	McGill0011
-0.0652173953449455	0	0.875105485232068	0.87831223628692	McGill0011
-0.0869565271265445	0	0.87831223628692	0.879662447257384	McGill0011
-0.108695654482805	0	0.879662447257384	0.87971870604782	McGill0011
-0.130434790689891	0	0.87971870604782	0.880337552742616	McGill0011
-0.108695654482805	0	0.880337552742616	0.880393811533052	McGill0011
-0.0869565271265445	0	0.880393811533052	0.880675105485232	McGill0011
-0.0652173953449455	0	0.880675105485232	0.882081575246132	McGill0011
-0.0869565271265445	0	0.882081575246132	0.882306610407876	McGill0011
-0.108695654482805	0	0.882306610407876	0.883825597749648	McGill0011
-0.0869565271265445	0	0.883825597749648	0.885288326300985	McGill0011
-0.0652173953449455	0	0.885288326300985	0.885344585091421	McGill0011
-0.0434782635633465	0	0.885344585091421	0.885513361462729	McGill0011
-0.0652173953449455	0	0.885513361462729	0.886075949367089	McGill0011
-0.0869565271265445	0	0.886075949367089	0.886188466947961	McGill0011
-0.108695654482805	0	0.886188466947961	0.887707454289733	McGill0011
-0.0869565271265445	0	0.887707454289733	0.887876230661041	McGill0011
-0.0652173953449455	0	0.887876230661041	0.888101265822785	McGill0011
-0.0869565271265445	0	0.888101265822785	0.889957805907173	McGill0011
-0.108695654482805	0	0.889957805907173	0.890407876230661	McGill0011
-0.130434790689891	0	0.890407876230661	0.891082981715893	McGill0011
-0.108695654482805	0	0.891082981715893	0.891701828410689	McGill0011
-0.0869565271265445	0	0.891701828410689	0.891758087201125	McGill0011
-0.0652173953449455	0	0.891758087201125	0.891926863572433	McGill0011
-0.0869565271265445	0	0.891926863572433	0.892376933895921	McGill0011
-0.108695654482805	0	0.892376933895921	0.892489451476793	McGill0011
-0.130434790689891	0	0.892489451476793	0.892658227848101	McGill0011
-0.152173909195325	0	0.892658227848101	0.892827004219409	McGill0011
-0.130434790689891	0	0.892827004219409	0.892939521800281	McGill0011
-0.152173909195325	0	0.892939521800281	0.892995780590717	McGill0011
-0.173913054252792	0	0.892995780590717	0.893277074542897	McGill0011
-0.195652181610092	0	0.893277074542897	0.893502109704641	McGill0011
-0.217391308965907	0	0.893502109704641	0.893839662447257	McGill0011
-0.239130436321721	0	0.893839662447257	0.89395218002813	McGill0011
-0.282608708736488	0	0.89395218002813	0.894008438818565	McGill0011
-0.304347818390651	0	0.894008438818565	0.894289732770745	McGill0011
-0.326086981149769	0	0.894289732770745	0.894514767932489	McGill0011
-0.369565235862884	0	0.894514767932489	0.894908579465542	McGill0011
-0.391304363218699	0	0.894908579465542	0.89535864978903	McGill0011
-0.413043490574513	0	0.89535864978903	0.895527426160338	McGill0011
-0.391304363218699	0	0.895527426160338	0.895696202531646	McGill0011
-0.369565235862884	0	0.895696202531646	0.895977496483826	McGill0011
-0.391304363218699	0	0.895977496483826	0.896033755274262	McGill0011
-0.434782617931813	0	0.896033755274262	0.896427566807314	McGill0011
-0.456521745287628	0	0.896427566807314	0.89648382559775	McGill0011
-0.478260872643443	0	0.89648382559775	0.896652601969058	McGill0011
-0.500000000000742	0	0.896652601969058	0.89704641350211	McGill0011
-0.478260872643443	0	0.89704641350211	0.897271448663854	McGill0011
-0.500000000000742	0	0.897271448663854	0.897440225035162	McGill0011
-0.521739162759861	0	0.897440225035162	0.897552742616034	McGill0011
-0.500000000000742	0	0.897552742616034	0.897834036568214	McGill0011
-0.521739162759861	0	0.897834036568214	0.897946554149086	McGill0011
-0.500000000000742	0	0.897946554149086	0.898115330520394	McGill0011
-0.521739162759861	0	0.898115330520394	0.898227848101266	McGill0011
-0.500000000000742	0	0.898227848101266	0.898340365682138	McGill0011
-0.521739162759861	0	0.898340365682138	0.898621659634318	McGill0011
-0.500000000000742	0	0.898621659634318	0.898677918424754	McGill0011
-0.521739162759861	0	0.898677918424754	0.898790436005626	McGill0011
-0.543478290115676	0	0.898790436005626	0.898959212376934	McGill0011
-0.521739162759861	0	0.898959212376934	0.899184247538678	McGill0011
-0.543478290115676	0	0.899184247538678	0.899465541490858	McGill0011
-0.521739162759861	0	0.899465541490858	0.89985935302391	McGill0011
-0.543478290115676	0	0.89985935302391	0.899915611814346	McGill0011
-0.521739162759861	0	0.899915611814346	0.900084388185654	McGill0011
-0.500000000000742	0	0.900084388185654	0.90014064697609	McGill0011
-0.478260872643443	0	0.90014064697609	0.900253164556962	McGill0011
-0.500000000000742	0	0.900253164556962	0.900534458509142	McGill0011
-0.478260872643443	0	0.900534458509142	0.900590717299578	McGill0011
-0.500000000000742	0	0.900590717299578	0.901209563994374	McGill0011
-0.521739162759861	0	0.901209563994374	0.90126582278481	McGill0011
-0.56521741747149	0	0.90126582278481	0.901434599156118	McGill0011
-0.58695654482879	0	0.901434599156118	0.901659634317862	McGill0011
-0.543478290115676	0	0.901659634317862	0.901715893108298	McGill0011
-0.56521741747149	0	0.901715893108298	0.901772151898734	McGill0011
-0.58695654482879	0	0.901772151898734	0.901997187060478	McGill0011
-0.608695636781302	0	0.901997187060478	0.902053445850914	McGill0011
-0.58695654482879	0	0.902053445850914	0.90210970464135	McGill0011
-0.56521741747149	0	0.90210970464135	0.902165963431786	McGill0011
-0.543478290115676	0	0.902165963431786	0.902334739803094	McGill0011
-0.56521741747149	0	0.902334739803094	0.90239099859353	McGill0011
-0.58695654482879	0	0.90239099859353	0.902447257383966	McGill0011
-0.608695636781302	0	0.902447257383966	0.902503516174402	McGill0011
-0.630434834943723	0	0.902503516174402	0.90267229254571	McGill0011
-0.673913089656838	0	0.90267229254571	0.902728551336146	McGill0011
-0.695652217012653	0	0.902728551336146	0.902784810126582	McGill0011
-0.673913089656838	0	0.902784810126582	0.902897327707454	McGill0011
-0.652173962299538	0	0.902897327707454	0.90295358649789	McGill0011
-0.673913089656838	0	0.90295358649789	0.903009845288326	McGill0011
-0.652173962299538	0	0.903009845288326	0.903291139240506	McGill0011
-0.630434834943723	0	0.903291139240506	0.903403656821378	McGill0011
-0.608695636781302	0	0.903403656821378	0.903628691983122	McGill0011
-0.58695654482879	0	0.903628691983122	0.903853727144866	McGill0011
-0.608695636781302	0	0.903853727144866	0.903966244725738	McGill0011
-0.58695654482879	0	0.903966244725738	0.904078762306611	McGill0011
-0.608695636781302	0	0.904078762306611	0.904303797468354	McGill0011
-0.543478290115676	0	0.904303797468354	0.904810126582279	McGill0011
-0.521739162759861	0	0.904810126582279	0.904922644163151	McGill0011
-0.500000000000742	0	0.904922644163151	0.905147679324894	McGill0011
-0.456521745287628	0	0.905147679324894	0.905372714486639	McGill0011
-0.478260872643443	0	0.905372714486639	0.905428973277074	McGill0011
-0.500000000000742	0	0.905428973277074	0.90548523206751	McGill0011
-0.521739162759861	0	0.90548523206751	0.905654008438819	McGill0011
-0.543478290115676	0	0.905654008438819	0.905822784810127	McGill0011
-0.521739162759861	0	0.905822784810127	0.905879043600563	McGill0011
-0.543478290115676	0	0.905879043600563	0.905991561181435	McGill0011
-0.521739162759861	0	0.905991561181435	0.906104078762307	McGill0011
-0.543478290115676	0	0.906104078762307	0.906497890295359	McGill0011
-0.56521741747149	0	0.906497890295359	0.906554149085795	McGill0011
-0.543478290115676	0	0.906554149085795	0.906835443037975	McGill0011
-0.521739162759861	0	0.906835443037975	0.906947960618847	McGill0011
-0.543478290115676	0	0.906947960618847	0.907004219409283	McGill0011
-0.56521741747149	0	0.907004219409283	0.907060478199719	McGill0011
-0.521739162759861	0	0.907060478199719	0.907116736990155	McGill0011
-0.543478290115676	0	0.907116736990155	0.907285513361463	McGill0011
-0.521739162759861	0	0.907285513361463	0.907454289732771	McGill0011
-0.543478290115676	0	0.907454289732771	0.907623066104079	McGill0011
-0.521739162759861	0	0.907623066104079	0.907679324894515	McGill0011
-0.543478290115676	0	0.907679324894515	0.907735583684951	McGill0011
-0.56521741747149	0	0.907735583684951	0.907904360056259	McGill0011
-0.58695654482879	0	0.907904360056259	0.907960618846695	McGill0011
-0.543478290115676	0	0.907960618846695	0.908073136427567	McGill0011
-0.500000000000742	0	0.908073136427567	0.908298171589311	McGill0011
-0.456521745287628	0	0.908298171589311	0.909029535864979	McGill0011
-0.478260872643443	0	0.909029535864979	0.909254571026723	McGill0011
-0.456521745287628	0	0.909254571026723	0.909423347398031	McGill0011
-0.478260872643443	0	0.909423347398031	0.909479606188467	McGill0011
-0.456521745287628	0	0.909479606188467	0.909535864978903	McGill0011
-0.478260872643443	0	0.909535864978903	0.909648382559775	McGill0011
-0.456521745287628	0	0.909648382559775	0.909817158931083	McGill0011
-0.478260872643443	0	0.909817158931083	0.909873417721519	McGill0011
-0.500000000000742	0	0.909873417721519	0.909929676511955	McGill0011
-0.521739162759861	0	0.909929676511955	0.909985935302391	McGill0011
-0.543478290115676	0	0.909985935302391	0.910042194092827	McGill0011
-0.521739162759861	0	0.910042194092827	0.910154711673699	McGill0011
-0.58695654482879	0	0.910154711673699	0.910267229254571	McGill0011
-0.608695636781302	0	0.910267229254571	0.910436005625879	McGill0011
-0.652173962299538	0	0.910436005625879	0.910492264416315	McGill0011
-0.673913089656838	0	0.910492264416315	0.910661040787623	McGill0011
-0.739130471725767	0	0.910661040787623	0.910829817158931	McGill0011
-0.717391344368468	0	0.910829817158931	0.910942334739803	McGill0011
-0.695652217012653	0	0.910942334739803	0.911111111111111	McGill0011
-0.673913089656838	0	0.911111111111111	0.911336146272855	McGill0011
-0.739130471725767	0	0.911336146272855	0.911392405063291	McGill0011
-0.760869599081582	0	0.911392405063291	0.911504922644163	McGill0011
-0.739130471725767	0	0.911504922644163	0.911617440225035	McGill0011
-0.760869599081582	0	0.911617440225035	0.911786216596343	McGill0011
-0.782608726437397	0	0.911786216596343	0.911898734177215	McGill0011
-0.760869599081582	0	0.911898734177215	0.912123769338959	McGill0011
-0.739130471725767	0	0.912123769338959	0.912348804500703	McGill0011
-0.782608726437397	0	0.912348804500703	0.912686357243319	McGill0011
-0.760869599081582	0	0.912686357243319	0.912742616033755	McGill0011
-0.739130471725767	0	0.912742616033755	0.912798874824191	McGill0011
-0.782608726437397	0	0.912798874824191	0.912855133614627	McGill0011
-0.847826108506327	0	0.912855133614627	0.912911392405063	McGill0011
-0.913043490575256	0	0.912911392405063	0.913080168776371	McGill0011
-0.891304363219441	0	0.913080168776371	0.913248945147679	McGill0011
-0.869565235862141	0	0.913248945147679	0.913305203938115	McGill0011
-0.847826108506327	0	0.913305203938115	0.913642756680731	McGill0011
-0.826086981150512	0	0.913642756680731	0.913811533052039	McGill0011
-0.804347853794697	0	0.913811533052039	0.913980309423347	McGill0011
-0.847826108506327	0	0.913980309423347	0.914036568213783	McGill0011
-0.869565235862141	0	0.914036568213783	0.91409282700422	McGill0011
-0.891304363219441	0	0.91409282700422	0.914149085794655	McGill0011
-0.913043490575256	0	0.914149085794655	0.914205344585091	McGill0011
-0.934782617931071	0	0.914205344585091	0.914430379746836	McGill0011
-0.95652174528837	0	0.914430379746836	0.914542897327707	McGill0011
-0.978260872644185	0	0.914542897327707	0.914655414908579	McGill0011
-0.95652174528837	0	0.914655414908579	0.914767932489451	McGill0011
-0.978260872644185	0	0.914767932489451	0.91493670886076	McGill0011
-1	0	0.91493670886076	0.914992967651196	McGill0011
-0.978260872644185	0	0.914992967651196	0.915105485232067	McGill0011
-0.95652174528837	0	0.915105485232067	0.915274261603376	McGill0011
-0.934782617931071	0	0.915274261603376	0.915330520393812	McGill0011
-0.95652174528837	0	0.915330520393812	0.915386779184247	McGill0011
-0.978260872644185	0	0.915386779184247	0.915499296765119	McGill0011
-0.95652174528837	0	0.915499296765119	0.915555555555556	McGill0011
-0.913043490575256	0	0.915555555555556	0.9157805907173	McGill0011
-0.869565235862141	0	0.9157805907173	0.915836849507736	McGill0011
-0.847826108506327	0	0.915836849507736	0.915893108298172	McGill0011
-0.804347853794697	0	0.915893108298172	0.916005625879044	McGill0011
-0.826086981150512	0	0.916005625879044	0.91606188466948	McGill0011
-0.804347853794697	0	0.91606188466948	0.916230661040788	McGill0011
-0.782608726437397	0	0.916230661040788	0.916286919831224	McGill0011
-0.739130471725767	0	0.916286919831224	0.91634317862166	McGill0011
-0.760869599081582	0	0.91634317862166	0.916399437412096	McGill0011
-0.782608726437397	0	0.916399437412096	0.916736990154712	McGill0011
-0.739130471725767	0	0.916736990154712	0.916793248945148	McGill0011
-0.760869599081582	0	0.916793248945148	0.916849507735584	McGill0011
-0.717391344368468	0	0.916849507735584	0.9171870604782	McGill0011
-0.695652217012653	0	0.9171870604782	0.917243319268636	McGill0011
-0.673913089656838	0	0.917243319268636	0.917355836849508	McGill0011
-0.652173962299538	0	0.917355836849508	0.917412095639944	McGill0011
-0.673913089656838	0	0.917412095639944	0.917524613220816	McGill0011
-0.739130471725767	0	0.917524613220816	0.917805907172996	McGill0011
-0.760869599081582	0	0.917805907172996	0.917918424753868	McGill0011
-0.717391344368468	0	0.917918424753868	0.917974683544304	McGill0011
-0.695652217012653	0	0.917974683544304	0.918087201125176	McGill0011
-0.717391344368468	0	0.918087201125176	0.918255977496484	McGill0011
-0.695652217012653	0	0.918255977496484	0.918424753867792	McGill0011
-0.630434834943723	0	0.918424753867792	0.918481012658228	McGill0011
-0.58695654482879	0	0.918481012658228	0.918987341772152	McGill0011
-0.56521741747149	0	0.918987341772152	0.919324894514768	McGill0011
-0.58695654482879	0	0.919324894514768	0.91943741209564	McGill0011
-0.56521741747149	0	0.91943741209564	0.919606188466948	McGill0011
-0.500000000000742	0	0.919606188466948	0.919662447257384	McGill0011
-0.521739162759861	0	0.919662447257384	0.919774964838256	McGill0011
-0.478260872643443	0	0.919774964838256	0.919831223628692	McGill0011
-0.456521745287628	0	0.919831223628692	0.919943741209564	McGill0011
-0.434782617931813	0	0.919943741209564	0.920225035161744	McGill0011
-0.456521745287628	0	0.920225035161744	0.920393811533052	McGill0011
-0.434782617931813	0	0.920393811533052	0.920506329113924	McGill0011
-0.413043490574513	0	0.920506329113924	0.920731364275668	McGill0011
-0.434782617931813	0	0.920731364275668	0.920956399437412	McGill0011
-0.413043490574513	0	0.920956399437412	0.921012658227848	McGill0011
-0.391304363218699	0	0.921012658227848	0.921237693389592	McGill0011
-0.369565235862884	0	0.921237693389592	0.921293952180028	McGill0011
-0.391304363218699	0	0.921293952180028	0.921575246132208	McGill0011
-0.369565235862884	0	0.921575246132208	0.921912798874824	McGill0011
-0.347826108507069	0	0.921912798874824	0.92196905766526	McGill0011
-0.304347818390651	0	0.92196905766526	0.922644163150492	McGill0011
-0.282608708736488	0	0.922644163150492	0.922981715893108	McGill0011
-0.260869581379188	0	0.922981715893108	0.92309423347398	McGill0011
-0.239130436321721	0	0.92309423347398	0.923150492264416	McGill0011
-0.195652181610092	0	0.923150492264416	0.92337552742616	McGill0011
-0.173913054252792	0	0.92337552742616	0.923431786216596	McGill0011
-0.152173909195325	0	0.923431786216596	0.923769338959212	McGill0011
-0.195652181610092	0	0.923769338959212	0.924106891701828	McGill0011
-0.173913054252792	0	0.924106891701828	0.924163150492264	McGill0011
-0.152173909195325	0	0.924163150492264	0.924725738396624	McGill0011
-0.173913054252792	0	0.924725738396624	0.925288326300985	McGill0011
-0.152173909195325	0	0.925288326300985	0.925850914205345	McGill0011
-0.130434790689891	0	0.925850914205345	0.926300984528833	McGill0011
-0.108695654482805	0	0.926300984528833	0.926526019690577	McGill0011
-0.130434790689891	0	0.926526019690577	0.926582278481013	McGill0011
-0.152173909195325	0	0.926582278481013	0.926919831223629	McGill0011
-0.130434790689891	0	0.926919831223629	0.927876230661041	McGill0011
-0.152173909195325	0	0.927876230661041	0.928101265822785	McGill0011
-0.173913054252792	0	0.928101265822785	0.929001406469761	McGill0011
-0.152173909195325	0	0.929001406469761	0.929113924050633	McGill0011
-0.173913054252792	0	0.929113924050633	0.929226441631505	McGill0011
-0.152173909195325	0	0.929226441631505	0.930351617440225	McGill0011
-0.130434790689891	0	0.930351617440225	0.931195499296765	McGill0011
-0.152173909195325	0	0.931195499296765	0.931476793248945	McGill0011
-0.173913054252792	0	0.931476793248945	0.932151898734177	McGill0011
-0.108695654482805	0	0.932151898734177	0.932264416315049	McGill0011
-0.130434790689891	0	0.932264416315049	0.932545710267229	McGill0011
-0.152173909195325	0	0.932545710267229	0.933052039381153	McGill0011
-0.173913054252792	0	0.933052039381153	0.933558368495077	McGill0011
-0.152173909195325	0	0.933558368495077	0.933783403656821	McGill0011
-0.173913054252792	0	0.933783403656821	0.934739803094234	McGill0011
-0.152173909195325	0	0.934739803094234	0.935977496483826	McGill0011
-0.130434790689891	0	0.935977496483826	0.936540084388186	McGill0011
-0.173913054252792	0	0.936540084388186	0.936821378340366	McGill0011
-0.152173909195325	0	0.936821378340366	0.937102672292546	McGill0011
-0.130434790689891	0	0.937102672292546	0.93789029535865	McGill0011
-0.108695654482805	0	0.93789029535865	0.938115330520394	McGill0011
-0.0869565271265445	0	0.938115330520394	0.938621659634318	McGill0011
-0.0652173953449455	0	0.938621659634318	0.939071729957806	McGill0011
-0.0434782635633465	0	0.939071729957806	0.939353023909986	McGill0011
-0.0652173953449455	0	0.939353023909986	0.94210970464135	McGill0011
-0.021739131781599	0	0.94210970464135	0.942784810126582	McGill0011
-0.0434782635633465	0	0.942784810126582	0.942841068917018	McGill0011
-0.0652173953449455	0	0.942841068917018	0.943853727144866	McGill0011
-0.0869565271265445	0	0.943853727144866	0.944922644163151	McGill0011
-0.0652173953449455	0	0.944922644163151	0.944978902953587	McGill0011
-0.0869565271265445	0	0.944978902953587	0.948016877637131	McGill0011
-0.0652173953449455	0	0.948016877637131	0.948410689170183	McGill0011
-0.0434782635633465	0	0.948410689170183	0.949479606188467	McGill0011
-0.021739131781599	0	0.949479606188467	0.949873417721519	McGill0011
-0.0434782635633465	0	0.949873417721519	0.950548523206751	McGill0011
-0.021739131781599	0	0.950548523206751	0.952123769338959	McGill0011
-0.0434782635633465	0	0.952123769338959	0.952911392405063	McGill0011
-0.0652173953449455	0	0.952911392405063	0.95549929676512	McGill0011
-0.0434782635633465	0	0.95549929676512	0.957524613220816	McGill0011
-0.021739131781599	0	0.957524613220816	0.957693389592124	McGill0011
-0.021739131781599	0	0.957974683544304	0.96028129395218	McGill0011
-0.0434782635633465	0	0.96028129395218	0.961744022503516	McGill0011
-0.0652173953449455	0	0.961744022503516	0.962081575246132	McGill0011
-0.0869565271265445	0	0.962081575246132	0.962869198312236	McGill0011
-0.108695654482805	0	0.962869198312236	0.963544303797468	McGill0011
-0.0869565271265445	0	0.963544303797468	0.963600562587904	McGill0011
-0.108695654482805	0	0.963600562587904	0.964556962025316	McGill0011
-0.130434790689891	0	0.964556962025316	0.96506329113924	McGill0011
-0.152173909195325	0	0.96506329113924	0.965457102672292	McGill0011
-0.173913054252792	0	0.965457102672292	0.965569620253165	McGill0011
-0.195652181610092	0	0.965569620253165	0.965907172995781	McGill0011
-0.173913054252792	0	0.965907172995781	0.967257383966245	McGill0011
-0.195652181610092	0	0.967257383966245	0.967369901547117	McGill0011
-0.173913054252792	0	0.967369901547117	0.967707454289733	McGill0011
-0.152173909195325	0	0.967707454289733	0.967932489451477	McGill0011
-0.173913054252792	0	0.967932489451477	0.968438818565401	McGill0011
-0.152173909195325	0	0.968438818565401	0.969170182841069	McGill0011
-0.130434790689891	0	0.969170182841069	0.970126582278481	McGill0011
-0.108695654482805	0	0.970126582278481	0.970689170182841	McGill0011
-0.0869565271265445	0	0.970689170182841	0.971026722925457	McGill0011
-0.0652173953449455	0	0.971026722925457	0.971195499296765	McGill0011
-0.0434782635633465	0	0.971195499296765	0.972770745428973	McGill0011
-0.0652173953449455	0	0.972770745428973	0.972883263009845	McGill0011
-0.0434782635633465	0	0.972883263009845	0.973558368495077	McGill0011
-0.021739131781599	0	0.973558368495077	0.976090014064698	McGill0011
-0.021739131781599	0	0.978790436005626	0.982278481012658	McGill0011
-0.0434782635633465	0	0.982278481012658	0.98436005625879	McGill0011
-0.021739131781599	0	0.98436005625879	0.987848101265823	McGill0011
-0.021739131781599	0	0.988129395218003	0.990942334739803	McGill0011
-0.021739131781599	0	0.990998593530239	0.991842475386779	McGill0011
-0.021739131781599	0	0.991898734177215	0.991954992967651	McGill0011
-0.0434782635633465	0	0.991954992967651	0.992855133614627	McGill0011
-0.021739131781599	0	0.992855133614627	0.992911392405063	McGill0011
-0.0434782635633465	0	0.992911392405063	0.993136427566807	McGill0011
-0.021739131781599	0	0.993136427566807	0.993192686357243	McGill0011
-0.0652173953449455	0	0.993192686357243	0.993473980309423	McGill0011
-0.0869565271265445	0	0.993473980309423	0.993755274261603	McGill0011
-0.0652173953449455	0	0.993755274261603	0.99662447257384	McGill0011
-0.0869565271265445	0	0.99662447257384	0.997524613220816	McGill0011
-0.0652173953449455	0	0.997524613220816	0.998649789029536	McGill0011
-0.0869565271265445	0	0.998649789029536	0.998818565400844	McGill0011
-0.0652173953449455	0	0.998818565400844	0.998987341772152	McGill0011
