ymin	ymax	xmin	xmax	showSelected2
0	0.10000000149	0.0115253522611476	0.011542921395692	McGill0001
0	0.10000000149	0.0126497768719913	0.0127727608138023	McGill0001
0	0.10000000149	0.0200288133806529	0.0213640676060297	McGill0001
0	0.10000000149	0.024017006922239	0.0242278365367722	McGill0001
0	0.10000000149	0.024421097016761	0.0244386661513054	McGill0001
0	0.10000000149	0.0245089426894831	0.0262834252784708	McGill0001
0	0.10000000149	0.0285322745001581	0.0292701781510243	McGill0001
0	0.10000000149	0.0308514002600232	0.0336448926525879	McGill0001
0	0.10000000149	0.0356653431251977	0.0357883270670087	McGill0001
0	0.10000000149	0.0370357356196634	0.039091324361362	McGill0001
0	0.10000000149	0.0391967391686286	0.0403563020485611	McGill0001
0	0.10000000149	0.0406198390667276	0.0409360834885274	McGill0001
0	0.10000000149	0.0604553919673917	0.0604729611019361	McGill0001
0	0.10000000149	0.0607013598510137	0.061685231385502	McGill0001
0	0.10000000149	0.0683439333778418	0.0711374257704066	McGill0001
0	0.10000000149	0.0715766541340174	0.0716644998067395	McGill0001
0	0.10000000149	0.0753188797919814	0.075951368635581	McGill0001
0	0.10000000149	0.0762149056537475	0.0785691696827014	McGill0001
0	0.10000000149	0.078955690642679	0.0795354720826452	McGill0001
0	0.10000000149	0.0802382374644225	0.0806774658280333	McGill0001
0	0.10000000149	0.0813626620752662	0.0856319617695632	McGill0001
0	0.10000000149	0.0887416985839278	0.0890228047366387	McGill0001
0	0.10000000149	0.0895850170420605	0.0908148564601708	McGill0001
0	0.10000000149	0.0909905478056151	0.0913419304965037	McGill0001
0	0.10000000149	0.0920622650128255	0.0934150883727468	McGill0001
0	0.10000000149	0.0962788573034892	0.0965599634562001	McGill0001
0	0.10000000149	0.109420569942725	0.109596261288169	McGill0001
0	0.10000000149	0.109736814364524	0.109807090902702	McGill0001
0	0.10000000149	0.110000351382691	0.110299026669946	McGill0001
0	0.10000000149	0.110439579746302	0.111476158684423	McGill0001
0	0.10000000149	0.117994307600408	0.119487684036684	McGill0001
0	0.10000000149	0.125267929301803	0.125672019396325	McGill0001
0	0.10000000149	0.126743736603535	0.126901858814435	McGill0001
0	0.10000000149	0.127007273621701	0.127024842756246	McGill0001
0	0.10000000149	0.127938437752556	0.128237113039812	McGill0001
0	0.10000000149	0.139042130784638	0.139551635686426	McGill0001
0	0.10000000149	0.161477915597878	0.161495484732422	McGill0001
0	0.10000000149	0.161759021750589	0.162672616746899	McGill0001
0	0.10000000149	0.169524579219228	0.172265364208159	McGill0001
0	0.10000000149	0.181190484556731	0.181682420323975	McGill0001
0	0.10000000149	0.182332478302119	0.182578446185741	McGill0001
0	0.10000000149	0.193137496046945	0.193383463930567	McGill0001
0	0.10000000149	0.208756456656945	0.209230823289645	McGill0001
0	0.10000000149	0.220158824976282	0.221318387856214	McGill0001
0	0.10000000149	0.231895006851962	0.232017990793774	McGill0001
0	0.10000000149	0.232773463579184	0.232826170982817	McGill0001
0	0.10000000149	0.234003302997294	0.234266840015461	McGill0001
0	0.10000000149	0.234354685688183	0.235672370779015	McGill0001
0	0.10000000149	0.235760216451738	0.236339997891704	McGill0001
0	0.10000000149	0.237323869426192	0.237517129906181	McGill0001
0	0.10000000149	0.238975368073369	0.239502442109702	McGill0001
0	0.10000000149	0.239537580378791	0.239976808742401	McGill0001
0	0.10000000149	0.24064443585509	0.240697143258723	McGill0001
0	0.10000000149	0.24080255806599	0.240820127200534	McGill0001
0	0.10000000149	0.240837696335079	0.241294493833234	McGill0001
0	0.10000000149	0.241962120945922	0.242401349309533	McGill0001
0	0.10000000149	0.24342035911311	0.243719034400365	McGill0001
0	0.10000000149	0.244948873818476	0.245106996029376	McGill0001
0	0.10000000149	0.248480269861907	0.249991215432728	McGill0001
0	0.10000000149	0.25332935099617	0.253557749745248	McGill0001
0	0.10000000149	0.253592888014336	0.254910573105169	McGill0001
0	0.10000000149	0.266734600653572	0.268087424013493	McGill0001
0	0.10000000149	0.283372571067149	0.283513124143505	McGill0001
0	0.10000000149	0.283600969816227	0.28535788327067	McGill0001
0	0.10000000149	0.290821884113989	0.291788186513932	McGill0001
0	0.10000000149	0.295337151691908	0.295460135633719	McGill0001
0	0.10000000149	0.303085140026002	0.303805474542324	McGill0001
0	0.10000000149	0.304121718964124	0.304314979444113	McGill0001
0	0.10000000149	0.304332548578657	0.304508239924101	McGill0001
0	0.10000000149	0.30454337819319	0.305878632418567	McGill0001
0	0.10000000149	0.316086299588882	0.317737798236059	McGill0001
0	0.10000000149	0.323166660810289	0.323658596577533	McGill0001
0	0.10000000149	0.324168101479321	0.324185670613866	McGill0001
0	0.10000000149	0.324273516286588	0.324291085421132	McGill0001
0	0.10000000149	0.324308654555677	0.326118275413753	McGill0001
0	0.10000000149	0.330264591166239	0.331037633086194	McGill0001
0	0.10000000149	0.356302048561088	0.357004813942865	McGill0001
0	0.10000000149	0.366281316982326	0.366667837942303	McGill0001
0	0.10000000149	0.367142204575003	0.36784496995678	McGill0001
0	0.10000000149	0.391176780631786	0.392424189184441	McGill0001
0	0.20000000298	0.392424189184441	0.392775571875329	McGill0001
0	0.300000011921	0.392775571875329	0.392880986682596	McGill0001
0	0.20000000298	0.392880986682596	0.392933694086229	McGill0001
0	0.300000011921	0.392933694086229	0.393126954566218	McGill0001
0	0.40000000596	0.393126954566218	0.393636459468007	McGill0001
0	0.5	0.393636459468007	0.393759443409818	McGill0001
0	0.600000023842	0.393759443409818	0.393952703889806	McGill0001
0	0.699999988079	0.393952703889806	0.394374363118873	McGill0001
0	0.800000011921	0.394374363118873	0.394532485329773	McGill0001
0	0.699999988079	0.394532485329773	0.394550054464317	McGill0001
0	0.800000011921	0.394550054464317	0.394778453213395	McGill0001
0	0.899999976158	0.394778453213395	0.394813591482484	McGill0001
0	0.800000011921	0.394813591482484	0.394831160617028	McGill0001
0	0.899999976158	0.394831160617028	0.394866298886117	McGill0001
0	0.800000011921	0.394866298886117	0.394989282827928	McGill0001
0	0.899999976158	0.394989282827928	0.395041990231561	McGill0001
0	0.800000011921	0.395041990231561	0.395059559366106	McGill0001
0	0.899999976158	0.395059559366106	0.395287958115183	McGill0001
0	1	0.395287958115183	0.395692048209705	McGill0001
0	0.899999976158	0.395692048209705	0.395744755613339	McGill0001
0	1	0.395744755613339	0.395779893882427	McGill0001
0	0.899999976158	0.395779893882427	0.395797463016972	McGill0001
0	1	0.395797463016972	0.396324537053305	McGill0001
0	0.899999976158	0.396324537053305	0.396552935802382	McGill0001
0	1	0.396552935802382	0.396640781475105	McGill0001
0	0.899999976158	0.396640781475105	0.396904318493271	McGill0001
0	0.800000011921	0.396904318493271	0.396921887627815	McGill0001
0	0.899999976158	0.396921887627815	0.397044871569626	McGill0001
0	0.800000011921	0.397044871569626	0.397343546856882	McGill0001
0	0.699999988079	0.397343546856882	0.397396254260515	McGill0001
0	0.800000011921	0.397396254260515	0.397448961664148	McGill0001
0	0.699999988079	0.397448961664148	0.397958466565937	McGill0001
0	0.600000023842	0.397958466565937	0.397976035700481	McGill0001
0	0.699999988079	0.397976035700481	0.398028743104115	McGill0001
0	0.600000023842	0.398028743104115	0.398397694929548	McGill0001
0	0.5	0.398397694929548	0.39864366281317	McGill0001
0	0.40000000596	0.39864366281317	0.39895990723497	McGill0001
0	0.5	0.39895990723497	0.399012614638603	McGill0001
0	0.40000000596	0.399012614638603	0.399030183773147	McGill0001
0	0.5	0.399030183773147	0.399047752907692	McGill0001
0	0.40000000596	0.399047752907692	0.40110334164939	McGill0001
0	0.5	0.40110334164939	0.401384447802101	McGill0001
0	0.600000023842	0.401384447802101	0.401858814434801	McGill0001
0	0.5	0.401858814434801	0.401929090972979	McGill0001
0	0.600000023842	0.401929090972979	0.402262904529323	McGill0001
0	0.699999988079	0.402262904529323	0.402280473663867	McGill0001
0	0.600000023842	0.402280473663867	0.402333181067501	McGill0001
0	0.699999988079	0.402333181067501	0.402508872412945	McGill0001
0	0.600000023842	0.402508872412945	0.402579148951123	McGill0001
0	0.699999988079	0.402579148951123	0.402702132892934	McGill0001
0	0.600000023842	0.402702132892934	0.402737271162023	McGill0001
0	0.699999988079	0.402737271162023	0.402754840296567	McGill0001
0	0.600000023842	0.402754840296567	0.402772409431111	McGill0001
0	0.699999988079	0.402772409431111	0.4028075477002	McGill0001
0	0.600000023842	0.4028075477002	0.402842685969289	McGill0001
0	0.699999988079	0.402842685969289	0.402860255103834	McGill0001
0	0.600000023842	0.402860255103834	0.403106222987456	McGill0001
0	0.699999988079	0.403106222987456	0.4039144031765	McGill0001
0	0.600000023842	0.4039144031765	0.403931972311044	McGill0001
0	0.699999988079	0.403931972311044	0.403949541445588	McGill0001
0	0.600000023842	0.403949541445588	0.403967110580133	McGill0001
0	0.699999988079	0.403967110580133	0.403984679714677	McGill0001
0	0.600000023842	0.403984679714677	0.404248216732844	McGill0001
0	0.5	0.404248216732844	0.404652306827366	McGill0001
0	0.600000023842	0.404652306827366	0.404687445096455	McGill0001
0	0.5	0.404687445096455	0.404810429038266	McGill0001
0	0.600000023842	0.404810429038266	0.40482799817281	McGill0001
0	0.5	0.40482799817281	0.405073966056432	McGill0001
0	0.600000023842	0.405073966056432	0.405232088267332	McGill0001
0	0.5	0.405232088267332	0.406549773358164	McGill0001
0	0.40000000596	0.406549773358164	0.406830879510875	McGill0001
0	0.300000011921	0.406830879510875	0.40684844864542	McGill0001
0	0.40000000596	0.40684844864542	0.406918725183597	McGill0001
0	0.300000011921	0.406918725183597	0.407059278259953	McGill0001
0	0.40000000596	0.407059278259953	0.407217400470853	McGill0001
0	0.300000011921	0.407217400470853	0.407621490565375	McGill0001
0	0.40000000596	0.407621490565375	0.407639059699919	McGill0001
0	0.300000011921	0.407639059699919	0.408763484310763	McGill0001
0	0.20000000298	0.408763484310763	0.408868899118029	McGill0001
0	0.300000011921	0.408868899118029	0.409554095365262	McGill0001
0	0.20000000298	0.409554095365262	0.409606802768896	McGill0001
0	0.300000011921	0.409606802768896	0.40962437190344	McGill0001
0	0.20000000298	0.40962437190344	0.409677079307073	McGill0001
0	0.300000011921	0.409677079307073	0.410942056994272	McGill0001
0	0.40000000596	0.410942056994272	0.41101233353245	McGill0001
0	0.300000011921	0.41101233353245	0.412084050739661	McGill0001
0	0.40000000596	0.412084050739661	0.41211918900875	McGill0001
0	0.300000011921	0.41211918900875	0.412136758143294	McGill0001
0	0.40000000596	0.412136758143294	0.41224217295056	McGill0001
0	0.300000011921	0.41224217295056	0.413015214870515	McGill0001
0	0.40000000596	0.413015214870515	0.413050353139604	McGill0001
0	0.300000011921	0.413050353139604	0.413103060543238	McGill0001
0	0.40000000596	0.413103060543238	0.413138198812327	McGill0001
0	0.300000011921	0.413138198812327	0.414631575248603	McGill0001
0	0.20000000298	0.414631575248603	0.415562739379458	McGill0001
0	0.10000000149	0.415562739379458	0.422239010506342	McGill0001
0	0.20000000298	0.422239010506342	0.422256579640887	McGill0001
0	0.10000000149	0.422256579640887	0.426525879335184	McGill0001
0	0.10000000149	0.426578586738817	0.426666432411539	McGill0001
0	0.10000000149	0.426824554622439	0.426912400295161	McGill0001
0	0.10000000149	0.427228644716961	0.430689764222214	McGill0001
0	0.20000000298	0.430689764222214	0.432833198636635	McGill0001
0	0.10000000149	0.432833198636635	0.433149443058435	McGill0001
0	0.20000000298	0.433149443058435	0.433412980076601	McGill0001
0	0.10000000149	0.433412980076601	0.43360624055659	McGill0001
0	0.20000000298	0.43360624055659	0.433834639305668	McGill0001
0	0.10000000149	0.433834639305668	0.434888787378334	McGill0001
0	0.10000000149	0.439755437647141	0.440475772163463	McGill0001
0	0.10000000149	0.442970589268773	0.442988158403317	McGill0001
0	0.10000000149	0.443321971959661	0.443392248497839	McGill0001
0	0.10000000149	0.443427386766928	0.443813907726905	McGill0001
0	0.10000000149	0.444059875610527	0.444657226185038	McGill0001
0	0.10000000149	0.450630731930145	0.452616044133666	McGill0001
0	0.10000000149	0.45279173547911	0.453213394708177	McGill0001
0	0.10000000149	0.466811904845567	0.466882181383745	McGill0001
0	0.10000000149	0.467549808496433	0.467760638110967	McGill0001
0	0.10000000149	0.489317966196985	0.489581503215152	McGill0001
0	0.10000000149	0.495344179345725	0.495590147229347	McGill0001
0	0.10000000149	0.497874134720124	0.498084964334657	McGill0001
0	0.10000000149	0.5157770828209	0.5168839382972	McGill0001
0	0.10000000149	0.517042060508099	0.518904388769809	McGill0001
0	0.10000000149	0.521241083664219	0.521399205875119	McGill0001
0	0.10000000149	0.529586422572824	0.529955374398257	McGill0001
0	0.10000000149	0.536491092448786	0.536596507256053	McGill0001
0	0.10000000149	0.536860044274219	0.536965459081486	McGill0001
0	0.10000000149	0.53729927263783	0.538248005903229	McGill0001
0	0.10000000149	0.54162127973576	0.541726694543027	McGill0001
0	0.10000000149	0.542745704346604	0.543114656172037	McGill0001
0	0.10000000149	0.543940405495625	0.545732457219157	McGill0001
0	0.10000000149	0.547893460768123	0.548174566920833	McGill0001
0	0.10000000149	0.553726413436874	0.554148072665941	McGill0001
0	0.10000000149	0.555167082469518	0.555377912084051	McGill0001
0	0.10000000149	0.55664288977125	0.556906426789416	McGill0001
0	0.10000000149	0.558874169858393	0.560578375909203	McGill0001
0	0.10000000149	0.560789205523736	0.560894620331002	McGill0001
0	0.10000000149	0.560929758600091	0.561017604272814	McGill0001
0	0.10000000149	0.576970378439158	0.578200217857268	McGill0001
0	0.10000000149	0.583137144664254	0.583154713798798	McGill0001
0	0.10000000149	0.583189852067887	0.584964334656875	McGill0001
0	0.10000000149	0.588232193682139	0.588601145507572	McGill0001
0	0.10000000149	0.596032889419867	0.5965599634562	McGill0001
0	0.10000000149	0.598826381812432	0.600583295266875	McGill0001
0	0.10000000149	0.600794124881408	0.601022523630486	McGill0001
0	0.10000000149	0.607259566393759	0.608998910713658	McGill0001
0	0.10000000149	0.609139463790014	0.610773393302646	McGill0001
0	0.10000000149	0.614691310306054	0.617028005200464	McGill0001
0	0.10000000149	0.623265047963737	0.62363399978917	McGill0001
0	0.10000000149	0.623756983730981	0.625953125549036	McGill0001
0	0.10000000149	0.649601180645841	0.649934994202186	McGill0001
0	0.10000000149	0.650321515162163	0.650918865736674	McGill0001
0	0.10000000149	0.660037246565234	0.660107523103412	McGill0001
0	0.10000000149	0.661214378579711	0.661442777328789	McGill0001
0	0.10000000149	0.662848308092343	0.66295372289961	McGill0001
0	0.10000000149	0.679345725429565	0.680364735233142	McGill0001
0	0.10000000149	0.69716082785762	0.699005586984785	McGill0001
0	0.10000000149	0.699040725253874	0.699111001792052	McGill0001
0	0.10000000149	0.699251554868407	0.699321831406585	McGill0001
0	0.10000000149	0.699690783232018	0.700270564671984	McGill0001
0	0.10000000149	0.700639516497417	0.70072736217014	McGill0001
0	0.10000000149	0.704539864366281	0.704627710039004	McGill0001
0	0.10000000149	0.704697986577181	0.704908816191714	McGill0001
0	0.10000000149	0.705576443304403	0.706208932148002	McGill0001
0	0.10000000149	0.708211813486068	0.709476791173267	McGill0001
0	0.10000000149	0.709617344249622	0.709968726940511	McGill0001
0	0.10000000149	0.710074141747778	0.710232263958678	McGill0001
0	0.10000000149	0.717013949892828	0.717541023929161	McGill0001
0	0.10000000149	0.717751853543694	0.717804560947328	McGill0001
0	0.10000000149	0.717945114023683	0.722495519870691	McGill0001
0	0.10000000149	0.724445693805123	0.725376857935978	McGill0001
0	0.10000000149	0.729593450226642	0.729628588495731	McGill0001
0	0.10000000149	0.730384061281141	0.730471906953864	McGill0001
0	0.10000000149	0.730489476088408	0.731350363681085	McGill0001
0	0.10000000149	0.731877437717418	0.731930145121051	McGill0001
0	0.10000000149	0.737113039811659	0.737780666924347	McGill0001
0	0.10000000149	0.73862398538248	0.738834814997013	McGill0001
0	0.10000000149	0.741030956815067	0.741048525949612	McGill0001
0	0.10000000149	0.741171509891423	0.742787870269511	McGill0001
0	0.10000000149	0.743051407287677	0.743314944305844	McGill0001
0	0.10000000149	0.743367651709477	0.745106996029376	McGill0001
0	0.10000000149	0.748726237745529	0.750518289469061	McGill0001
0	0.10000000149	0.757897325977722	0.757932464246811	McGill0001
0	0.10000000149	0.758090586457711	0.761323307213887	McGill0001
0	0.10000000149	0.761340876348431	0.763273481148319	McGill0001
0	0.20000000298	0.763273481148319	0.763378895955585	McGill0001
0	0.10000000149	0.763378895955585	0.768245546224393	McGill0001
0	0.10000000149	0.773481148318634	0.773551424856812	McGill0001
0	0.10000000149	0.774113637162233	0.776327348114832	McGill0001
0	0.10000000149	0.777715309743842	0.780473663867318	McGill0001
0	0.10000000149	0.780702062616396	0.781931902034506	McGill0001
0	0.10000000149	0.782230577321761	0.782458976070839	McGill0001
0	0.10000000149	0.783741522892582	0.785621420288837	McGill0001
0	0.10000000149	0.785761973365192	0.785955233845181	McGill0001
0	0.10000000149	0.786886397976036	0.787518886819635	McGill0001
0	0.10000000149	0.787712147299624	0.788625742295935	McGill0001
0	0.10000000149	0.792315260550265	0.792438244492076	McGill0001
0	0.10000000149	0.792596366702976	0.79264907410661	McGill0001
0	0.10000000149	0.793316701219298	0.794001897466531	McGill0001
0	0.10000000149	0.803137847429636	0.803436522716891	McGill0001
0	0.10000000149	0.803454091851435	0.803577075793247	McGill0001
0	0.10000000149	0.80362978319688	0.80470150040409	McGill0001
0	0.10000000149	0.814838891036228	0.814979444112583	McGill0001
0	0.10000000149	0.815594363821638	0.815629502090727	McGill0001
0	0.10000000149	0.81584033170526	0.816261990934327	McGill0001
0	0.10000000149	0.843195474190941	0.843757686496363	McGill0001
0	0.10000000149	0.843933377841808	0.844601004954496	McGill0001
0	0.10000000149	0.848132400997927	0.850170420605081	McGill0001
0	0.10000000149	0.850486665026881	0.850627218103236	McGill0001
0	0.10000000149	0.856143926350188	0.856635862117432	McGill0001
0	0.10000000149	0.864489265258793	0.871270951192944	McGill0001
0	0.10000000149	0.871288520327489	0.872342668400155	McGill0001
0	0.10000000149	0.872588636283777	0.873045433781932	McGill0001
0	0.10000000149	0.873080572051021	0.876225447134474	McGill0001
0	0.10000000149	0.87636600021083	0.876559260690818	McGill0001
0	0.10000000149	0.876594398959907	0.876699813767174	McGill0001
0	0.10000000149	0.87961629010155	0.881496187497804	McGill0001
0	0.10000000149	0.881636740574159	0.881724586246881	McGill0001
0	0.10000000149	0.882251660283215	0.882462489897748	McGill0001
0	0.10000000149	0.882919287395903	0.883376084894058	McGill0001
0	0.10000000149	0.883516637970414	0.883762605854036	McGill0001
0	0.10000000149	0.894145964369795	0.894725745809761	McGill0001
0	0.10000000149	0.894813591482484	0.896605643206016	McGill0001
0	0.10000000149	0.907674197969008	0.90807828806353	McGill0001
0	0.10000000149	0.964176534663902	0.966021293791068	McGill0001
0	0.10000000149	0.966126708598335	0.966390245616501	McGill0001
0	0.10000000149	0.968955339259988	0.969552689834499	McGill0001
0	0.10000000149	0.969640535507221	0.969921641659932	McGill0001
0	0.10000000149	0.972047506939808	0.972504304437963	McGill0001
0	0.10000000149	0.972627288379774	0.972697564917952	McGill0001
0	0.10000000149	0.973277346357918	0.973453037703363	McGill0001
0	0.10000000149	0.974208510488773	0.974296356161496	McGill0001
0	0.10000000149	0.97447204750694	0.975912716539583	McGill0001
0	0.00966183630342604	8.78456727221617e-05	0.000158122210899891	McGill0002
0	0.0193236726068521	0.000158122210899891	0.000931164130854914	McGill0002
0	0.0144927533070448	0.000931164130854914	0.00115956287993253	McGill0002
0	0.0193236726068521	0.00115956287993253	0.0018447591271654	McGill0002
0	0.0144927533070448	0.0018447591271654	0.00187989739625426	McGill0002
0	0.00966183630342604	0.00187989739625426	0.00191503566534313	McGill0002
0	0.00483091815171302	0.00191503566534313	0.00242454056713166	McGill0002
0	0.00966183630342604	0.00242454056713166	0.00249481710530939	McGill0002
0	0.0193236726068521	0.00249481710530939	0.00261780104712042	McGill0002
0	0.0241545884623767	0.00261780104712042	0.00289890719983134	McGill0002
0	0.0193236726068521	0.00289890719983134	0.00326785902526442	McGill0002
0	0.0241545884623767	0.00326785902526442	0.0041814540215749	McGill0002
0	0.0193236726068521	0.0041814540215749	0.00425173055975263	McGill0002
0	0.00483091815171302	0.00425173055975263	0.00435714536701922	McGill0002
0	0.00966183630342604	0.00435714536701922	0.00502477247970765	McGill0002
0	0.00483091815171302	0.00502477247970765	0.00556941565058505	McGill0002
0	0.00966183630342604	0.00556941565058505	0.00607892055237359	McGill0002
0	0.00483091815171302	0.00607892055237359	0.00720334516321726	McGill0002
0	0.00483091815171302	0.00783583400681683	0.00959274746126006	McGill0002
0	0.00966183630342604	0.009996837555782	0.0107874486102815	McGill0002
0	0.0144927533070448	0.0107874486102815	0.0108050177448259	McGill0002
0	0.0193236726068521	0.0108050177448259	0.0112091078393478	McGill0002
0	0.0289855066140897	0.0112091078393478	0.0117010436065919	McGill0002
0	0.0241545884623767	0.0117010436065919	0.0117537510102252	McGill0002
0	0.0193236726068521	0.0117537510102252	0.0119997188938473	McGill0002
0	0.0241545884623767	0.0119997188938473	0.0120172880283917	McGill0002
0	0.0289855066140897	0.0120172880283917	0.0125267929301803	McGill0002
0	0.0193236726068521	0.0125267929301803	0.0129484521592466	McGill0002
0	0.0144927533070448	0.0129484521592466	0.0129660212937911	McGill0002
0	0.00966183630342604	0.0129660212937911	0.0137566323482905	McGill0002
0	0.00966183630342604	0.0143715520573457	0.0154784075336449	McGill0002
0	0.0144927533070448	0.0154784075336449	0.0155135458027338	McGill0002
0	0.0193236726068521	0.0155135458027338	0.0160581889736112	McGill0002
0	0.0144927533070448	0.0160581889736112	0.0161108963772445	McGill0002
0	0.00966183630342604	0.0161108963772445	0.0172353209880881	McGill0002
0	0.00483091815171302	0.017516427140799	0.0186584208861871	McGill0002
0	0.00966183630342604	0.0186584208861871	0.0192733405952423	McGill0002
0	0.00483091815171302	0.0192733405952423	0.0200112442461084	McGill0002
0	0.0144927533070448	0.0200112442461084	0.0204153343406304	McGill0002
0	0.00966183630342604	0.0204153343406304	0.0212059453951298	McGill0002
0	0.0241545884623767	0.0212059453951298	0.0214519132787519	McGill0002
0	0.0338164247658027	0.0214519132787519	0.0217681577005517	McGill0002
0	0.0289855066140897	0.0217681577005517	0.0224533539477845	McGill0002
0	0.0386473452137812	0.0224533539477845	0.0224884922168734	McGill0002
0	0.0434782610694214	0.0224884922168734	0.0226114761586844	McGill0002
0	0.0386473452137812	0.0226114761586844	0.0229628588495731	McGill0002
0	0.0289855066140897	0.0229628588495731	0.0230155662532064	McGill0002
0	0.0338164247658027	0.0230155662532064	0.0232088267331951	McGill0002
0	0.0193236726068521	0.0232088267331951	0.0234723637513616	McGill0002
0	0.0241545884623767	0.0234723637513616	0.0238237464422503	McGill0002
0	0.0289855066140897	0.0238237464422503	0.0238413155767947	McGill0002
0	0.0338164247658027	0.0238413155767947	0.0242102674022278	McGill0002
0	0.0241545884623767	0.0242102674022278	0.0242454056713166	McGill0002
0	0.0144927533070448	0.0242454056713166	0.0245089426894831	McGill0002
0	0.0193236726068521	0.0245089426894831	0.0245792192276608	McGill0002
0	0.0144927533070448	0.0245792192276608	0.0247724797076496	McGill0002
0	0.0241545884623767	0.0247724797076496	0.0251590006676271	McGill0002
0	0.0289855066140897	0.0251590006676271	0.0255806598966935	McGill0002
0	0.0193236726068521	0.0255806598966935	0.0262482870093819	McGill0002
0	0.0144927533070448	0.0262482870093819	0.0262658561439264	McGill0002
0	0.0193236726068521	0.0262658561439264	0.0263361326821041	McGill0002
0	0.0241545884623767	0.0263361326821041	0.0264239783548262	McGill0002
0	0.0193236726068521	0.0264239783548262	0.0265293931620928	McGill0002
0	0.0144927533070448	0.0265293931620928	0.0266348079693594	McGill0002
0	0.0193236726068521	0.0266348079693594	0.0266699462384483	McGill0002
0	0.0241545884623767	0.0266699462384483	0.0268456375838926	McGill0002
0	0.0193236726068521	0.0268456375838926	0.0270916054675147	McGill0002
0	0.0144927533070448	0.0270916054675147	0.0273200042165923	McGill0002
0	0.0193236726068521	0.0273200042165923	0.0280930461365473	McGill0002
0	0.0144927533070448	0.0280930461365473	0.0283741522892582	McGill0002
0	0.00483091815171302	0.0283741522892582	0.0290593485364911	McGill0002
0	0.00966183630342604	0.0296391299764574	0.0297796830528128	McGill0002
0	0.0144927533070448	0.0297796830528128	0.0310622298745564	McGill0002
0	0.0193236726068521	0.0310622298745564	0.0310797990091008	McGill0002
0	0.0241545884623767	0.0310797990091008	0.0313784742963562	McGill0002
0	0.0193236726068521	0.0313784742963562	0.0313960434309006	McGill0002
0	0.0144927533070448	0.0313960434309006	0.0315365965072561	McGill0002
0	0.00966183630342604	0.0315365965072561	0.0317298569872448	McGill0002
0	0.0193236726068521	0.0317298569872448	0.031817702659967	McGill0002
0	0.0241545884623767	0.031817702659967	0.0324501915035665	McGill0002
0	0.0289855066140897	0.0324501915035665	0.0326258828490109	McGill0002
0	0.0338164247658027	0.0326258828490109	0.0328191433289996	McGill0002
0	0.0241545884623767	0.0328191433289996	0.0334692013071436	McGill0002
0	0.0193236726068521	0.0334692013071436	0.033486770441688	McGill0002
0	0.0144927533070448	0.033486770441688	0.0335746161144102	McGill0002
0	0.00966183630342604	0.0335746161144102	0.0337327383253101	McGill0002
0	0.0144927533070448	0.0337327383253101	0.0339259988052989	McGill0002
0	0.0193236726068521	0.0339259988052989	0.034136828419832	McGill0002
0	0.00966183630342604	0.034136828419832	0.0352788221652201	McGill0002
0	0.0144927533070448	0.0352788221652201	0.0354018061070312	McGill0002
0	0.0193236726068521	0.0354018061070312	0.0354896517797533	McGill0002
0	0.0144927533070448	0.0354896517797533	0.0356829122597421	McGill0002
0	0.00966183630342604	0.0356829122597421	0.0359464492779086	McGill0002
0	0.0144927533070448	0.0359464492779086	0.0362451245651639	McGill0002
0	0.0193236726068521	0.0362451245651639	0.0367721986014969	McGill0002
0	0.0144927533070448	0.0367721986014969	0.0370533047542078	McGill0002
0	0.00966183630342604	0.0370533047542078	0.0371587195614744	McGill0002
0	0.00483091815171302	0.0371587195614744	0.0372992726378299	McGill0002
0	0.00966183630342604	0.0372992726378299	0.0377033627323518	McGill0002
0	0.00483091815171302	0.0377033627323518	0.0380723145577849	McGill0002
0	0.00966183630342604	0.0380723145577849	0.0389332021504621	McGill0002
0	0.0144927533070448	0.0389332021504621	0.0390561860922731	McGill0002
0	0.00966183630342604	0.0390561860922731	0.0398292280122281	McGill0002
0	0.00483091815171302	0.0398292280122281	0.0402157489722056	McGill0002
0	0.00966183630342604	0.0402157489722056	0.0406549773358164	McGill0002
0	0.00483091815171302	0.0406549773358164	0.0419726624266489	McGill0002
0	0.00483091815171302	0.0426051512702484	0.0426929969429706	McGill0002
0	0.0144927533070448	0.0426929969429706	0.0441688042447029	McGill0002
0	0.00966183630342604	0.0441688042447029	0.0442215116483362	McGill0002
0	0.0144927533070448	0.0442215116483362	0.0443093573210584	McGill0002
0	0.00966183630342604	0.0443093573210584	0.0444499103974138	McGill0002
0	0.00483091815171302	0.0444499103974138	0.0444674795319583	McGill0002
0	0.00966183630342604	0.0444674795319583	0.0445026178010471	McGill0002
0	0.0144927533070448	0.0445026178010471	0.0448715696264802	McGill0002
0	0.0193236726068521	0.0448715696264802	0.045960855968235	McGill0002
0	0.0144927533070448	0.045960855968235	0.0459784251027794	McGill0002
0	0.0193236726068521	0.0459784251027794	0.0462243929864015	McGill0002
0	0.00966183630342604	0.0462243929864015	0.0463122386591237	McGill0002
0	0.0144927533070448	0.0463122386591237	0.0463298077936681	McGill0002
0	0.0193236726068521	0.0463298077936681	0.046610913946379	McGill0002
0	0.0144927533070448	0.046610913946379	0.0472961101936119	McGill0002
0	0.0193236726068521	0.0472961101936119	0.0473663867317896	McGill0002
0	0.0241545884623767	0.0473663867317896	0.0476650620190449	McGill0002
0	0.0289855066140897	0.0476650620190449	0.0477353385572227	McGill0002
0	0.0241545884623767	0.0477353385572227	0.0480515829790225	McGill0002
0	0.0193236726068521	0.0480515829790225	0.0480867212481113	McGill0002
0	0.0144927533070448	0.0480867212481113	0.0481042903826558	McGill0002
0	0.0193236726068521	0.0481042903826558	0.0481921360553779	McGill0002
0	0.0338164247658027	0.0481921360553779	0.0485435187462666	McGill0002
0	0.0434782610694214	0.0485435187462666	0.0485962261498999	McGill0002
0	0.0483091769246763	0.0485962261498999	0.0487894866298886	McGill0002
0	0.0531400973727704	0.0487894866298886	0.0490178853789662	McGill0002
0	0.0483091769246763	0.0490178853789662	0.0490530236480551	McGill0002
0	0.0434782610694214	0.0490530236480551	0.0494219754734882	McGill0002
0	0.0386473452137812	0.0494219754734882	0.0495449594152992	McGill0002
0	0.0434782610694214	0.0495449594152992	0.0498436347025546	McGill0002
0	0.0386473452137812	0.0498436347025546	0.0499490495098211	McGill0002
0	0.0241545884623767	0.0499490495098211	0.0503004322007098	McGill0002
0	0.00966183630342604	0.0503004322007098	0.050388277873432	McGill0002
0	0.00483091815171302	0.050388277873432	0.0504585544116097	McGill0002
0	0.00966183630342604	0.0504585544116097	0.0504936926806986	McGill0002
0	0.00483091815171302	0.0504936926806986	0.0512315963315647	McGill0002
0	0.00966183630342604	0.0512315963315647	0.0513721494079202	McGill0002
0	0.00483091815171302	0.0513721494079202	0.0528479567096525	McGill0002
0	0.00966183630342604	0.0528479567096525	0.0529709406514635	McGill0002
0	0.0144927533070448	0.0529709406514635	0.0529885097860079	McGill0002
0	0.00966183630342604	0.0529885097860079	0.0533925998805299	McGill0002
0	0.0144927533070448	0.0533925998805299	0.0546048701640957	McGill0002
0	0.00483091815171302	0.0546048701640957	0.0549913911240732	McGill0002
0	0.00966183630342604	0.0549913911240732	0.0551495133349731	McGill0002
0	0.00483091815171302	0.0551495133349731	0.0558698478512949	McGill0002
0	0.00966183630342604	0.0558698478512949	0.0562036614076391	McGill0002
0	0.0241545884623767	0.0562036614076391	0.056730735443972	McGill0002
0	0.0193236726068521	0.056730735443972	0.0569064267894164	McGill0002
0	0.0289855066140897	0.0569064267894164	0.0569239959239608	McGill0002
0	0.0338164247658027	0.0569239959239608	0.0572051020766717	McGill0002
0	0.0289855066140897	0.0572051020766717	0.0575564847675604	McGill0002
0	0.0338164247658027	0.0575564847675604	0.0575740539021048	McGill0002
0	0.0386473452137812	0.0575740539021048	0.0579254365929934	McGill0002
0	0.0338164247658027	0.0579254365929934	0.0579430057275379	McGill0002
0	0.0289855066140897	0.0579430057275379	0.0579605748620823	McGill0002
0	0.0241545884623767	0.0579605748620823	0.0586633402438596	McGill0002
0	0.00966183630342604	0.0586633402438596	0.0592958290874592	McGill0002
0	0.00483091815171302	0.0592958290874592	0.0593133982220036	McGill0002
0	0.00483091815171302	0.0600513018728698	0.0601918549492252	McGill0002
0	0.00966183630342604	0.0601918549492252	0.0605783759092027	McGill0002
0	0.00483091815171302	0.0605783759092027	0.0608419129273692	McGill0002
0	0.0144927533070448	0.0608419129273692	0.0617906461927685	McGill0002
0	0.0241545884623767	0.0617906461927685	0.0619487684036684	McGill0002
0	0.0193236726068521	0.0619487684036684	0.062581257247268	McGill0002
0	0.0144927533070448	0.062581257247268	0.0625988263818124	McGill0002
0	0.00966183630342604	0.0625988263818124	0.0635475596472118	McGill0002
0	0.0144927533070448	0.0655504409852771	0.0665870199233986	McGill0002
0	0.0289855066140897	0.0665870199233986	0.0673073544397203	McGill0002
0	0.0144927533070448	0.0673073544397203	0.067658737130609	McGill0002
0	0.0193236726068521	0.067658737130609	0.0683439333778418	McGill0002
0	0.00483091815171302	0.0683439333778418	0.068554762992375	McGill0002
0	0.00966183630342604	0.068554762992375	0.0688358691450859	McGill0002
0	0.0144927533070448	0.0688358691450859	0.0694156505850522	McGill0002
0	0.00966183630342604	0.0694156505850522	0.0694507888541411	McGill0002
0	0.0144927533070448	0.0694507888541411	0.0699251554868407	McGill0002
0	0.0193236726068521	0.0699251554868407	0.0700481394286518	McGill0002
0	0.0241545884623767	0.0700481394286518	0.0703116764468182	McGill0002
0	0.0193236726068521	0.0703116764468182	0.0705752134649847	McGill0002
0	0.0241545884623767	0.0705752134649847	0.0705927825995291	McGill0002
0	0.0193236726068521	0.0705927825995291	0.0708914578867845	McGill0002
0	0.0241545884623767	0.0708914578867845	0.0712077023085843	McGill0002
0	0.0193236726068521	0.0712077023085843	0.0715590849994729	McGill0002
0	0.0386473452137812	0.0715590849994729	0.0716644998067395	McGill0002
0	0.0338164247658027	0.0716644998067395	0.0717523454794617	McGill0002
0	0.0386473452137812	0.0717523454794617	0.072332126919428	McGill0002
0	0.0338164247658027	0.072332126919428	0.0724902491303278	McGill0002
0	0.0483091769246763	0.0724902491303278	0.0725253873994167	McGill0002
0	0.0531400973727704	0.0725253873994167	0.0725429565339611	McGill0002
0	0.0579710132280253	0.0725429565339611	0.0726483713412277	McGill0002
0	0.0531400973727704	0.0726483713412277	0.0727186478794055	McGill0002
0	0.0579710132280253	0.0727186478794055	0.0729119083593942	McGill0002
0	0.0628019336761194	0.0729119083593942	0.0729821848975719	McGill0002
0	0.0676328495317595	0.0729821848975719	0.0730348923012052	McGill0002
0	0.0628019336761194	0.0730348923012052	0.0733159984539162	McGill0002
0	0.0483091769246763	0.0733159984539162	0.0734038441266383	McGill0002
0	0.0434782610694214	0.0734038441266383	0.0735092589339049	McGill0002
0	0.0483091769246763	0.0735092589339049	0.0735443972029938	McGill0002
0	0.0531400973727704	0.0735443972029938	0.0737376576829825	McGill0002
0	0.0579710132280253	0.0737376576829825	0.0742471625847711	McGill0002
0	0.0386473452137812	0.0742471625847711	0.0742998699884044	McGill0002
0	0.0338164247658027	0.0742998699884044	0.0744404230647598	McGill0002
0	0.0289855066140897	0.0744404230647598	0.0745106996029376	McGill0002
0	0.0338164247658027	0.0745106996029376	0.0746688218138375	McGill0002
0	0.0289855066140897	0.0746688218138375	0.0749499279665484	McGill0002
0	0.0338164247658027	0.0749499279665484	0.0751080501774483	McGill0002
0	0.0386473452137812	0.0751080501774483	0.0751607575810816	McGill0002
0	0.0434782610694214	0.0751607575810816	0.0752134649847149	McGill0002
0	0.0386473452137812	0.0752134649847149	0.0752661723883482	McGill0002
0	0.0338164247658027	0.0752661723883482	0.0752837415228926	McGill0002
0	0.0289855066140897	0.0752837415228926	0.0754770020028813	McGill0002
0	0.0241545884623767	0.0754770020028813	0.0756175550792368	McGill0002
0	0.0289855066140897	0.0756175550792368	0.0756526933483257	McGill0002
0	0.0386473452137812	0.0756526933483257	0.0758108155592256	McGill0002
0	0.0434782610694214	0.0758108155592256	0.0761270599810253	McGill0002
0	0.0483091769246763	0.0761270599810253	0.0761797673846586	McGill0002
0	0.0531400973727704	0.0761797673846586	0.0762676130573808	McGill0002
0	0.0483091769246763	0.0762676130573808	0.076355458730103	McGill0002
0	0.0434782610694214	0.076355458730103	0.0766717031519027	McGill0002
0	0.0386473452137812	0.0766717031519027	0.0767771179591693	McGill0002
0	0.0434782610694214	0.0767771179591693	0.0768649636318915	McGill0002
0	0.0338164247658027	0.0768649636318915	0.0769528093046137	McGill0002
0	0.0434782610694214	0.0769528093046137	0.07737446853368	McGill0002
0	0.0386473452137812	0.07737446853368	0.0774096068027689	McGill0002
0	0.0289855066140897	0.0774096068027689	0.0777434203591131	McGill0002
0	0.0338164247658027	0.0777434203591131	0.0778839734354686	McGill0002
0	0.0289855066140897	0.0778839734354686	0.0779191117045574	McGill0002
0	0.0241545884623767	0.0779191117045574	0.0785340314136126	McGill0002
0	0.0193236726068521	0.0785340314136126	0.0787097227590569	McGill0002
0	0.00966183630342604	0.0787097227590569	0.0788678449699568	McGill0002
0	0.00483091815171302	0.0788678449699568	0.0792367967953899	McGill0002
0	0.0144927533070448	0.0792367967953899	0.0794300572753786	McGill0002
0	0.00966183630342604	0.0794300572753786	0.0799044239080783	McGill0002
0	0.0144927533070448	0.0799044239080783	0.0799395621771672	McGill0002
0	0.0193236726068521	0.0799395621771672	0.0801503917917004	McGill0002
0	0.0241545884623767	0.0801503917917004	0.080501774482589	McGill0002
0	0.0289855066140897	0.080501774482589	0.0808004497698443	McGill0002
0	0.0338164247658027	0.0808004497698443	0.0809761411152887	McGill0002
0	0.0289855066140897	0.0809761411152887	0.0814680768825328	McGill0002
0	0.0241545884623767	0.0814680768825328	0.0816437682279771	McGill0002
0	0.0193236726068521	0.0816437682279771	0.0816964756316104	McGill0002
0	0.0144927533070448	0.0816964756316104	0.0818897361115992	McGill0002
0	0.00483091815171302	0.0818897361115992	0.0819775817843213	McGill0002
0	0.00966183630342604	0.0819775817843213	0.0821532731297656	McGill0002
0	0.0144927533070448	0.0821532731297656	0.0821884113988545	McGill0002
0	0.0193236726068521	0.0821884113988545	0.0822586879370322	McGill0002
0	0.0144927533070448	0.0822586879370322	0.0824343792824766	McGill0002
0	0.0193236726068521	0.0824343792824766	0.0832952668751537	McGill0002
0	0.0241545884623767	0.0832952668751537	0.0834533890860536	McGill0002
0	0.0193236726068521	0.0834533890860536	0.0837344952387645	McGill0002
0	0.0144927533070448	0.0837344952387645	0.0839101865842089	McGill0002
0	0.00966183630342604	0.0839101865842089	0.0839277557187533	McGill0002
0	0.00483091815171302	0.0839277557187533	0.0849467655223304	McGill0002
0	0.00966183630342604	0.0849467655223304	0.0850346111950525	McGill0002
0	0.00483091815171302	0.0850346111950525	0.0866685407076847	McGill0002
0	0.00483091815171302	0.0867036789767736	0.0875294283003619	McGill0002
0	0.00966183630342604	0.0875294283003619	0.087775396183984	McGill0002
0	0.0193236726068521	0.087775396183984	0.0879159492603395	McGill0002
0	0.0241545884623767	0.0879159492603395	0.0884430232966724	McGill0002
0	0.0193236726068521	0.0884430232966724	0.0892863417548052	McGill0002
0	0.0144927533070448	0.0892863417548052	0.0894971713693384	McGill0002
0	0.00966183630342604	0.0894971713693384	0.0895323096384272	McGill0002
0	0.00483091815171302	0.0895323096384272	0.0896201553111494	McGill0002
0	0.00966183630342604	0.0901120910783935	0.0906567342492709	McGill0002
0	0.0144927533070448	0.0906567342492709	0.0910783934783372	McGill0002
0	0.0193236726068521	0.0910783934783372	0.0917108823219368	McGill0002
0	0.0241545884623767	0.0917108823219368	0.0918514353982923	McGill0002
0	0.0144927533070448	0.0918514353982923	0.0924136477037141	McGill0002
0	0.00966183630342604	0.0924136477037141	0.0925366316455251	McGill0002
0	0.0144927533070448	0.0925366316455251	0.0928353069327805	McGill0002
0	0.00966183630342604	0.0928353069327805	0.093098843950947	McGill0002
0	0.0144927533070448	0.093098843950947	0.0932921044309357	McGill0002
0	0.0193236726068521	0.0932921044309357	0.09346779577638	McGill0002
0	0.0144927533070448	0.09346779577638	0.0937313327945465	McGill0002
0	0.0193236726068521	0.0937313327945465	0.0942935450999684	McGill0002
0	0.0144927533070448	0.0942935450999684	0.0948030500017569	McGill0002
0	0.00966183630342604	0.0948030500017569	0.095049017885379	McGill0002
0	0.00483091815171302	0.095049017885379	0.0954882462489898	McGill0002
0	0.00966183630342604	0.102568607470396	0.103552479004884	McGill0002
0	0.0144927533070448	0.103552479004884	0.103587617273973	McGill0002
0	0.0193236726068521	0.103587617273973	0.104325520924839	McGill0002
0	0.00966183630342604	0.104325520924839	0.105291823324783	McGill0002
0	0.00483091815171302	0.107277135528304	0.10864752802277	McGill0002
0	0.00966183630342604	0.10864752802277	0.109034048982747	McGill0002
0	0.00483091815171302	0.109034048982747	0.110404441477213	McGill0002
0	0.00483091815171302	0.116114410204153	0.116553638567764	McGill0002
0	0.00966183630342604	0.116553638567764	0.116659053375031	McGill0002
0	0.0144927533070448	0.116659053375031	0.117836185389508	McGill0002
0	0.00966183630342604	0.117836185389508	0.117976738465863	McGill0002
0	0.0144927533070448	0.117976738465863	0.118310552022207	McGill0002
0	0.00966183630342604	0.118310552022207	0.118784918654907	McGill0002
0	0.0144927533070448	0.118784918654907	0.119698513651218	McGill0002
0	0.00966183630342604	0.119698513651218	0.120155311149373	McGill0002
0	0.00483091815171302	0.120155311149373	0.120489124705717	McGill0002
0	0.00966183630342604	0.124512456516392	0.126093678625391	McGill0002
0	0.0144927533070448	0.126093678625391	0.126269369970835	McGill0002
0	0.00483091815171302	0.126269369970835	0.126339646509013	McGill0002
0	0.00966183630342604	0.126339646509013	0.127710039003479	McGill0002
0	0.00483091815171302	0.131223865912365	0.131856354755965	McGill0002
0	0.00966183630342604	0.131856354755965	0.132980779366808	McGill0002
0	0.00483091815171302	0.132980779366808	0.133595699075864	McGill0002
0	0.00483091815171302	0.13758389261745	0.139340806071893	McGill0002
0	0.00483091815171302	0.140008433184581	0.141765346639025	McGill0002
0	0.00483091815171302	0.142714079904424	0.14345198355529	McGill0002
0	0.00966183630342604	0.14345198355529	0.143908781053445	McGill0002
0	0.0144927533070448	0.143908781053445	0.144014195860712	McGill0002
0	0.0193236726068521	0.144014195860712	0.144295302013423	McGill0002
0	0.0241545884623767	0.144295302013423	0.144435855089778	McGill0002
0	0.0193236726068521	0.144435855089778	0.144646684704311	McGill0002
0	0.0241545884623767	0.144646684704311	0.144769668646122	McGill0002
0	0.0289855066140897	0.144769668646122	0.145208897009733	McGill0002
0	0.0241545884623767	0.145208897009733	0.1454724340279	McGill0002
0	0.0289855066140897	0.1454724340279	0.145490003162444	McGill0002
0	0.0338164247658027	0.145490003162444	0.145665694507889	McGill0002
0	0.0289855066140897	0.145665694507889	0.145771109315155	McGill0002
0	0.0241545884623767	0.145771109315155	0.146052215467866	McGill0002
0	0.0193236726068521	0.146052215467866	0.146245475947855	McGill0002
0	0.0241545884623767	0.146245475947855	0.146403598158755	McGill0002
0	0.0193236726068521	0.146403598158755	0.146491443831477	McGill0002
0	0.0144927533070448	0.146491443831477	0.146509012966021	McGill0002
0	0.0193236726068521	0.146509012966021	0.146719842580554	McGill0002
0	0.0386473452137812	0.146719842580554	0.146965810464177	McGill0002
0	0.0434782610694214	0.146965810464177	0.147229347482343	McGill0002
0	0.0386473452137812	0.147229347482343	0.147246916616887	McGill0002
0	0.0338164247658027	0.147246916616887	0.147633437576865	McGill0002
0	0.0386473452137812	0.147633437576865	0.148002389402298	McGill0002
0	0.0338164247658027	0.148002389402298	0.148265926420465	McGill0002
0	0.0289855066140897	0.148265926420465	0.148371341227731	McGill0002
0	0.0483091769246763	0.148371341227731	0.148441617765909	McGill0002
0	0.0434782610694214	0.148441617765909	0.148476756034998	McGill0002
0	0.0338164247658027	0.148476756034998	0.148705154784075	McGill0002
0	0.0289855066140897	0.148705154784075	0.149372781896764	McGill0002
0	0.0241545884623767	0.149372781896764	0.150128254682174	McGill0002
0	0.00483091815171302	0.150128254682174	0.150198531220352	McGill0002
0	0.00483091815171302	0.156646403598159	0.158385747918058	McGill0002
0	0.00483091815171302	0.159035805896202	0.159562879932535	McGill0002
0	0.00966183630342604	0.159562879932535	0.159949400892512	McGill0002
0	0.0144927533070448	0.159949400892512	0.160107523103412	McGill0002
0	0.0193236726068521	0.160107523103412	0.16033592185249	McGill0002
0	0.0241545884623767	0.16033592185249	0.160423767525212	McGill0002
0	0.0289855066140897	0.160423767525212	0.160494044063389	McGill0002
0	0.0338164247658027	0.160494044063389	0.160792719350645	McGill0002
0	0.0289855066140897	0.160792719350645	0.160862995888823	McGill0002
0	0.0338164247658027	0.160862995888823	0.161231947714256	McGill0002
0	0.0289855066140897	0.161231947714256	0.1615657612706	McGill0002
0	0.0241545884623767	0.1615657612706	0.161671176077866	McGill0002
0	0.0289855066140897	0.161671176077866	0.161706314346955	McGill0002
0	0.0241545884623767	0.161706314346955	0.161864436557855	McGill0002
0	0.0193236726068521	0.161864436557855	0.162092835306933	McGill0002
0	0.0144927533070448	0.162092835306933	0.162127973576022	McGill0002
0	0.00966183630342604	0.162127973576022	0.162619909343266	McGill0002
0	0.00483091815171302	0.162619909343266	0.16342808953231	McGill0002
0	0.00483091815171302	0.163551073474121	0.163972732703187	McGill0002
0	0.0241545884623767	0.163972732703187	0.165167433852208	McGill0002
0	0.0289855066140897	0.165167433852208	0.165237710390386	McGill0002
0	0.0434782610694214	0.165237710390386	0.165272848659475	McGill0002
0	0.0386473452137812	0.165272848659475	0.165307986928564	McGill0002
0	0.0434782610694214	0.165307986928564	0.165624231350364	McGill0002
0	0.0386473452137812	0.165624231350364	0.16572964615763	McGill0002
0	0.0241545884623767	0.16572964615763	0.166924347306652	McGill0002
0	0.0193236726068521	0.166924347306652	0.166994623844829	McGill0002
0	0.00483091815171302	0.167047331248463	0.168558276819284	McGill0002
0	0.00966183630342604	0.168558276819284	0.168804244702906	McGill0002
0	0.00483091815171302	0.168804244702906	0.170315190273727	McGill0002
0	0.00483091815171302	0.17191398151727	0.173635756702625	McGill0002
0	0.00966183630342604	0.173635756702625	0.173670894971714	McGill0002
0	0.00483091815171302	0.173670894971714	0.174777750448013	McGill0002
0	0.00966183630342604	0.174777750448013	0.175392670157068	McGill0002
0	0.00483091815171302	0.175392670157068	0.175445377560701	McGill0002
0	0.00966183630342604	0.175445377560701	0.176499525633367	McGill0002
0	0.00483091815171302	0.176499525633367	0.177202291015145	McGill0002
0	0.00483091815171302	0.177571242840578	0.177588811975122	McGill0002
0	0.00966183630342604	0.177588811975122	0.178642960047788	McGill0002
0	0.00483091815171302	0.178642960047788	0.178678098316877	McGill0002
0	0.00483091815171302	0.179011911873221	0.17967953898591	McGill0002
0	0.00966183630342604	0.17967953898591	0.180768825327664	McGill0002
0	0.00483091815171302	0.180768825327664	0.181418883305808	McGill0002
0	0.00483091815171302	0.181735127727608	0.183421764643874	McGill0002
0	0.00483091815171302	0.183544748585685	0.184229944832918	McGill0002
0	0.00966183630342604	0.184229944832918	0.184282652236551	McGill0002
0	0.0144927533070448	0.184282652236551	0.185301662040128	McGill0002
0	0.00966183630342604	0.185301662040128	0.185934150883727	McGill0002
0	0.0144927533070448	0.185934150883727	0.185986858287361	McGill0002
0	0.00966183630342604	0.185986858287361	0.186039565690994	McGill0002
0	0.00483091815171302	0.186039565690994	0.186338240978249	McGill0002
0	0.00966183630342604	0.186338240978249	0.18709371376366	McGill0002
0	0.00483091815171302	0.18709371376366	0.188042447029059	McGill0002
0	0.00483091815171302	0.201676095435539	0.203169471871816	McGill0002
0	0.00966183630342604	0.203169471871816	0.203433008889982	McGill0002
0	0.00483091815171302	0.203433008889982	0.20489124705717	McGill0002
0	0.00483091815171302	0.20520749147897	0.206964404933413	McGill0002
0	0.00966183630342604	0.207298218489757	0.207350925893391	McGill0002
0	0.0144927533070448	0.207350925893391	0.208036122140623	McGill0002
0	0.0241545884623767	0.208036122140623	0.208932148002389	McGill0002
0	0.0289855066140897	0.208932148002389	0.2090551319442	McGill0002
0	0.0193236726068521	0.2090551319442	0.209107839347834	McGill0002
0	0.0144927533070448	0.209107839347834	0.209793035595067	McGill0002
0	0.00483091815171302	0.209793035595067	0.210425524438666	McGill0002
0	0.00966183630342604	0.210425524438666	0.210530939245933	McGill0002
0	0.0144927533070448	0.210530939245933	0.210689061456833	McGill0002
0	0.00966183630342604	0.210689061456833	0.210864752802277	McGill0002
0	0.0144927533070448	0.210864752802277	0.211180997224077	McGill0002
0	0.0193236726068521	0.211180997224077	0.211936470009487	McGill0002
0	0.0241545884623767	0.211936470009487	0.212182437893109	McGill0002
0	0.0193236726068521	0.212182437893109	0.212287852700376	McGill0002
0	0.0144927533070448	0.212287852700376	0.212551389718542	McGill0002
0	0.00966183630342604	0.212551389718542	0.21293791067852	McGill0002
0	0.00483091815171302	0.21293791067852	0.213693383463931	McGill0002
0	0.00483091815171302	0.216240907972873	0.217628869601883	McGill0002
0	0.00966183630342604	0.217628869601883	0.217997821427316	McGill0002
0	0.00483091815171302	0.217997821427316	0.219385783056327	McGill0002
0	0.00483091815171302	0.219649320074493	0.219877718823571	McGill0002
0	0.0144927533070448	0.219877718823571	0.220439931128993	McGill0002
0	0.0241545884623767	0.220439931128993	0.220633191608981	McGill0002
0	0.0289855066140897	0.220633191608981	0.221125127376225	McGill0002
0	0.0338164247658027	0.221125127376225	0.221160265645314	McGill0002
0	0.0386473452137812	0.221160265645314	0.221388664394392	McGill0002
0	0.0338164247658027	0.221388664394392	0.221634632278014	McGill0002
0	0.0241545884623767	0.221634632278014	0.222196844583436	McGill0002
0	0.0144927533070448	0.222196844583436	0.222390105063425	McGill0002
0	0.00966183630342604	0.222390105063425	0.222882040830669	McGill0002
0	0.00483091815171302	0.223057732176113	0.223198285252468	McGill0002
0	0.00966183630342604	0.223198285252468	0.224814645630556	McGill0002
0	0.00483091815171302	0.224884922168734	0.226132330721389	McGill0002
0	0.00483091815171302	0.227204047928599	0.228960961383042	McGill0002
0	0.00966183630342604	0.22903123792122	0.230032678590253	McGill0002
0	0.0193236726068521	0.230032678590253	0.230489476088408	McGill0002
0	0.0241545884623767	0.230489476088408	0.230770582241119	McGill0002
0	0.0193236726068521	0.230770582241119	0.230788151375663	McGill0002
0	0.0144927533070448	0.230788151375663	0.231772022910151	McGill0002
0	0.0193236726068521	0.231772022910151	0.231789592044696	McGill0002
0	0.00966183630342604	0.231789592044696	0.232070698197407	McGill0002
0	0.00483091815171302	0.232070698197407	0.233107277135528	McGill0002
0	0.00483091815171302	0.234829052320883	0.235233142415405	McGill0002
0	0.00966183630342604	0.235233142415405	0.236550827506237	McGill0002
0	0.00483091815171302	0.236550827506237	0.236990055869848	McGill0002
0	0.00483091815171302	0.237587406444359	0.238079342211603	McGill0002
0	0.00966183630342604	0.238079342211603	0.239344319898802	McGill0002
0	0.00483091815171302	0.239344319898802	0.239572718647879	McGill0002
0	0.00966183630342604	0.239572718647879	0.239836255666046	McGill0002
0	0.00483091815171302	0.239836255666046	0.240293053164201	McGill0002
0	0.00966183630342604	0.240293053164201	0.241329632102323	McGill0002
0	0.00483091815171302	0.241329632102323	0.2420323974841	McGill0002
0	0.00483091815171302	0.244562352858498	0.245335394778453	McGill0002
0	0.00966183630342604	0.245335394778453	0.24544080958572	McGill0002
0	0.0144927533070448	0.24544080958572	0.246248989774764	McGill0002
0	0.0193236726068521	0.246248989774764	0.246319266312941	McGill0002
0	0.0144927533070448	0.246319266312941	0.247057169963808	McGill0002
0	0.00966183630342604	0.247057169963808	0.247092308232896	McGill0002
0	0.00483091815171302	0.247092308232896	0.247707227941952	McGill0002
0	0.00966183630342604	0.247707227941952	0.247865350152851	McGill0002
0	0.0144927533070448	0.247865350152851	0.248005903229207	McGill0002
0	0.00966183630342604	0.248005903229207	0.248708668610984	McGill0002
0	0.0144927533070448	0.248708668610984	0.24944657226185	McGill0002
0	0.00966183630342604	0.24944657226185	0.249551987069117	McGill0002
0	0.00483091815171302	0.249551987069117	0.249587125338206	McGill0002
0	0.00966183630342604	0.249587125338206	0.250448012930883	McGill0002
0	0.00483091815171302	0.250448012930883	0.25055342773815	McGill0002
0	0.0193236726068521	0.25055342773815	0.251062932639938	McGill0002
0	0.0241545884623767	0.251062932639938	0.251344038792649	McGill0002
0	0.0193236726068521	0.251344038792649	0.251660283214449	McGill0002
0	0.0289855066140897	0.251660283214449	0.251695421483538	McGill0002
0	0.0338164247658027	0.251695421483538	0.251765698021715	McGill0002
0	0.0386473452137812	0.251765698021715	0.252169788116237	McGill0002
0	0.0338164247658027	0.252169788116237	0.252310341192593	McGill0002
0	0.0241545884623767	0.252310341192593	0.252363048596226	McGill0002
0	0.0289855066140897	0.252363048596226	0.252503601672582	McGill0002
0	0.0338164247658027	0.252503601672582	0.252556309076215	McGill0002
0	0.0434782610694214	0.252556309076215	0.252609016479848	McGill0002
0	0.0483091769246763	0.252609016479848	0.252679293018026	McGill0002
0	0.0531400973727704	0.252679293018026	0.252819846094381	McGill0002
0	0.0483091769246763	0.252819846094381	0.253259074457992	McGill0002
0	0.0434782610694214	0.253259074457992	0.253417196668892	McGill0002
0	0.0386473452137812	0.253417196668892	0.253522611476159	McGill0002
0	0.0338164247658027	0.253522611476159	0.253715871956147	McGill0002
0	0.0289855066140897	0.253715871956147	0.254014547243403	McGill0002
0	0.0338164247658027	0.254014547243403	0.254119962050669	McGill0002
0	0.0193236726068521	0.254119962050669	0.254137531185214	McGill0002
0	0.0241545884623767	0.254137531185214	0.254155100319758	McGill0002
0	0.0193236726068521	0.254155100319758	0.254172669454303	McGill0002
0	0.0241545884623767	0.254172669454303	0.254313222530658	McGill0002
0	0.0193236726068521	0.254313222530658	0.255209248392424	McGill0002
0	0.00966183630342604	0.255209248392424	0.255771460697846	McGill0002
0	0.00483091815171302	0.257106714923223	0.258617660494044	McGill0002
0	0.00966183630342604	0.258617660494044	0.258810920974033	McGill0002
0	0.00483091815171302	0.258810920974033	0.258863628377666	McGill0002
0	0.00966183630342604	0.258863628377666	0.260023191257599	McGill0002
0	0.0144927533070448	0.260023191257599	0.260374573948487	McGill0002
0	0.00966183630342604	0.260374573948487	0.260620541832109	McGill0002
0	0.00483091815171302	0.260620541832109	0.261569275097509	McGill0002
0	0.0193236726068521	0.261569275097509	0.261780104712042	McGill0002
0	0.0144927533070448	0.261780104712042	0.262254471344742	McGill0002
0	0.0193236726068521	0.262254471344742	0.262272040479286	McGill0002
0	0.0241545884623767	0.262272040479286	0.262307178748375	McGill0002
0	0.0289855066140897	0.262307178748375	0.262377455286553	McGill0002
0	0.0144927533070448	0.262377455286553	0.263941108261007	McGill0002
0	0.0193236726068521	0.263941108261007	0.264011384799185	McGill0002
0	0.00483091815171302	0.264011384799185	0.264274921817351	McGill0002
0	0.00966183630342604	0.264274921817351	0.26569802171545	McGill0002
0	0.00483091815171302	0.26569802171545	0.266031835271795	McGill0002
0	0.00483091815171302	0.26617238834815	0.266295372289961	McGill0002
0	0.00966183630342604	0.266295372289961	0.267929301802593	McGill0002
0	0.00483091815171302	0.267929301802593	0.26803471660986	McGill0002
0	0.00483091815171302	0.269194279489792	0.270353842369725	McGill0002
0	0.00966183630342604	0.270353842369725	0.270757932464247	McGill0002
0	0.0144927533070448	0.270757932464247	0.270951192944236	McGill0002
0	0.00966183630342604	0.270951192944236	0.271267437366035	McGill0002
0	0.0144927533070448	0.271267437366035	0.272110755824168	McGill0002
0	0.00966183630342604	0.272110755824168	0.272409431111424	McGill0002
0	0.0144927533070448	0.272409431111424	0.27251484591869	McGill0002
0	0.00966183630342604	0.27251484591869	0.272760813802312	McGill0002
0	0.0144927533070448	0.272760813802312	0.273024350820479	McGill0002
0	0.00966183630342604	0.273024350820479	0.274148775431322	McGill0002
0	0.00483091815171302	0.274148775431322	0.274482588987667	McGill0002
0	0.00483091815171302	0.277838293685653	0.279138409641941	McGill0002
0	0.0289855066140897	0.279138409641941	0.279595207140096	McGill0002
0	0.0241545884623767	0.279595207140096	0.279858744158263	McGill0002
0	0.0289855066140897	0.279858744158263	0.279893882427352	McGill0002
0	0.0338164247658027	0.279893882427352	0.280666924347307	McGill0002
0	0.0386473452137812	0.280666924347307	0.280702062616396	McGill0002
0	0.0579710132280253	0.280702062616396	0.280737200885484	McGill0002
0	0.0628019336761194	0.280737200885484	0.280895323096384	McGill0002
0	0.0386473452137812	0.280895323096384	0.280965599634562	McGill0002
0	0.0338164247658027	0.280965599634562	0.281650795881795	McGill0002
0	0.00966183630342604	0.281650795881795	0.281896763765417	McGill0002
0	0.00483091815171302	0.281896763765417	0.282371130398117	McGill0002
0	0.00483091815171302	0.287624301626902	0.289223092870445	McGill0002
0	0.00966183630342604	0.289223092870445	0.289381215081345	McGill0002
0	0.00483091815171302	0.289381215081345	0.289802874310411	McGill0002
0	0.00966183630342604	0.289802874310411	0.290927298921255	McGill0002
0	0.00483091815171302	0.290927298921255	0.291559787764855	McGill0002
0	0.00483091815171302	0.292209845742999	0.29340454689202	McGill0002
0	0.00966183630342604	0.29340454689202	0.293861344390175	McGill0002
0	0.00483091815171302	0.293861344390175	0.295126322077375	McGill0002
0	0.00966183630342604	0.295126322077375	0.295161460346463	McGill0002
0	0.00483091815171302	0.295161460346463	0.296883235531818	McGill0002
0	0.00483091815171302	0.29712920341544	0.297621139182684	McGill0002
0	0.00966183630342604	0.297621139182684	0.298868547735339	McGill0002
0	0.00483091815171302	0.298868547735339	0.299378052637127	McGill0002
0	0.00483091815171302	0.301099827822481	0.301749885800625	McGill0002
0	0.00966183630342604	0.301749885800625	0.302856741276925	McGill0002
0	0.00483091815171302	0.302856741276925	0.303137847429636	McGill0002
0	0.00966183630342604	0.303137847429636	0.303489230120524	McGill0002
0	0.00483091815171302	0.303489230120524	0.304894760884079	McGill0002
0	0.00483091815171302	0.305369127516779	0.306300291647633	McGill0002
0	0.00966183630342604	0.306300291647633	0.307126040971222	McGill0002
0	0.00483091815171302	0.307126040971222	0.307512561931199	McGill0002
0	0.00966183630342604	0.307512561931199	0.308004497698443	McGill0002
0	0.00483091815171302	0.308004497698443	0.309234337116554	McGill0002
0	0.00483091815171302	0.309287044520187	0.310481745669208	McGill0002
0	0.00966183630342604	0.310481745669208	0.31104395797463	McGill0002
0	0.00483091815171302	0.31104395797463	0.31199269124003	McGill0002
0	0.00966183630342604	0.31199269124003	0.312221089989107	McGill0002
0	0.00483091815171302	0.312221089989107	0.313609051618117	McGill0002
0	0.00483091815171302	0.313679328156295	0.315067289785305	McGill0002
0	0.0144927533070448	0.315225411996205	0.316683650163393	McGill0002
0	0.0193236726068521	0.316683650163393	0.31678906497066	McGill0002
0	0.0241545884623767	0.31678906497066	0.316912048912471	McGill0002
0	0.0193236726068521	0.316912048912471	0.316947187181559	McGill0002
0	0.0144927533070448	0.316947187181559	0.316982325450648	McGill0002
0	0.00966183630342604	0.316982325450648	0.317105309392459	McGill0002
0	0.0144927533070448	0.317105309392459	0.317316139006993	McGill0002
0	0.0241545884623767	0.317316139006993	0.318440563617836	McGill0002
0	0.0193236726068521	0.318440563617836	0.318528409290558	McGill0002
0	0.00483091815171302	0.318528409290558	0.319073052461436	McGill0002
0	0.00483091815171302	0.319582557363224	0.320566428897712	McGill0002
0	0.00966183630342604	0.320566428897712	0.321321901683123	McGill0002
0	0.00483091815171302	0.321321901683123	0.3221827892758	McGill0002
0	0.00966183630342604	0.3221827892758	0.322235496679434	McGill0002
0	0.00483091815171302	0.322235496679434	0.323465336097544	McGill0002
0	0.00483091815171302	0.323500474366633	0.323605889173899	McGill0002
0	0.00966183630342604	0.323605889173899	0.323974840999332	McGill0002
0	0.00483091815171302	0.323974840999332	0.325362802628343	McGill0002
0	0.00966183630342604	0.325485786570154	0.327225130890052	McGill0002
0	0.00483091815171302	0.327225130890052	0.327242700024597	McGill0002
0	0.00966183630342604	0.328138725886363	0.329403703573562	McGill0002
0	0.0144927533070448	0.329403703573562	0.329895639340806	McGill0002
0	0.00483091815171302	0.329895639340806	0.330176745493517	McGill0002
0	0.00966183630342604	0.330176745493517	0.331143047893461	McGill0002
0	0.00483091815171302	0.331143047893461	0.331476861449805	McGill0002
0	0.00966183630342604	0.331476861449805	0.331810675006149	McGill0002
0	0.0144927533070448	0.331810675006149	0.33193365894796	McGill0002
0	0.00966183630342604	0.33193365894796	0.332706700867915	McGill0002
0	0.0144927533070448	0.332706700867915	0.33272427000246	McGill0002
0	0.0193236726068521	0.33272427000246	0.333233774904248	McGill0002
0	0.0144927533070448	0.333233774904248	0.333567588460592	McGill0002
0	0.00966183630342604	0.333567588460592	0.334463614322359	McGill0002
0	0.00483091815171302	0.335078534031414	0.335956990758635	McGill0002
0	0.00966183630342604	0.335956990758635	0.336835447485857	McGill0002
0	0.00483091815171302	0.336835447485857	0.337713904213079	McGill0002
0	0.00483091815171302	0.348589198496082	0.349590639165115	McGill0002
0	0.00966183630342604	0.349590639165115	0.349994729259637	McGill0002
0	0.00483091815171302	0.349994729259637	0.351312414350469	McGill0002
0	0.00483091815171302	0.357637302786465	0.358867142204575	McGill0002
0	0.00966183630342604	0.358867142204575	0.359306370568186	McGill0002
0	0.0193236726068521	0.359306370568186	0.359394216240908	McGill0002
0	0.0144927533070448	0.359394216240908	0.360588917389929	McGill0002
0	0.00966183630342604	0.360588917389929	0.361045714888085	McGill0002
0	0.0193236726068521	0.361045714888085	0.361063284022629	McGill0002
0	0.00966183630342604	0.361063284022629	0.361941740749851	McGill0002
0	0.0144927533070448	0.361941740749851	0.362785059207983	McGill0002
0	0.00483091815171302	0.362785059207983	0.363101303629783	McGill0002
0	0.00966183630342604	0.363101303629783	0.363681085069749	McGill0002
0	0.00483091815171302	0.363681085069749	0.363944622087916	McGill0002
0	0.00966183630342604	0.363944622087916	0.364770371411504	McGill0002
0	0.0144927533070448	0.364770371411504	0.364805509680593	McGill0002
0	0.00966183630342604	0.364805509680593	0.365701535542359	McGill0002
0	0.00483091815171302	0.365701535542359	0.36629888611687	McGill0002
0	0.00483091815171302	0.369426192065779	0.370796584560245	McGill0002
0	0.00966183630342604	0.370796584560245	0.371147967251133	McGill0002
0	0.00483091815171302	0.371147967251133	0.371235812923855	McGill0002
0	0.00966183630342604	0.371235812923855	0.371657472152922	McGill0002
0	0.0193236726068521	0.371657472152922	0.371991285709266	McGill0002
0	0.0241545884623767	0.371991285709266	0.372114269651077	McGill0002
0	0.0289855066140897	0.372114269651077	0.372535928880143	McGill0002
0	0.0241545884623767	0.372535928880143	0.372553498014688	McGill0002
0	0.0289855066140897	0.372553498014688	0.372992726378299	McGill0002
0	0.0241545884623767	0.372992726378299	0.373344109069187	McGill0002
0	0.0193236726068521	0.373344109069187	0.373414385607365	McGill0002
0	0.0144927533070448	0.373414385607365	0.373748199163709	McGill0002
0	0.00966183630342604	0.373748199163709	0.37387118310552	McGill0002
0	0.00483091815171302	0.37387118310552	0.374169858392776	McGill0002
0	0.00483091815171302	0.374415826276398	0.374468533680031	McGill0002
0	0.00966183630342604	0.374468533680031	0.375592958290875	McGill0002
0	0.0144927533070448	0.375592958290875	0.376172739730841	McGill0002
0	0.00483091815171302	0.376172739730841	0.377314733476229	McGill0002
0	0.00483091815171302	0.377367440879862	0.378368881548895	McGill0002
0	0.00966183630342604	0.378368881548895	0.378878386450683	McGill0002
0	0.0241545884623767	0.378878386450683	0.379106785199761	McGill0002
0	0.0193236726068521	0.379106785199761	0.379264907410661	McGill0002
0	0.0241545884623767	0.379264907410661	0.379739274043361	McGill0002
0	0.0289855066140897	0.379739274043361	0.379756843177905	McGill0002
0	0.0386473452137812	0.379756843177905	0.379791981446994	McGill0002
0	0.0434782610694214	0.379791981446994	0.380073087599705	McGill0002
0	0.0386473452137812	0.380073087599705	0.380582592501493	McGill0002
0	0.0338164247658027	0.380582592501493	0.380635299905127	McGill0002
0	0.0241545884623767	0.380635299905127	0.380652869039671	McGill0002
0	0.0289855066140897	0.380652869039671	0.380933975192382	McGill0002
0	0.0241545884623767	0.380933975192382	0.381496187497804	McGill0002
0	0.00966183630342604	0.381496187497804	0.381548894901437	McGill0002
0	0.00483091815171302	0.381548894901437	0.382181383745037	McGill0002
0	0.00966183630342604	0.382181383745037	0.382339505955937	McGill0002
0	0.00483091815171302	0.382339505955937	0.382427351628659	McGill0002
0	0.00966183630342604	0.382427351628659	0.382971994799536	McGill0002
0	0.0144927533070448	0.382971994799536	0.383042271337714	McGill0002
0	0.00966183630342604	0.383042271337714	0.38393829719948	McGill0002
0	0.00483091815171302	0.38393829719948	0.384500509504902	McGill0002
0	0.00966183630342604	0.384500509504902	0.384588355177624	McGill0002
0	0.0144927533070448	0.384588355177624	0.384641062581257	McGill0002
0	0.0241545884623767	0.384641062581257	0.385027583541235	McGill0002
0	0.0289855066140897	0.385027583541235	0.385343827963035	McGill0002
0	0.0386473452137812	0.385343827963035	0.385378966232123	McGill0002
0	0.0434782610694214	0.385378966232123	0.385537088443023	McGill0002
0	0.0483091769246763	0.385537088443023	0.386169577286623	McGill0002
0	0.0579710132280253	0.386169577286623	0.386257422959345	McGill0002
0	0.0531400973727704	0.386257422959345	0.386310130362978	McGill0002
0	0.0483091769246763	0.386310130362978	0.386380406901156	McGill0002
0	0.0434782610694214	0.386380406901156	0.3863979760357	McGill0002
0	0.0386473452137812	0.3863979760357	0.386468252573878	McGill0002
0	0.0338164247658027	0.386468252573878	0.386784496995678	McGill0002
0	0.0289855066140897	0.386784496995678	0.3868723426684	McGill0002
0	0.0338164247658027	0.3868723426684	0.387083172282933	McGill0002
0	0.0289855066140897	0.387083172282933	0.387100741417478	McGill0002
0	0.0193236726068521	0.387100741417478	0.387241294493833	McGill0002
0	0.0144927533070448	0.387241294493833	0.387452124108366	McGill0002
0	0.0193236726068521	0.387452124108366	0.387487262377455	McGill0002
0	0.0241545884623767	0.387487262377455	0.387926490741066	McGill0002
0	0.0144927533070448	0.387926490741066	0.388313011701044	McGill0002
0	0.0193236726068521	0.388313011701044	0.388400857373766	McGill0002
0	0.0241545884623767	0.388400857373766	0.388435995642855	McGill0002
0	0.0289855066140897	0.388435995642855	0.388611686988299	McGill0002
0	0.0434782610694214	0.388611686988299	0.388629256122843	McGill0002
0	0.0386473452137812	0.388629256122843	0.38920903756281	McGill0002
0	0.0289855066140897	0.38920903756281	0.389244175831899	McGill0002
0	0.0241545884623767	0.389244175831899	0.389507712850065	McGill0002
0	0.0193236726068521	0.389507712850065	0.389595558522787	McGill0002
0	0.0241545884623767	0.389595558522787	0.389648265926421	McGill0002
0	0.0289855066140897	0.389648265926421	0.389683404195509	McGill0002
0	0.0338164247658027	0.389683404195509	0.38980638813732	McGill0002
0	0.0434782610694214	0.38980638813732	0.390034786886398	McGill0002
0	0.0483091769246763	0.390034786886398	0.390052356020942	McGill0002
0	0.0434782610694214	0.390052356020942	0.390157770828209	McGill0002
0	0.0386473452137812	0.390157770828209	0.390192909097298	McGill0002
0	0.0338164247658027	0.390192909097298	0.390368600442742	McGill0002
0	0.0289855066140897	0.390368600442742	0.390456446115464	McGill0002
0	0.0338164247658027	0.390456446115464	0.390719983133631	McGill0002
0	0.0386473452137812	0.390719983133631	0.39075512140272	McGill0002
0	0.0483091769246763	0.39075512140272	0.390772690537264	McGill0002
0	0.0531400973727704	0.390772690537264	0.390895674479075	McGill0002
0	0.0579710132280253	0.390895674479075	0.390948381882708	McGill0002
0	0.0628019336761194	0.390948381882708	0.390965951017253	McGill0002
0	0.0724637699794684	0.390965951017253	0.391036227555431	McGill0002
0	0.0821256016903634	0.391036227555431	0.391088934959064	McGill0002
0	0.0869565221384575	0.391088934959064	0.391106504093608	McGill0002
0	0.0917874425865516	0.391106504093608	0.391141642362697	McGill0002
0	0.101449274297447	0.391141642362697	0.39135247197723	McGill0002
0	0.0966183538493526	0.39135247197723	0.391387610246319	McGill0002
0	0.0869565221384575	0.391387610246319	0.391457886784497	McGill0002
0	0.0917874425865516	0.391457886784497	0.391545732457219	McGill0002
0	0.0869565221384575	0.391545732457219	0.391616008995397	McGill0002
0	0.0917874425865516	0.391616008995397	0.391791700340841	McGill0002
0	0.0869565221384575	0.391791700340841	0.391879546013563	McGill0002
0	0.0917874425865516	0.391879546013563	0.39198496082083	McGill0002
0	0.0966183538493526	0.39198496082083	0.392020099089919	McGill0002
0	0.106280194745156	0.392020099089919	0.392037668224463	McGill0002
0	0.11111111519325	0.392037668224463	0.392072806493552	McGill0002
0	0.115942026456436	0.392072806493552	0.392107944762641	McGill0002
0	0.120772946904145	0.392107944762641	0.392178221300819	McGill0002
0	0.135265699063134	0.392178221300819	0.392195790435363	McGill0002
0	0.140096619511228	0.392195790435363	0.392266066973541	McGill0002
0	0.135265699063134	0.392266066973541	0.39230120524263	McGill0002
0	0.144927539958937	0.39230120524263	0.392406620049896	McGill0002
0	0.149758451222123	0.392406620049896	0.392424189184441	McGill0002
0	0.15458938085474	0.392424189184441	0.392441758318985	McGill0002
0	0.164251203381112	0.392441758318985	0.392494465722618	McGill0002
0	0.159420282933018	0.392494465722618	0.392512034857163	McGill0002
0	0.15458938085474	0.392512034857163	0.392547173126252	McGill0002
0	0.159420282933018	0.392547173126252	0.392582311395341	McGill0002
0	0.164251203381112	0.392582311395341	0.392599880529885	McGill0002
0	0.173913044276915	0.392599880529885	0.392652587933518	McGill0002
0	0.164251203381112	0.392652587933518	0.392705295337152	McGill0002
0	0.178743964725009	0.392705295337152	0.392722864471696	McGill0002
0	0.183574885172718	0.392722864471696	0.392740433606241	McGill0002
0	0.188405805620812	0.392740433606241	0.392758002740785	McGill0002
0	0.198067628146799	0.392758002740785	0.392775571875329	McGill0002
0	0.19323670769909	0.392775571875329	0.392828279278963	McGill0002
0	0.188405805620812	0.392828279278963	0.39289855581714	McGill0002
0	0.183574885172718	0.39289855581714	0.392916124951685	McGill0002
0	0.198067628146799	0.392916124951685	0.392933694086229	McGill0002
0	0.212560389490696	0.392933694086229	0.392968832355318	McGill0002
0	0.21739130993879	0.392968832355318	0.392986401489863	McGill0002
0	0.222222230386499	0.392986401489863	0.39305667802804	McGill0002
0	0.227053132464778	0.39305667802804	0.393109385431674	McGill0002
0	0.23671497336058	0.393109385431674	0.393144523700763	McGill0002
0	0.246376814256383	0.393144523700763	0.39321480023894	McGill0002
0	0.241545893808675	0.39321480023894	0.393232369373485	McGill0002
0	0.246376814256383	0.393232369373485	0.393249938508029	McGill0002
0	0.251207734704477	0.393249938508029	0.393285076777118	McGill0002
0	0.260869557230465	0.393285076777118	0.393302645911662	McGill0002
0	0.265700477678559	0.393302645911662	0.393320215046207	McGill0002
0	0.285024159470165	0.393320215046207	0.393355353315296	McGill0002
0	0.289855079918259	0.393355353315296	0.39337292244984	McGill0002
0	0.294686000365968	0.39337292244984	0.393390491584385	McGill0002
0	0.299516902444246	0.393390491584385	0.393408060718929	McGill0002
0	0.30434782289234	0.393408060718929	0.393425629853473	McGill0002
0	0.309178761709864	0.393425629853473	0.393443198988018	McGill0002
0	0.328502406762224	0.393443198988018	0.393460768122562	McGill0002
0	0.338164247658027	0.393460768122562	0.393566182929829	McGill0002
0	0.342995186475552	0.393566182929829	0.393601321198918	McGill0002
0	0.34782608855383	0.393601321198918	0.393618890333462	McGill0002
0	0.342995186475552	0.393618890333462	0.393654028602551	McGill0002
0	0.34782608855383	0.393654028602551	0.393671597737096	McGill0002
0	0.352656990632108	0.393671597737096	0.393724305140729	McGill0002
0	0.362318831527911	0.393724305140729	0.393741874275273	McGill0002
0	0.371980672423714	0.393741874275273	0.393759443409818	McGill0002
0	0.376811611241624	0.393759443409818	0.393777012544362	McGill0002
0	0.367149770345436	0.393777012544362	0.393794581678907	McGill0002
0	0.371980672423714	0.393794581678907	0.393812150813451	McGill0002
0	0.381642513319517	0.393812150813451	0.39384728908254	McGill0002
0	0.38647341539741	0.39384728908254	0.393864858217084	McGill0002
0	0.39130435421455	0.393864858217084	0.393882427351629	McGill0002
0	0.405797097189016	0.393882427351629	0.393899996486173	McGill0002
0	0.410628036006155	0.393899996486173	0.393952703889806	McGill0002
0	0.415458938086745	0.393952703889806	0.393970273024351	McGill0002
0	0.429951681061212	0.393970273024351	0.393987842158895	McGill0002
0	0.444444460772228	0.393987842158895	0.39400541129344	McGill0002
0	0.458937203746694	0.39400541129344	0.394022980427984	McGill0002
0	0.468599044644424	0.394022980427984	0.394040549562529	McGill0002
0	0.497584530589504	0.394040549562529	0.394128395235251	McGill0002
0	0.512077310304373	0.394128395235251	0.394145964369795	McGill0002
0	0.51690821238111	0.394145964369795	0.39416353350434	McGill0002
0	0.531400955355577	0.39416353350434	0.394181102638884	McGill0002
0	0.536231894172716	0.394181102638884	0.394198671773428	McGill0002
0	0.541062796253306	0.394198671773428	0.394216240907973	McGill0002
0	0.545893735070445	0.394216240907973	0.394233810042517	McGill0002
0	0.550724637147182	0.394233810042517	0.394251379177062	McGill0002
0	0.560386478044912	0.394251379177062	0.394286517446151	McGill0002
0	0.550724637147182	0.394286517446151	0.394304086580695	McGill0002
0	0.545893735070445	0.394304086580695	0.39432165571524	McGill0002
0	0.550724637147182	0.39432165571524	0.394339224849784	McGill0002
0	0.555555539227772	0.394339224849784	0.394374363118873	McGill0002
0	0.579710159836517	0.394374363118873	0.394409501387962	McGill0002
0	0.584541061913255	0.394409501387962	0.394427070522506	McGill0002
0	0.594202902810984	0.394427070522506	0.394444639657051	McGill0002
0	0.599033804887721	0.394444639657051	0.394462208791595	McGill0002
0	0.589372000730394	0.394462208791595	0.394479777926139	McGill0002
0	0.594202902810984	0.394479777926139	0.394497347060684	McGill0002
0	0.618357523419729	0.394497347060684	0.394514916195228	McGill0002
0	0.637681131734384	0.394514916195228	0.394532485329773	McGill0002
0	0.642512070551523	0.394532485329773	0.394550054464317	McGill0002
0	0.647343009368662	0.394550054464317	0.394567623598862	McGill0002
0	0.657004813525989	0.394567623598862	0.394585192733406	McGill0002
0	0.671497556496604	0.394585192733406	0.39460276186795	McGill0002
0	0.676328495317595	0.39460276186795	0.394637900137039	McGill0002
0	0.681159434134735	0.394637900137039	0.394655469271584	McGill0002
0	0.671497556496604	0.394655469271584	0.394673038406128	McGill0002
0	0.685990372951874	0.394673038406128	0.394690607540673	McGill0002
0	0.666666691160268	0.394690607540673	0.394708176675217	McGill0002
0	0.690821238288209	0.394708176675217	0.394725745809761	McGill0002
0	0.70048311592634	0.394725745809761	0.394743314944306	McGill0002
0	0.695652177109201	0.394743314944306	0.394796022347939	McGill0002
0	0.705313981262676	0.394796022347939	0.394813591482484	McGill0002
0	0.710144920083668	0.394813591482484	0.394831160617028	McGill0002
0	0.714975858900807	0.394831160617028	0.394848729751572	McGill0002
0	0.724637663054282	0.394848729751572	0.394866298886117	McGill0002
0	0.729468601875273	0.394866298886117	0.394883868020661	McGill0002
0	0.714975858900807	0.394883868020661	0.394901437155206	McGill0002
0	0.729468601875273	0.394901437155206	0.39491900628975	McGill0002
0	0.724637663054282	0.39491900628975	0.394936575424295	McGill0002
0	0.739130406028748	0.394936575424295	0.394971713693383	McGill0002
0	0.743961344845888	0.394971713693383	0.394989282827928	McGill0002
0	0.758454087820354	0.394989282827928	0.395006851962472	McGill0002
0	0.753623222484019	0.395006851962472	0.395024421097017	McGill0002
0	0.763285026637493	0.395024421097017	0.395041990231561	McGill0002
0	0.758454087820354	0.395041990231561	0.39507712850065	McGill0002
0	0.753623222484019	0.39507712850065	0.395094697635195	McGill0002
0	0.768115965458485	0.395094697635195	0.395112266769739	McGill0002
0	0.782608708432952	0.395112266769739	0.395129835904283	McGill0002
0	0.77777776961196	0.395129835904283	0.395147405038828	McGill0002
0	0.787439647250091	0.395147405038828	0.395164974173372	McGill0002
0	0.801932390224557	0.395164974173372	0.395182543307917	McGill0002
0	0.792270512586426	0.395182543307917	0.395200112442461	McGill0002
0	0.801932390224557	0.395200112442461	0.395217681577006	McGill0002
0	0.816425133195172	0.395217681577006	0.39523525071155	McGill0002
0	0.840579680326965	0.39523525071155	0.395270388980639	McGill0002
0	0.850241557961244	0.395270388980639	0.395305527249728	McGill0002
0	0.840579680326965	0.395305527249728	0.395323096384272	McGill0002
0	0.850241557961244	0.395323096384272	0.395340665518817	McGill0002
0	0.874396105093038	0.395340665518817	0.395358234653361	McGill0002
0	0.884057982727316	0.395358234653361	0.395375803787905	McGill0002
0	0.898550725701783	0.395375803787905	0.39539337292245	McGill0002
0	0.903381664518922	0.39539337292245	0.395410942056994	McGill0002
0	0.898550725701783	0.395410942056994	0.395428511191539	McGill0002
0	0.893719786884644	0.395428511191539	0.395446080326083	McGill0002
0	0.888888921544456	0.395446080326083	0.395463649460628	McGill0002
0	0.898550725701783	0.395463649460628	0.395498787729716	McGill0002
0	0.90821252985911	0.395498787729716	0.395516356864261	McGill0002
0	0.922705346310528	0.395516356864261	0.39555149513335	McGill0002
0	0.932367150467855	0.39555149513335	0.395569064267894	McGill0002
0	0.922705346310528	0.395569064267894	0.395586633402439	McGill0002
0	0.937198089284994	0.395586633402439	0.395604202536983	McGill0002
0	0.932367150467855	0.395604202536983	0.395621771671527	McGill0002
0	0.917874407493389	0.395621771671527	0.395639340806072	McGill0002
0	0.922705346310528	0.395639340806072	0.395674479075161	McGill0002
0	0.946859893442322	0.395674479075161	0.395692048209705	McGill0002
0	0.961352636416788	0.395692048209705	0.39570961734425	McGill0002
0	0.951690832259461	0.39570961734425	0.395727186478794	McGill0002
0	0.961352636416788	0.395727186478794	0.395744755613339	McGill0002
0	0.971014514051067	0.395744755613339	0.395762324747883	McGill0002
0	0.966183575233928	0.395762324747883	0.395779893882427	McGill0002
0	0.985507257025533	0.395779893882427	0.395797463016972	McGill0002
0	0.971014514051067	0.395797463016972	0.395815032151516	McGill0002
0	0.985507257025533	0.395815032151516	0.395850170420605	McGill0002
0	0.990338195842673	0.395850170420605	0.39586773955515	McGill0002
0	1	0.39586773955515	0.395885308689694	McGill0002
0	0.990338195842673	0.395885308689694	0.395902877824238	McGill0002
0	0.980676318208394	0.395902877824238	0.395920446958783	McGill0002
0	0.971014514051067	0.395920446958783	0.395938016093327	McGill0002
0	0.966183575233928	0.395938016093327	0.395955585227872	McGill0002
0	0.990338195842673	0.395955585227872	0.395973154362416	McGill0002
0	0.980676318208394	0.395973154362416	0.395990723496961	McGill0002
0	0.971014514051067	0.395990723496961	0.396061000035138	McGill0002
0	0.980676318208394	0.396061000035138	0.396078569169683	McGill0002
0	0.975845379391255	0.396078569169683	0.396131276573316	McGill0002
0	0.961352636416788	0.396131276573316	0.396166414842405	McGill0002
0	0.966183575233928	0.396166414842405	0.396183983976949	McGill0002
0	0.946859893442322	0.396183983976949	0.396201553111494	McGill0002
0	0.942028954625183	0.396201553111494	0.396236691380583	McGill0002
0	0.922705346310528	0.396236691380583	0.396254260515127	McGill0002
0	0.903381664518922	0.396254260515127	0.396271829649671	McGill0002
0	0.898550725701783	0.396271829649671	0.39630696791876	McGill0002
0	0.903381664518922	0.39630696791876	0.396324537053305	McGill0002
0	0.91304346867625	0.396324537053305	0.396342106187849	McGill0002
0	0.903381664518922	0.396342106187849	0.396359675322394	McGill0002
0	0.91304346867625	0.396359675322394	0.396394813591483	McGill0002
0	0.898550725701783	0.396394813591483	0.396412382726027	McGill0002
0	0.903381664518922	0.396412382726027	0.396429951860571	McGill0002
0	0.922705346310528	0.396429951860571	0.396447520995116	McGill0002
0	0.917874407493389	0.396447520995116	0.39646509012966	McGill0002
0	0.903381664518922	0.39646509012966	0.396482659264205	McGill0002
0	0.90821252985911	0.396482659264205	0.396500228398749	McGill0002
0	0.917874407493389	0.396500228398749	0.396517797533294	McGill0002
0	0.927536211650716	0.396517797533294	0.396552935802382	McGill0002
0	0.932367150467855	0.396552935802382	0.396570504936927	McGill0002
0	0.937198089284994	0.396570504936927	0.396588074071471	McGill0002
0	0.932367150467855	0.396588074071471	0.39662321234056	McGill0002
0	0.917874407493389	0.39662321234056	0.396640781475105	McGill0002
0	0.927536211650716	0.396640781475105	0.396658350609649	McGill0002
0	0.91304346867625	0.396658350609649	0.396675919744193	McGill0002
0	0.917874407493389	0.396675919744193	0.396728627147827	McGill0002
0	0.91304346867625	0.396728627147827	0.396746196282371	McGill0002
0	0.893719786884644	0.396746196282371	0.396763765416916	McGill0002
0	0.888888921544456	0.396763765416916	0.396798903686004	McGill0002
0	0.86956523975285	0.396798903686004	0.396816472820549	McGill0002
0	0.864734300935711	0.396816472820549	0.396834041955093	McGill0002
0	0.855072496778383	0.396834041955093	0.396851611089638	McGill0002
0	0.859903362118571	0.396851611089638	0.396869180224182	McGill0002
0	0.874396105093038	0.396869180224182	0.396904318493271	McGill0002
0	0.86956523975285	0.396904318493271	0.396921887627815	McGill0002
0	0.864734300935711	0.396921887627815	0.39693945676236	McGill0002
0	0.86956523975285	0.39693945676236	0.396957025896904	McGill0002
0	0.845410619144105	0.396957025896904	0.396974595031449	McGill0002
0	0.835748814986778	0.396974595031449	0.397009733300538	McGill0002
0	0.845410619144105	0.397009733300538	0.397027302435082	McGill0002
0	0.859903362118571	0.397027302435082	0.397044871569626	McGill0002
0	0.874396105093038	0.397044871569626	0.397080009838715	McGill0002
0	0.859903362118571	0.397080009838715	0.39709757897326	McGill0002
0	0.845410619144105	0.39709757897326	0.397115148107804	McGill0002
0	0.835748814986778	0.397115148107804	0.397132717242349	McGill0002
0	0.859903362118571	0.397132717242349	0.397150286376893	McGill0002
0	0.864734300935711	0.397150286376893	0.397167855511438	McGill0002
0	0.874396105093038	0.397167855511438	0.397185424645982	McGill0002
0	0.898550725701783	0.397185424645982	0.397202993780526	McGill0002
0	0.90821252985911	0.397202993780526	0.397220562915071	McGill0002
0	0.903381664518922	0.397220562915071	0.397238132049615	McGill0002
0	0.898550725701783	0.397238132049615	0.39725570118416	McGill0002
0	0.884057982727316	0.39725570118416	0.397273270318704	McGill0002
0	0.898550725701783	0.397273270318704	0.397290839453249	McGill0002
0	0.879227043910177	0.397290839453249	0.397308408587793	McGill0002
0	0.874396105093038	0.397308408587793	0.397343546856882	McGill0002
0	0.855072496778383	0.397343546856882	0.397361115991426	McGill0002
0	0.864734300935711	0.397361115991426	0.397378685125971	McGill0002
0	0.86956523975285	0.397378685125971	0.397396254260515	McGill0002
0	0.884057982727316	0.397396254260515	0.397431392529604	McGill0002
0	0.850241557961244	0.397431392529604	0.397448961664148	McGill0002
0	0.821256072016163	0.397448961664148	0.397484099933237	McGill0002
0	0.816425133195172	0.397484099933237	0.397501669067782	McGill0002
0	0.811594194378032	0.397501669067782	0.397519238202326	McGill0002
0	0.816425133195172	0.397519238202326	0.397536807336871	McGill0002
0	0.801932390224557	0.397536807336871	0.397554376471415	McGill0002
0	0.811594194378032	0.397554376471415	0.397571945605959	McGill0002
0	0.801932390224557	0.397571945605959	0.397589514740504	McGill0002
0	0.821256072016163	0.397589514740504	0.397607083875048	McGill0002
0	0.816425133195172	0.397607083875048	0.397624653009593	McGill0002
0	0.840579680326965	0.397624653009593	0.397642222144137	McGill0002
0	0.835748814986778	0.397642222144137	0.397659791278682	McGill0002
0	0.840579680326965	0.397659791278682	0.397694929547771	McGill0002
0	0.845410619144105	0.397694929547771	0.397712498682315	McGill0002
0	0.850241557961244	0.397712498682315	0.397730067816859	McGill0002
0	0.859903362118571	0.397730067816859	0.397765206085948	McGill0002
0	0.850241557961244	0.397765206085948	0.397782775220493	McGill0002
0	0.859903362118571	0.397782775220493	0.397800344355037	McGill0002
0	0.874396105093038	0.397800344355037	0.397817913489582	McGill0002
0	0.879227043910177	0.397817913489582	0.397835482624126	McGill0002
0	0.888888921544456	0.397835482624126	0.39785305175867	McGill0002
0	0.898550725701783	0.39785305175867	0.397958466565937	McGill0002
0	0.893719786884644	0.397958466565937	0.397976035700481	McGill0002
0	0.888888921544456	0.397976035700481	0.39801117396957	McGill0002
0	0.86956523975285	0.39801117396957	0.398028743104115	McGill0002
0	0.874396105093038	0.398028743104115	0.398046312238659	McGill0002
0	0.86956523975285	0.398046312238659	0.398063881373204	McGill0002
0	0.879227043910177	0.398063881373204	0.398081450507748	McGill0002
0	0.864734300935711	0.398081450507748	0.398099019642292	McGill0002
0	0.874396105093038	0.398099019642292	0.398134157911381	McGill0002
0	0.879227043910177	0.398134157911381	0.398151727045926	McGill0002
0	0.86956523975285	0.398151727045926	0.39816929618047	McGill0002
0	0.859903362118571	0.39816929618047	0.398186865315015	McGill0002
0	0.864734300935711	0.398186865315015	0.398204434449559	McGill0002
0	0.859903362118571	0.398204434449559	0.398222003584103	McGill0002
0	0.864734300935711	0.398222003584103	0.398239572718648	McGill0002
0	0.850241557961244	0.398239572718648	0.398257141853192	McGill0002
0	0.840579680326965	0.398257141853192	0.398274710987737	McGill0002
0	0.835748814986778	0.398274710987737	0.398292280122281	McGill0002
0	0.850241557961244	0.398292280122281	0.398309849256826	McGill0002
0	0.859903362118571	0.398309849256826	0.39832741839137	McGill0002
0	0.855072496778383	0.39832741839137	0.398344987525914	McGill0002
0	0.86956523975285	0.398344987525914	0.398380125795003	McGill0002
0	0.840579680326965	0.398380125795003	0.398397694929548	McGill0002
0	0.603864743704861	0.398397694929548	0.398415264064092	McGill0002
0	0.579710159836517	0.398415264064092	0.398432833198637	McGill0002
0	0.618357523419729	0.398432833198637	0.398467971467726	McGill0002
0	0.61352658460259	0.398467971467726	0.398503109736814	McGill0002
0	0.628019327577056	0.398503109736814	0.398520678871359	McGill0002
0	0.623188388759917	0.398520678871359	0.398538248005903	McGill0002
0	0.632850266394196	0.398538248005903	0.398555817140448	McGill0002
0	0.642512070551523	0.398555817140448	0.398573386274992	McGill0002
0	0.623188388759917	0.398573386274992	0.398590955409537	McGill0002
0	0.618357523419729	0.398590955409537	0.398608524544081	McGill0002
0	0.637681131734384	0.398608524544081	0.398661231947714	McGill0002
0	0.642512070551523	0.398661231947714	0.398678801082259	McGill0002
0	0.652173948185801	0.398678801082259	0.398696370216803	McGill0002
0	0.666666691160268	0.398696370216803	0.398713939351348	McGill0002
0	0.671497556496604	0.398713939351348	0.398749077620436	McGill0002
0	0.681159434134735	0.398749077620436	0.398784215889525	McGill0002
0	0.671497556496604	0.398784215889525	0.39880178502407	McGill0002
0	0.666666691160268	0.39880178502407	0.398819354158614	McGill0002
0	0.661835752343129	0.398819354158614	0.398854492427703	McGill0002
0	0.666666691160268	0.398854492427703	0.398872061562247	McGill0002
0	0.657004813525989	0.398872061562247	0.398889630696792	McGill0002
0	0.661835752343129	0.398889630696792	0.398907199831336	McGill0002
0	0.666666691160268	0.398907199831336	0.39895990723497	McGill0002
0	0.671497556496604	0.39895990723497	0.398977476369514	McGill0002
0	0.676328495317595	0.398977476369514	0.398995045504058	McGill0002
0	0.661835752343129	0.398995045504058	0.399012614638603	McGill0002
0	0.666666691160268	0.399012614638603	0.399030183773147	McGill0002
0	0.671497556496604	0.399030183773147	0.399047752907692	McGill0002
0	0.681159434134735	0.399047752907692	0.399082891176781	McGill0002
0	0.671497556496604	0.399082891176781	0.399100460311325	McGill0002
0	0.681159434134735	0.399100460311325	0.399118029445869	McGill0002
0	0.685990372951874	0.399118029445869	0.399135598580414	McGill0002
0	0.70048311592634	0.399135598580414	0.399170736849503	McGill0002
0	0.695652177109201	0.399170736849503	0.399188305984047	McGill0002
0	0.705313981262676	0.399188305984047	0.399205875118592	McGill0002
0	0.729468601875273	0.399205875118592	0.399258582522225	McGill0002
0	0.748792283666879	0.399258582522225	0.399276151656769	McGill0002
0	0.743961344845888	0.399276151656769	0.399293720791314	McGill0002
0	0.719806797717946	0.399293720791314	0.399328859060403	McGill0002
0	0.710144920083668	0.399328859060403	0.399363997329492	McGill0002
0	0.705313981262676	0.399363997329492	0.399381566464036	McGill0002
0	0.70048311592634	0.399381566464036	0.39939913559858	McGill0002
0	0.729468601875273	0.39939913559858	0.399434273867669	McGill0002
0	0.734299540692413	0.399434273867669	0.399451843002214	McGill0002
0	0.739130406028748	0.399451843002214	0.399469412136758	McGill0002
0	0.743961344845888	0.399469412136758	0.399486981271303	McGill0002
0	0.739130406028748	0.399486981271303	0.399522119540391	McGill0002
0	0.734299540692413	0.399522119540391	0.39955725780948	McGill0002
0	0.739130406028748	0.39955725780948	0.399574826944025	McGill0002
0	0.734299540692413	0.399574826944025	0.399592396078569	McGill0002
0	0.729468601875273	0.399592396078569	0.399609965213114	McGill0002
0	0.743961344845888	0.399609965213114	0.399627534347658	McGill0002
0	0.758454087820354	0.399627534347658	0.399645103482202	McGill0002
0	0.763285026637493	0.399645103482202	0.399680241751291	McGill0002
0	0.772946830794821	0.399680241751291	0.399697810885836	McGill0002
0	0.77777776961196	0.399697810885836	0.39971538002038	McGill0002
0	0.782608708432952	0.39971538002038	0.399732949154925	McGill0002
0	0.792270512586426	0.399732949154925	0.399785656558558	McGill0002
0	0.787439647250091	0.399785656558558	0.399803225693102	McGill0002
0	0.792270512586426	0.399803225693102	0.399838363962191	McGill0002
0	0.763285026637493	0.399838363962191	0.399855933096736	McGill0002
0	0.768115965458485	0.399855933096736	0.399891071365825	McGill0002
0	0.758454087820354	0.399891071365825	0.399908640500369	McGill0002
0	0.768115965458485	0.399908640500369	0.399926209634913	McGill0002
0	0.753623222484019	0.399926209634913	0.399943778769458	McGill0002
0	0.758454087820354	0.399943778769458	0.399961347904002	McGill0002
0	0.753623222484019	0.399961347904002	0.399978917038547	McGill0002
0	0.743961344845888	0.399978917038547	0.399996486173091	McGill0002
0	0.729468601875273	0.399996486173091	0.400014055307636	McGill0002
0	0.714975858900807	0.400014055307636	0.40003162444218	McGill0002
0	0.705313981262676	0.40003162444218	0.400049193576724	McGill0002
0	0.714975858900807	0.400049193576724	0.400084331845813	McGill0002
0	0.705313981262676	0.400084331845813	0.400119470114902	McGill0002
0	0.70048311592634	0.400119470114902	0.400137039249447	McGill0002
0	0.695652177109201	0.400137039249447	0.400172177518536	McGill0002
0	0.690821238288209	0.400172177518536	0.40018974665308	McGill0002
0	0.695652177109201	0.40018974665308	0.400224884922169	McGill0002
0	0.681159434134735	0.400224884922169	0.400242454056713	McGill0002
0	0.690821238288209	0.400242454056713	0.400260023191258	McGill0002
0	0.671497556496604	0.400260023191258	0.400277592325802	McGill0002
0	0.666666691160268	0.400277592325802	0.400295161460346	McGill0002
0	0.657004813525989	0.400295161460346	0.400312730594891	McGill0002
0	0.652173948185801	0.400312730594891	0.400330299729435	McGill0002
0	0.661835752343129	0.400330299729435	0.40034786886398	McGill0002
0	0.666666691160268	0.40034786886398	0.400365437998524	McGill0002
0	0.657004813525989	0.400365437998524	0.400400576267613	McGill0002
0	0.652173948185801	0.400400576267613	0.400435714536702	McGill0002
0	0.632850266394196	0.400435714536702	0.400453283671246	McGill0002
0	0.628019327577056	0.400453283671246	0.400470852805791	McGill0002
0	0.61352658460259	0.400470852805791	0.400488421940335	McGill0002
0	0.603864743704861	0.400488421940335	0.400523560209424	McGill0002
0	0.599033804887721	0.400523560209424	0.400558698478513	McGill0002
0	0.603864743704861	0.400558698478513	0.400576267613057	McGill0002
0	0.61352658460259	0.400576267613057	0.400593836747602	McGill0002
0	0.60869564578545	0.400593836747602	0.400611405882146	McGill0002
0	0.589372000730394	0.400611405882146	0.400646544151235	McGill0002
0	0.594202902810984	0.400646544151235	0.400681682420324	McGill0002
0	0.599033804887721	0.400681682420324	0.400699251554868	McGill0002
0	0.603864743704861	0.400699251554868	0.400716820689413	McGill0002
0	0.594202902810984	0.400716820689413	0.400751958958502	McGill0002
0	0.60869564578545	0.400751958958502	0.400787097227591	McGill0002
0	0.603864743704861	0.400787097227591	0.400804666362135	McGill0002
0	0.60869564578545	0.400804666362135	0.400822235496679	McGill0002
0	0.603864743704861	0.400822235496679	0.400839804631224	McGill0002
0	0.60869564578545	0.400839804631224	0.400857373765768	McGill0002
0	0.599033804887721	0.400857373765768	0.400892512034857	McGill0002
0	0.594202902810984	0.400892512034857	0.400910081169402	McGill0002
0	0.599033804887721	0.400910081169402	0.400927650303946	McGill0002
0	0.589372000730394	0.400927650303946	0.400980357707579	McGill0002
0	0.584541061913255	0.400980357707579	0.400997926842124	McGill0002
0	0.579710159836517	0.400997926842124	0.401068203380301	McGill0002
0	0.589372000730394	0.401068203380301	0.401085772514846	McGill0002
0	0.599033804887721	0.401085772514846	0.40110334164939	McGill0002
0	0.589372000730394	0.40110334164939	0.401120910783935	McGill0002
0	0.603864743704861	0.401120910783935	0.401138479918479	McGill0002
0	0.599033804887721	0.401138479918479	0.401156049053024	McGill0002
0	0.579710159836517	0.401156049053024	0.401173618187568	McGill0002
0	0.574879221019378	0.401173618187568	0.401191187322113	McGill0002
0	0.565217380121649	0.401191187322113	0.401208756456657	McGill0002
0	0.570048318938788	0.401208756456657	0.401226325591201	McGill0002
0	0.584541061913255	0.401226325591201	0.40126146386029	McGill0002
0	0.570048318938788	0.40126146386029	0.401279032994835	McGill0002
0	0.574879221019378	0.401279032994835	0.401296602129379	McGill0002
0	0.570048318938788	0.401296602129379	0.401314171263924	McGill0002
0	0.560386478044912	0.401314171263924	0.401331740398468	McGill0002
0	0.550724637147182	0.401331740398468	0.401349309533012	McGill0002
0	0.560386478044912	0.401349309533012	0.401366878667557	McGill0002
0	0.541062796253306	0.401366878667557	0.401384447802101	McGill0002
0	0.536231894172716	0.401384447802101	0.401402016936646	McGill0002
0	0.5217391144617	0.401402016936646	0.40141958607119	McGill0002
0	0.545893735070445	0.40141958607119	0.401437155205735	McGill0002
0	0.550724637147182	0.401437155205735	0.401454724340279	McGill0002
0	0.574879221019378	0.401454724340279	0.401472293474823	McGill0002
0	0.599033804887721	0.401472293474823	0.401542570013001	McGill0002
0	0.584541061913255	0.401542570013001	0.401560139147546	McGill0002
0	0.570048318938788	0.401560139147546	0.40157770828209	McGill0002
0	0.584541061913255	0.40157770828209	0.401612846551179	McGill0002
0	0.579710159836517	0.401612846551179	0.401630415685723	McGill0002
0	0.589372000730394	0.401630415685723	0.401647984820268	McGill0002
0	0.584541061913255	0.401647984820268	0.401665553954812	McGill0002
0	0.603864743704861	0.401665553954812	0.401683123089357	McGill0002
0	0.60869564578545	0.401683123089357	0.401700692223901	McGill0002
0	0.637681131734384	0.401700692223901	0.401718261358445	McGill0002
0	0.647343009368662	0.401718261358445	0.40173583049299	McGill0002
0	0.652173948185801	0.40173583049299	0.401770968762079	McGill0002
0	0.671497556496604	0.401770968762079	0.401788537896623	McGill0002
0	0.657004813525989	0.401788537896623	0.401806107031168	McGill0002
0	0.676328495317595	0.401806107031168	0.401823676165712	McGill0002
0	0.671497556496604	0.401823676165712	0.401841245300257	McGill0002
0	0.681159434134735	0.401841245300257	0.401876383569345	McGill0002
0	0.690821238288209	0.401876383569345	0.40189395270389	McGill0002
0	0.739130406028748	0.40189395270389	0.401911521838434	McGill0002
0	0.763285026637493	0.401911521838434	0.401946660107523	McGill0002
0	0.753623222484019	0.401946660107523	0.401981798376612	McGill0002
0	0.758454087820354	0.401981798376612	0.401999367511156	McGill0002
0	0.763285026637493	0.401999367511156	0.402016936645701	McGill0002
0	0.772946830794821	0.402016936645701	0.402034505780245	McGill0002
0	0.792270512586426	0.402034505780245	0.40205207491479	McGill0002
0	0.806763255560893	0.40205207491479	0.402069644049334	McGill0002
0	0.826086937352499	0.402069644049334	0.402104782318423	McGill0002
0	0.821256072016163	0.402104782318423	0.402122351452967	McGill0002
0	0.806763255560893	0.402122351452967	0.402139920587512	McGill0002
0	0.801932390224557	0.402139920587512	0.402157489722056	McGill0002
0	0.792270512586426	0.402157489722056	0.402175058856601	McGill0002
0	0.797101451403566	0.402175058856601	0.40221019712569	McGill0002
0	0.806763255560893	0.40221019712569	0.402227766260234	McGill0002
0	0.816425133195172	0.402227766260234	0.402245335394778	McGill0002
0	0.811594194378032	0.402245335394778	0.402262904529323	McGill0002
0	0.826086937352499	0.402262904529323	0.402280473663867	McGill0002
0	0.835748814986778	0.402280473663867	0.402333181067501	McGill0002
0	0.845410619144105	0.402333181067501	0.402350750202045	McGill0002
0	0.840579680326965	0.402350750202045	0.402385888471134	McGill0002
0	0.835748814986778	0.402385888471134	0.402403457605678	McGill0002
0	0.826086937352499	0.402403457605678	0.402421026740223	McGill0002
0	0.821256072016163	0.402421026740223	0.402456165009312	McGill0002
0	0.806763255560893	0.402456165009312	0.402473734143856	McGill0002
0	0.821256072016163	0.402473734143856	0.4024913032784	McGill0002
0	0.826086937352499	0.4024913032784	0.402508872412945	McGill0002
0	0.835748814986778	0.402508872412945	0.402526441547489	McGill0002
0	0.830917876169638	0.402526441547489	0.402544010682034	McGill0002
0	0.821256072016163	0.402544010682034	0.402561579816578	McGill0002
0	0.835748814986778	0.402561579816578	0.402579148951123	McGill0002
0	0.821256072016163	0.402579148951123	0.402614287220212	McGill0002
0	0.801932390224557	0.402614287220212	0.402719702027478	McGill0002
0	0.77777776961196	0.402719702027478	0.402737271162023	McGill0002
0	0.797101451403566	0.402737271162023	0.402772409431111	McGill0002
0	0.811594194378032	0.402772409431111	0.4028075477002	McGill0002
0	0.806763255560893	0.4028075477002	0.402842685969289	McGill0002
0	0.801932390224557	0.402842685969289	0.402860255103834	McGill0002
0	0.806763255560893	0.402860255103834	0.402877824238378	McGill0002
0	0.797101451403566	0.402877824238378	0.402912962507467	McGill0002
0	0.811594194378032	0.402912962507467	0.402930531642011	McGill0002
0	0.816425133195172	0.402930531642011	0.402948100776556	McGill0002
0	0.821256072016163	0.402948100776556	0.4029656699111	McGill0002
0	0.816425133195172	0.4029656699111	0.402983239045645	McGill0002
0	0.826086937352499	0.402983239045645	0.403000808180189	McGill0002
0	0.830917876169638	0.403000808180189	0.403018377314733	McGill0002
0	0.840579680326965	0.403018377314733	0.403035946449278	McGill0002
0	0.826086937352499	0.403035946449278	0.403053515583822	McGill0002
0	0.830917876169638	0.403053515583822	0.403071084718367	McGill0002
0	0.821256072016163	0.403071084718367	0.403088653852911	McGill0002
0	0.830917876169638	0.403088653852911	0.403106222987456	McGill0002
0	0.821256072016163	0.403106222987456	0.403141361256545	McGill0002
0	0.816425133195172	0.403141361256545	0.403158930391089	McGill0002
0	0.826086937352499	0.403158930391089	0.403176499525633	McGill0002
0	0.811594194378032	0.403176499525633	0.403194068660178	McGill0002
0	0.806763255560893	0.403194068660178	0.403229206929267	McGill0002
0	0.782608708432952	0.403229206929267	0.403246776063811	McGill0002
0	0.797101451403566	0.403246776063811	0.403264345198356	McGill0002
0	0.792270512586426	0.403264345198356	0.403299483467444	McGill0002
0	0.797101451403566	0.403299483467444	0.403317052601989	McGill0002
0	0.801932390224557	0.403317052601989	0.403334621736533	McGill0002
0	0.787439647250091	0.403334621736533	0.403369760005622	McGill0002
0	0.801932390224557	0.403369760005622	0.403387329140167	McGill0002
0	0.792270512586426	0.403387329140167	0.403404898274711	McGill0002
0	0.806763255560893	0.403404898274711	0.403422467409255	McGill0002
0	0.792270512586426	0.403422467409255	0.4034400365438	McGill0002
0	0.797101451403566	0.4034400365438	0.403457605678344	McGill0002
0	0.801932390224557	0.403457605678344	0.403475174812889	McGill0002
0	0.792270512586426	0.403475174812889	0.403527882216522	McGill0002
0	0.782608708432952	0.403527882216522	0.403545451351067	McGill0002
0	0.787439647250091	0.403545451351067	0.403563020485611	McGill0002
0	0.763285026637493	0.403563020485611	0.403580589620155	McGill0002
0	0.748792283666879	0.403580589620155	0.4035981587547	McGill0002
0	0.743961344845888	0.4035981587547	0.403615727889244	McGill0002
0	0.739130406028748	0.403615727889244	0.403633297023789	McGill0002
0	0.743961344845888	0.403633297023789	0.403650866158333	McGill0002
0	0.714975858900807	0.403650866158333	0.403668435292878	McGill0002
0	0.705313981262676	0.403668435292878	0.403703573561966	McGill0002
0	0.690821238288209	0.403703573561966	0.403721142696511	McGill0002
0	0.685990372951874	0.403721142696511	0.403738711831055	McGill0002
0	0.681159434134735	0.403738711831055	0.4037562809656	McGill0002
0	0.666666691160268	0.4037562809656	0.403773850100144	McGill0002
0	0.661835752343129	0.403773850100144	0.403791419234689	McGill0002
0	0.657004813525989	0.403791419234689	0.403808988369233	McGill0002
0	0.637681131734384	0.403808988369233	0.403826557503777	McGill0002
0	0.647343009368662	0.403826557503777	0.403844126638322	McGill0002
0	0.652173948185801	0.403844126638322	0.403879264907411	McGill0002
0	0.661835752343129	0.403879264907411	0.4039144031765	McGill0002
0	0.666666691160268	0.4039144031765	0.403931972311044	McGill0002
0	0.671497556496604	0.403931972311044	0.403949541445588	McGill0002
0	0.681159434134735	0.403949541445588	0.403967110580133	McGill0002
0	0.671497556496604	0.403967110580133	0.403984679714677	McGill0002
0	0.676328495317595	0.403984679714677	0.404019817983766	McGill0002
0	0.642512070551523	0.404019817983766	0.404037387118311	McGill0002
0	0.647343009368662	0.404037387118311	0.404054956252855	McGill0002
0	0.637681131734384	0.404054956252855	0.404125232791033	McGill0002
0	0.642512070551523	0.404125232791033	0.404142801925577	McGill0002
0	0.647343009368662	0.404142801925577	0.404160371060122	McGill0002
0	0.661835752343129	0.404160371060122	0.40419550932921	McGill0002
0	0.666666691160268	0.40419550932921	0.404213078463755	McGill0002
0	0.685990372951874	0.404213078463755	0.404230647598299	McGill0002
0	0.676328495317595	0.404230647598299	0.404248216732844	McGill0002
0	0.661835752343129	0.404248216732844	0.404283355001933	McGill0002
0	0.685990372951874	0.404283355001933	0.404300924136477	McGill0002
0	0.690821238288209	0.404300924136477	0.404318493271022	McGill0002
0	0.685990372951874	0.404318493271022	0.404336062405566	McGill0002
0	0.695652177109201	0.404336062405566	0.40435363154011	McGill0002
0	0.690821238288209	0.40435363154011	0.404371200674655	McGill0002
0	0.695652177109201	0.404371200674655	0.404388769809199	McGill0002
0	0.685990372951874	0.404388769809199	0.404406338943744	McGill0002
0	0.70048311592634	0.404406338943744	0.404423908078288	McGill0002
0	0.710144920083668	0.404423908078288	0.404441477212833	McGill0002
0	0.714975858900807	0.404441477212833	0.404459046347377	McGill0002
0	0.710144920083668	0.404459046347377	0.404476615481921	McGill0002
0	0.695652177109201	0.404476615481921	0.404494184616466	McGill0002
0	0.690821238288209	0.404494184616466	0.40451175375101	McGill0002
0	0.685990372951874	0.40451175375101	0.404529322885555	McGill0002
0	0.671497556496604	0.404529322885555	0.404546892020099	McGill0002
0	0.661835752343129	0.404546892020099	0.404582030289188	McGill0002
0	0.676328495317595	0.404582030289188	0.404617168558277	McGill0002
0	0.666666691160268	0.404617168558277	0.404634737692821	McGill0002
0	0.661835752343129	0.404634737692821	0.404652306827366	McGill0002
0	0.671497556496604	0.404652306827366	0.40466987596191	McGill0002
0	0.681159434134735	0.40466987596191	0.404687445096455	McGill0002
0	0.685990372951874	0.404687445096455	0.404705014230999	McGill0002
0	0.690821238288209	0.404705014230999	0.404740152500088	McGill0002
0	0.676328495317595	0.404740152500088	0.404757721634632	McGill0002
0	0.681159434134735	0.404757721634632	0.404775290769177	McGill0002
0	0.671497556496604	0.404775290769177	0.404792859903721	McGill0002
0	0.685990372951874	0.404792859903721	0.404810429038266	McGill0002
0	0.676328495317595	0.404810429038266	0.40482799817281	McGill0002
0	0.681159434134735	0.40482799817281	0.404845567307354	McGill0002
0	0.676328495317595	0.404845567307354	0.404863136441899	McGill0002
0	0.695652177109201	0.404863136441899	0.404915843845532	McGill0002
0	0.661835752343129	0.404915843845532	0.404933412980077	McGill0002
0	0.657004813525989	0.404933412980077	0.404950982114621	McGill0002
0	0.652173948185801	0.404950982114621	0.404968551249165	McGill0002
0	0.661835752343129	0.404968551249165	0.40498612038371	McGill0002
0	0.666666691160268	0.40498612038371	0.405003689518254	McGill0002
0	0.652173948185801	0.405003689518254	0.405021258652799	McGill0002
0	0.657004813525989	0.405021258652799	0.405056396921888	McGill0002
0	0.652173948185801	0.405056396921888	0.405073966056432	McGill0002
0	0.628019327577056	0.405073966056432	0.405091535190977	McGill0002
0	0.623188388759917	0.405091535190977	0.405109104325521	McGill0002
0	0.628019327577056	0.405109104325521	0.405126673460065	McGill0002
0	0.60869564578545	0.405126673460065	0.40514424259461	McGill0002
0	0.603864743704861	0.40514424259461	0.405161811729154	McGill0002
0	0.589372000730394	0.405161811729154	0.405179380863699	McGill0002
0	0.574879221019378	0.405179380863699	0.405196949998243	McGill0002
0	0.560386478044912	0.405196949998243	0.405214519132788	McGill0002
0	0.545893735070445	0.405214519132788	0.405232088267332	McGill0002
0	0.531400955355577	0.405232088267332	0.405284795670965	McGill0002
0	0.5217391144617	0.405284795670965	0.40530236480551	McGill0002
0	0.51690821238111	0.40530236480551	0.405337503074599	McGill0002
0	0.5217391144617	0.405337503074599	0.405355072209143	McGill0002
0	0.526570053278839	0.405355072209143	0.405390210478232	McGill0002
0	0.51690821238111	0.405390210478232	0.405407779612776	McGill0002
0	0.507246371487233	0.405407779612776	0.405425348747321	McGill0002
0	0.512077310304373	0.405425348747321	0.40546048701641	McGill0002
0	0.5217391144617	0.40546048701641	0.405495625285498	McGill0002
0	0.526570053278839	0.405495625285498	0.405513194420043	McGill0002
0	0.5217391144617	0.405513194420043	0.405530763554587	McGill0002
0	0.526570053278839	0.405530763554587	0.405548332689132	McGill0002
0	0.5217391144617	0.405548332689132	0.405565901823676	McGill0002
0	0.526570053278839	0.405565901823676	0.405583470958221	McGill0002
0	0.512077310304373	0.405583470958221	0.405601040092765	McGill0002
0	0.502415469410496	0.405601040092765	0.405618609227309	McGill0002
0	0.487922689695628	0.405618609227309	0.405636178361854	McGill0002
0	0.473429946721161	0.405636178361854	0.405653747496398	McGill0002
0	0.487922689695628	0.405653747496398	0.405671316630943	McGill0002
0	0.48309178761889	0.405671316630943	0.405688885765487	McGill0002
0	0.492753628512767	0.405688885765487	0.405706454900032	McGill0002
0	0.473429946721161	0.405706454900032	0.405724024034576	McGill0002
0	0.468599044644424	0.405724024034576	0.405741593169121	McGill0002
0	0.4782608855383	0.405741593169121	0.405776731438209	McGill0002
0	0.463768105827284	0.405776731438209	0.405829438841843	McGill0002
0	0.458937203746694	0.405829438841843	0.405847007976387	McGill0002
0	0.468599044644424	0.405847007976387	0.405864577110932	McGill0002
0	0.473429946721161	0.405864577110932	0.405882146245476	McGill0002
0	0.48309178761889	0.405882146245476	0.40589971538002	McGill0002
0	0.4782608855383	0.40589971538002	0.405917284514565	McGill0002
0	0.468599044644424	0.405917284514565	0.405934853649109	McGill0002
0	0.463768105827284	0.405934853649109	0.405952422783654	McGill0002
0	0.468599044644424	0.405952422783654	0.405969991918198	McGill0002
0	0.458937203746694	0.405969991918198	0.405987561052743	McGill0002
0	0.454106264929555	0.405987561052743	0.406005130187287	McGill0002
0	0.449275362852818	0.406005130187287	0.406022699321831	McGill0002
0	0.434782619878351	0.406022699321831	0.406040268456376	McGill0002
0	0.429951681061212	0.406040268456376	0.406075406725465	McGill0002
0	0.420289840163483	0.406075406725465	0.406145683263642	McGill0002
0	0.425120778980622	0.406145683263642	0.406163252398187	McGill0002
0	0.420289840163483	0.406163252398187	0.406180821532731	McGill0002
0	0.415458938086745	0.406180821532731	0.40621595980182	McGill0002
0	0.410628036006155	0.40621595980182	0.406233528936365	McGill0002
0	0.420289840163483	0.406233528936365	0.406251098070909	McGill0002
0	0.425120778980622	0.406251098070909	0.406321374609087	McGill0002
0	0.420289840163483	0.406321374609087	0.406338943743631	McGill0002
0	0.415458938086745	0.406338943743631	0.406356512878176	McGill0002
0	0.410628036006155	0.406356512878176	0.406391651147264	McGill0002
0	0.415458938086745	0.406391651147264	0.406426789416353	McGill0002
0	0.405797097189016	0.406426789416353	0.406444358550898	McGill0002
0	0.396135256295139	0.406444358550898	0.406479496819987	McGill0002
0	0.381642513319517	0.406479496819987	0.406497065954531	McGill0002
0	0.371980672423714	0.406497065954531	0.406514635089076	McGill0002
0	0.376811611241624	0.406514635089076	0.406549773358164	McGill0002
0	0.362318831527911	0.406549773358164	0.406567342492709	McGill0002
0	0.367149770345436	0.406567342492709	0.406584911627253	McGill0002
0	0.376811611241624	0.406584911627253	0.406602480761798	McGill0002
0	0.381642513319517	0.406602480761798	0.406620049896342	McGill0002
0	0.362318831527911	0.406620049896342	0.406637619030887	McGill0002
0	0.367149770345436	0.406637619030887	0.406655188165431	McGill0002
0	0.376811611241624	0.406655188165431	0.406672757299975	McGill0002
0	0.381642513319517	0.406672757299975	0.40669032643452	McGill0002
0	0.376811611241624	0.40669032643452	0.406707895569064	McGill0002
0	0.381642513319517	0.406707895569064	0.406725464703609	McGill0002
0	0.376811611241624	0.406725464703609	0.406743033838153	McGill0002
0	0.38647341539741	0.406743033838153	0.406778172107242	McGill0002
0	0.381642513319517	0.406778172107242	0.406795741241786	McGill0002
0	0.38647341539741	0.406795741241786	0.406830879510875	McGill0002
0	0.376811611241624	0.406830879510875	0.40684844864542	McGill0002
0	0.371980672423714	0.40684844864542	0.406866017779964	McGill0002
0	0.367149770345436	0.406866017779964	0.406883586914509	McGill0002
0	0.371980672423714	0.406883586914509	0.406936294318142	McGill0002
0	0.381642513319517	0.406936294318142	0.406953863452686	McGill0002
0	0.38647341539741	0.406953863452686	0.406989001721775	McGill0002
0	0.39130435421455	0.406989001721775	0.40700657085632	McGill0002
0	0.38647341539741	0.40700657085632	0.407041709125409	McGill0002
0	0.39130435421455	0.407041709125409	0.407059278259953	McGill0002
0	0.396135256295139	0.407059278259953	0.407076847394497	McGill0002
0	0.39130435421455	0.407076847394497	0.407094416529042	McGill0002
0	0.371980672423714	0.407094416529042	0.40716469306722	McGill0002
0	0.376811611241624	0.40716469306722	0.407182262201764	McGill0002
0	0.381642513319517	0.407182262201764	0.407199831336308	McGill0002
0	0.371980672423714	0.407199831336308	0.407234969605397	McGill0002
0	0.367149770345436	0.407234969605397	0.407252538739942	McGill0002
0	0.376811611241624	0.407252538739942	0.407270107874486	McGill0002
0	0.381642513319517	0.407270107874486	0.407287677009031	McGill0002
0	0.371980672423714	0.407287677009031	0.407322815278119	McGill0002
0	0.367149770345436	0.407322815278119	0.407357953547208	McGill0002
0	0.371980672423714	0.407357953547208	0.407375522681753	McGill0002
0	0.376811611241624	0.407375522681753	0.407410660950842	McGill0002
0	0.371980672423714	0.407410660950842	0.407428230085386	McGill0002
0	0.367149770345436	0.407428230085386	0.407463368354475	McGill0002
0	0.371980672423714	0.407463368354475	0.407498506623564	McGill0002
0	0.362318831527911	0.407498506623564	0.407516075758108	McGill0002
0	0.367149770345436	0.407516075758108	0.407551214027197	McGill0002
0	0.376811611241624	0.407551214027197	0.40760392143083	McGill0002
0	0.352656990632108	0.40760392143083	0.407621490565375	McGill0002
0	0.34782608855383	0.407621490565375	0.407639059699919	McGill0002
0	0.342995186475552	0.407639059699919	0.407691767103553	McGill0002
0	0.34782608855383	0.407691767103553	0.407709336238097	McGill0002
0	0.342995186475552	0.407709336238097	0.407726905372641	McGill0002
0	0.333333345579749	0.407726905372641	0.407744474507186	McGill0002
0	0.338164247658027	0.407744474507186	0.40776204364173	McGill0002
0	0.352656990632108	0.40776204364173	0.407779612776275	McGill0002
0	0.34782608855383	0.407779612776275	0.407797181910819	McGill0002
0	0.352656990632108	0.407797181910819	0.407814751045364	McGill0002
0	0.362318831527911	0.407814751045364	0.407832320179908	McGill0002
0	0.357487929449633	0.407832320179908	0.407849889314452	McGill0002
0	0.34782608855383	0.407849889314452	0.407885027583541	McGill0002
0	0.342995186475552	0.407885027583541	0.407902596718086	McGill0002
0	0.34782608855383	0.407902596718086	0.40792016585263	McGill0002
0	0.367149770345436	0.40792016585263	0.407937734987175	McGill0002
0	0.362318831527911	0.407937734987175	0.407955304121719	McGill0002
0	0.367149770345436	0.407955304121719	0.407990442390808	McGill0002
0	0.357487929449633	0.407990442390808	0.408025580659897	McGill0002
0	0.362318831527911	0.408025580659897	0.40807828806353	McGill0002
0	0.367149770345436	0.40807828806353	0.408113426332619	McGill0002
0	0.371980672423714	0.408113426332619	0.408130995467163	McGill0002
0	0.367149770345436	0.408130995467163	0.408166133736252	McGill0002
0	0.376811611241624	0.408166133736252	0.408183702870797	McGill0002
0	0.371980672423714	0.408183702870797	0.408201272005341	McGill0002
0	0.381642513319517	0.408201272005341	0.408218841139885	McGill0002
0	0.376811611241624	0.408218841139885	0.408271548543519	McGill0002
0	0.371980672423714	0.408271548543519	0.408289117678063	McGill0002
0	0.376811611241624	0.408289117678063	0.408306686812608	McGill0002
0	0.367149770345436	0.408306686812608	0.408324255947152	McGill0002
0	0.357487929449633	0.408324255947152	0.408341825081696	McGill0002
0	0.376811611241624	0.408341825081696	0.408359394216241	McGill0002
0	0.371980672423714	0.408359394216241	0.408376963350785	McGill0002
0	0.376811611241624	0.408376963350785	0.40839453248533	McGill0002
0	0.367149770345436	0.40839453248533	0.408412101619874	McGill0002
0	0.362318831527911	0.408412101619874	0.408429670754419	McGill0002
0	0.357487929449633	0.408429670754419	0.408447239888963	McGill0002
0	0.352656990632108	0.408447239888963	0.408499947292596	McGill0002
0	0.362318831527911	0.408499947292596	0.408517516427141	McGill0002
0	0.371980672423714	0.408517516427141	0.408570223830774	McGill0002
0	0.367149770345436	0.408570223830774	0.408587792965319	McGill0002
0	0.362318831527911	0.408587792965319	0.408605362099863	McGill0002
0	0.352656990632108	0.408605362099863	0.408622931234407	McGill0002
0	0.34782608855383	0.408622931234407	0.408640500368952	McGill0002
0	0.357487929449633	0.408640500368952	0.40871077690713	McGill0002
0	0.352656990632108	0.40871077690713	0.408728346041674	McGill0002
0	0.34782608855383	0.408728346041674	0.408745915176218	McGill0002
0	0.338164247658027	0.408745915176218	0.408763484310763	McGill0002
0	0.34782608855383	0.408763484310763	0.408798622579852	McGill0002
0	0.342995186475552	0.408798622579852	0.408816191714396	McGill0002
0	0.34782608855383	0.408816191714396	0.408833760848941	McGill0002
0	0.352656990632108	0.408833760848941	0.408851329983485	McGill0002
0	0.34782608855383	0.408851329983485	0.408868899118029	McGill0002
0	0.357487929449633	0.408868899118029	0.408886468252574	McGill0002
0	0.362318831527911	0.408886468252574	0.408921606521663	McGill0002
0	0.367149770345436	0.408921606521663	0.408956744790752	McGill0002
0	0.381642513319517	0.408956744790752	0.408974313925296	McGill0002
0	0.38647341539741	0.408974313925296	0.408991883059841	McGill0002
0	0.376811611241624	0.408991883059841	0.409027021328929	McGill0002
0	0.371980672423714	0.409027021328929	0.409044590463474	McGill0002
0	0.376811611241624	0.409044590463474	0.409062159598018	McGill0002
0	0.38647341539741	0.409062159598018	0.409079728732563	McGill0002
0	0.376811611241624	0.409079728732563	0.409097297867107	McGill0002
0	0.367149770345436	0.409097297867107	0.409167574405285	McGill0002
0	0.371980672423714	0.409167574405285	0.409237850943463	McGill0002
0	0.357487929449633	0.409237850943463	0.409255420078007	McGill0002
0	0.362318831527911	0.409255420078007	0.409272989212551	McGill0002
0	0.34782608855383	0.409272989212551	0.409290558347096	McGill0002
0	0.342995186475552	0.409290558347096	0.40930812748164	McGill0002
0	0.338164247658027	0.40930812748164	0.409343265750729	McGill0002
0	0.328502406762224	0.409343265750729	0.409395973154362	McGill0002
0	0.342995186475552	0.409395973154362	0.409413542288907	McGill0002
0	0.34782608855383	0.409413542288907	0.409448680557996	McGill0002
0	0.352656990632108	0.409448680557996	0.40946624969254	McGill0002
0	0.367149770345436	0.40946624969254	0.409483818827085	McGill0002
0	0.371980672423714	0.409483818827085	0.409501387961629	McGill0002
0	0.39130435421455	0.409501387961629	0.409518957096173	McGill0002
0	0.381642513319517	0.409518957096173	0.409536526230718	McGill0002
0	0.367149770345436	0.409536526230718	0.409554095365262	McGill0002
0	0.34782608855383	0.409554095365262	0.409589233634351	McGill0002
0	0.362318831527911	0.409589233634351	0.40962437190344	McGill0002
0	0.367149770345436	0.40962437190344	0.409694648441618	McGill0002
0	0.362318831527911	0.409694648441618	0.409729786710707	McGill0002
0	0.367149770345436	0.409729786710707	0.409747355845251	McGill0002
0	0.371980672423714	0.409747355845251	0.409764924979796	McGill0002
0	0.376811611241624	0.409764924979796	0.40978249411434	McGill0002
0	0.371980672423714	0.40978249411434	0.409800063248884	McGill0002
0	0.367149770345436	0.409800063248884	0.409817632383429	McGill0002
0	0.371980672423714	0.409817632383429	0.409835201517973	McGill0002
0	0.376811611241624	0.409835201517973	0.409852770652518	McGill0002
0	0.381642513319517	0.409852770652518	0.409870339787062	McGill0002
0	0.38647341539741	0.409870339787062	0.409887908921607	McGill0002
0	0.410628036006155	0.409887908921607	0.409923047190695	McGill0002
0	0.420289840163483	0.409923047190695	0.40994061632524	McGill0002
0	0.425120778980622	0.40994061632524	0.409958185459784	McGill0002
0	0.415458938086745	0.409958185459784	0.409993323728873	McGill0002
0	0.410628036006155	0.409993323728873	0.410028461997962	McGill0002
0	0.429951681061212	0.410028461997962	0.410081169401595	McGill0002
0	0.439613521955089	0.410081169401595	0.41009873853614	McGill0002
0	0.434782619878351	0.41009873853614	0.410116307670684	McGill0002
0	0.449275362852818	0.410116307670684	0.410186584208862	McGill0002
0	0.444444460772228	0.410186584208862	0.410239291612495	McGill0002
0	0.449275362852818	0.410239291612495	0.410291999016128	McGill0002
0	0.463768105827284	0.410291999016128	0.410309568150673	McGill0002
0	0.449275362852818	0.410309568150673	0.410327137285217	McGill0002
0	0.454106264929555	0.410327137285217	0.410362275554306	McGill0002
0	0.449275362852818	0.410362275554306	0.410379844688851	McGill0002
0	0.458937203746694	0.410379844688851	0.410397413823395	McGill0002
0	0.454106264929555	0.410397413823395	0.410432552092484	McGill0002
0	0.458937203746694	0.410432552092484	0.410450121227028	McGill0002
0	0.473429946721161	0.410450121227028	0.410467690361573	McGill0002
0	0.4782608855383	0.410467690361573	0.410520397765206	McGill0002
0	0.473429946721161	0.410520397765206	0.410573105168839	McGill0002
0	0.492753628512767	0.410573105168839	0.410590674303384	McGill0002
0	0.531400955355577	0.410590674303384	0.410625812572473	McGill0002
0	0.536231894172716	0.410625812572473	0.410643381707017	McGill0002
0	0.541062796253306	0.410643381707017	0.410660950841562	McGill0002
0	0.545893735070445	0.410660950841562	0.410678519976106	McGill0002
0	0.579710159836517	0.410678519976106	0.41069608911065	McGill0002
0	0.570048318938788	0.41069608911065	0.410748796514284	McGill0002
0	0.584541061913255	0.410748796514284	0.410766365648828	McGill0002
0	0.60869564578545	0.410766365648828	0.410783934783373	McGill0002
0	0.61352658460259	0.410783934783373	0.410801503917917	McGill0002
0	0.60869564578545	0.410801503917917	0.410819073052461	McGill0002
0	0.618357523419729	0.410819073052461	0.410836642187006	McGill0002
0	0.632850266394196	0.410836642187006	0.410871780456095	McGill0002
0	0.637681131734384	0.410871780456095	0.410889349590639	McGill0002
0	0.657004813525989	0.410889349590639	0.410906918725184	McGill0002
0	0.685990372951874	0.410906918725184	0.410924487859728	McGill0002
0	0.710144920083668	0.410924487859728	0.410942056994272	McGill0002
0	0.729468601875273	0.410942056994272	0.410959626128817	McGill0002
0	0.743961344845888	0.410959626128817	0.410994764397906	McGill0002
0	0.739130406028748	0.410994764397906	0.41101233353245	McGill0002
0	0.748792283666879	0.41101233353245	0.411029902666995	McGill0002
0	0.763285026637493	0.411029902666995	0.411047471801539	McGill0002
0	0.792270512586426	0.411047471801539	0.411065040936083	McGill0002
0	0.782608708432952	0.411065040936083	0.411082610070628	McGill0002
0	0.787439647250091	0.411082610070628	0.411100179205172	McGill0002
0	0.763285026637493	0.411100179205172	0.411152886608806	McGill0002
0	0.743961344845888	0.411152886608806	0.41117045574335	McGill0002
0	0.748792283666879	0.41117045574335	0.411188024877895	McGill0002
0	0.758454087820354	0.411188024877895	0.411205594012439	McGill0002
0	0.772946830794821	0.411205594012439	0.411223163146983	McGill0002
0	0.763285026637493	0.411223163146983	0.411258301416072	McGill0002
0	0.739130406028748	0.411258301416072	0.411275870550617	McGill0002
0	0.734299540692413	0.411275870550617	0.411293439685161	McGill0002
0	0.739130406028748	0.411293439685161	0.411311008819706	McGill0002
0	0.734299540692413	0.411311008819706	0.41132857795425	McGill0002
0	0.724637663054282	0.41132857795425	0.411363716223339	McGill0002
0	0.719806797717946	0.411363716223339	0.411381285357883	McGill0002
0	0.710144920083668	0.411381285357883	0.411398854492428	McGill0002
0	0.714975858900807	0.411398854492428	0.411416423626972	McGill0002
0	0.724637663054282	0.411416423626972	0.411433992761517	McGill0002
0	0.734299540692413	0.411433992761517	0.411451561896061	McGill0002
0	0.729468601875273	0.411451561896061	0.411469131030605	McGill0002
0	0.743961344845888	0.411469131030605	0.41148670016515	McGill0002
0	0.748792283666879	0.41148670016515	0.411504269299694	McGill0002
0	0.743961344845888	0.411504269299694	0.411521838434239	McGill0002
0	0.768115965458485	0.411521838434239	0.411556976703328	McGill0002
0	0.763285026637493	0.411556976703328	0.411574545837872	McGill0002
0	0.758454087820354	0.411574545837872	0.411609684106961	McGill0002
0	0.763285026637493	0.411609684106961	0.411627253241505	McGill0002
0	0.772946830794821	0.411627253241505	0.41164482237605	McGill0002
0	0.748792283666879	0.41164482237605	0.411662391510594	McGill0002
0	0.753623222484019	0.411662391510594	0.411679960645139	McGill0002
0	0.748792283666879	0.411679960645139	0.411732668048772	McGill0002
0	0.753623222484019	0.411732668048772	0.411767806317861	McGill0002
0	0.739130406028748	0.411767806317861	0.41180294458695	McGill0002
0	0.743961344845888	0.41180294458695	0.411820513721494	McGill0002
0	0.758454087820354	0.411820513721494	0.411838082856039	McGill0002
0	0.753623222484019	0.411838082856039	0.411855651990583	McGill0002
0	0.763285026637493	0.411855651990583	0.411873221125127	McGill0002
0	0.768115965458485	0.411873221125127	0.411890790259672	McGill0002
0	0.787439647250091	0.411890790259672	0.411908359394216	McGill0002
0	0.792270512586426	0.411908359394216	0.411943497663305	McGill0002
0	0.801932390224557	0.411943497663305	0.411978635932394	McGill0002
0	0.821256072016163	0.411978635932394	0.412031343336027	McGill0002
0	0.816425133195172	0.412031343336027	0.412048912470572	McGill0002
0	0.811594194378032	0.412048912470572	0.412066481605116	McGill0002
0	0.801932390224557	0.412066481605116	0.412084050739661	McGill0002
0	0.826086937352499	0.412084050739661	0.412101619874205	McGill0002
0	0.835748814986778	0.412101619874205	0.41211918900875	McGill0002
0	0.830917876169638	0.41211918900875	0.412136758143294	McGill0002
0	0.835748814986778	0.412136758143294	0.412154327277838	McGill0002
0	0.86956523975285	0.412154327277838	0.412189465546927	McGill0002
0	0.859903362118571	0.412189465546927	0.412207034681472	McGill0002
0	0.864734300935711	0.412207034681472	0.412224603816016	McGill0002
0	0.86956523975285	0.412224603816016	0.412259742085105	McGill0002
0	0.864734300935711	0.412259742085105	0.412277311219649	McGill0002
0	0.874396105093038	0.412277311219649	0.412294880354194	McGill0002
0	0.888888921544456	0.412294880354194	0.412312449488738	McGill0002
0	0.859903362118571	0.412312449488738	0.412330018623283	McGill0002
0	0.835748814986778	0.412330018623283	0.412347587757827	McGill0002
0	0.840579680326965	0.412347587757827	0.412382726026916	McGill0002
0	0.845410619144105	0.412382726026916	0.41240029516146	McGill0002
0	0.826086937352499	0.41240029516146	0.412417864296005	McGill0002
0	0.835748814986778	0.412417864296005	0.412435433430549	McGill0002
0	0.840579680326965	0.412435433430549	0.412453002565094	McGill0002
0	0.845410619144105	0.412453002565094	0.412488140834182	McGill0002
0	0.86956523975285	0.412488140834182	0.412505709968727	McGill0002
0	0.859903362118571	0.412505709968727	0.412523279103271	McGill0002
0	0.855072496778383	0.412523279103271	0.412540848237816	McGill0002
0	0.864734300935711	0.412540848237816	0.41255841737236	McGill0002
0	0.845410619144105	0.41255841737236	0.412575986506905	McGill0002
0	0.835748814986778	0.412575986506905	0.412611124775994	McGill0002
0	0.826086937352499	0.412611124775994	0.412628693910538	McGill0002
0	0.811594194378032	0.412628693910538	0.412646263045082	McGill0002
0	0.782608708432952	0.412646263045082	0.412663832179627	McGill0002
0	0.77777776961196	0.412663832179627	0.412681401314171	McGill0002
0	0.768115965458485	0.412681401314171	0.412698970448716	McGill0002
0	0.758454087820354	0.412698970448716	0.412734108717805	McGill0002
0	0.763285026637493	0.412734108717805	0.412751677852349	McGill0002
0	0.753623222484019	0.412751677852349	0.412769246986893	McGill0002
0	0.729468601875273	0.412769246986893	0.412786816121438	McGill0002
0	0.739130406028748	0.412786816121438	0.412804385255982	McGill0002
0	0.743961344845888	0.412804385255982	0.412857092659616	McGill0002
0	0.768115965458485	0.412857092659616	0.412892230928705	McGill0002
0	0.772946830794821	0.412892230928705	0.412927369197793	McGill0002
0	0.77777776961196	0.412927369197793	0.412944938332338	McGill0002
0	0.763285026637493	0.412944938332338	0.412962507466882	McGill0002
0	0.748792283666879	0.412962507466882	0.413015214870515	McGill0002
0	0.758454087820354	0.413015214870515	0.41303278400506	McGill0002
0	0.772946830794821	0.41303278400506	0.413067922274149	McGill0002
0	0.763285026637493	0.413067922274149	0.413103060543238	McGill0002
0	0.787439647250091	0.413103060543238	0.413120629677782	McGill0002
0	0.792270512586426	0.413120629677782	0.413138198812327	McGill0002
0	0.797101451403566	0.413138198812327	0.413155767946871	McGill0002
0	0.792270512586426	0.413155767946871	0.413173337081415	McGill0002
0	0.787439647250091	0.413173337081415	0.41319090621596	McGill0002
0	0.806763255560893	0.41319090621596	0.413208475350504	McGill0002
0	0.797101451403566	0.413208475350504	0.413243613619593	McGill0002
0	0.801932390224557	0.413243613619593	0.413296321023226	McGill0002
0	0.821256072016163	0.413296321023226	0.413313890157771	McGill0002
0	0.826086937352499	0.413313890157771	0.413331459292315	McGill0002
0	0.830917876169638	0.413331459292315	0.41334902842686	McGill0002
0	0.821256072016163	0.41334902842686	0.413366597561404	McGill0002
0	0.811594194378032	0.413366597561404	0.413384166695949	McGill0002
0	0.801932390224557	0.413384166695949	0.413419304965037	McGill0002
0	0.797101451403566	0.413419304965037	0.413436874099582	McGill0002
0	0.782608708432952	0.413436874099582	0.413454443234126	McGill0002
0	0.787439647250091	0.413454443234126	0.413472012368671	McGill0002
0	0.782608708432952	0.413472012368671	0.41350715063776	McGill0002
0	0.787439647250091	0.41350715063776	0.413524719772304	McGill0002
0	0.768115965458485	0.413524719772304	0.413542288906849	McGill0002
0	0.763285026637493	0.413542288906849	0.413559858041393	McGill0002
0	0.768115965458485	0.413559858041393	0.413577427175937	McGill0002
0	0.763285026637493	0.413577427175937	0.413612565445026	McGill0002
0	0.753623222484019	0.413612565445026	0.413630134579571	McGill0002
0	0.743961344845888	0.413630134579571	0.413647703714115	McGill0002
0	0.719806797717946	0.413647703714115	0.413665272848659	McGill0002
0	0.724637663054282	0.413665272848659	0.413700411117748	McGill0002
0	0.714975858900807	0.413700411117748	0.413717980252293	McGill0002
0	0.705313981262676	0.413717980252293	0.413735549386837	McGill0002
0	0.695652177109201	0.413735549386837	0.413753118521382	McGill0002
0	0.719806797717946	0.413753118521382	0.413770687655926	McGill0002
0	0.729468601875273	0.413770687655926	0.413805825925015	McGill0002
0	0.734299540692413	0.413805825925015	0.413840964194104	McGill0002
0	0.705313981262676	0.413840964194104	0.413858533328648	McGill0002
0	0.714975858900807	0.413858533328648	0.413876102463193	McGill0002
0	0.734299540692413	0.413876102463193	0.413893671597737	McGill0002
0	0.743961344845888	0.413893671597737	0.413911240732282	McGill0002
0	0.719806797717946	0.413911240732282	0.41394637900137	McGill0002
0	0.748792283666879	0.41394637900137	0.413999086405004	McGill0002
0	0.734299540692413	0.413999086405004	0.414016655539548	McGill0002
0	0.753623222484019	0.414016655539548	0.414034224674093	McGill0002
0	0.758454087820354	0.414034224674093	0.414051793808637	McGill0002
0	0.753623222484019	0.414051793808637	0.414086932077726	McGill0002
0	0.743961344845888	0.414086932077726	0.41410450121227	McGill0002
0	0.739130406028748	0.41410450121227	0.414122070346815	McGill0002
0	0.729468601875273	0.414122070346815	0.414139639481359	McGill0002
0	0.743961344845888	0.414139639481359	0.414174777750448	McGill0002
0	0.753623222484019	0.414174777750448	0.414192346884992	McGill0002
0	0.748792283666879	0.414192346884992	0.414209916019537	McGill0002
0	0.734299540692413	0.414209916019537	0.414227485154081	McGill0002
0	0.719806797717946	0.414227485154081	0.414245054288626	McGill0002
0	0.710144920083668	0.414245054288626	0.414297761692259	McGill0002
0	0.719806797717946	0.414297761692259	0.414315330826804	McGill0002
0	0.724637663054282	0.414315330826804	0.414332899961348	McGill0002
0	0.734299540692413	0.414332899961348	0.414350469095892	McGill0002
0	0.743961344845888	0.414350469095892	0.414368038230437	McGill0002
0	0.734299540692413	0.414368038230437	0.414403176499526	McGill0002
0	0.724637663054282	0.414403176499526	0.41442074563407	McGill0002
0	0.719806797717946	0.41442074563407	0.414455883903159	McGill0002
0	0.734299540692413	0.414455883903159	0.414473453037703	McGill0002
0	0.724637663054282	0.414473453037703	0.414491022172248	McGill0002
0	0.729468601875273	0.414491022172248	0.414508591306792	McGill0002
0	0.719806797717946	0.414508591306792	0.414526160441337	McGill0002
0	0.710144920083668	0.414526160441337	0.414543729575881	McGill0002
0	0.695652177109201	0.414543729575881	0.41457886784497	McGill0002
0	0.685990372951874	0.41457886784497	0.414614006114059	McGill0002
0	0.690821238288209	0.414614006114059	0.414631575248603	McGill0002
0	0.681159434134735	0.414631575248603	0.414649144383148	McGill0002
0	0.690821238288209	0.414649144383148	0.414666713517692	McGill0002
0	0.695652177109201	0.414666713517692	0.414719420921325	McGill0002
0	0.690821238288209	0.414719420921325	0.41473699005587	McGill0002
0	0.70048311592634	0.41473699005587	0.414754559190414	McGill0002
0	0.710144920083668	0.414754559190414	0.414772128324959	McGill0002
0	0.695652177109201	0.414772128324959	0.414789697459503	McGill0002
0	0.710144920083668	0.414789697459503	0.414807266594048	McGill0002
0	0.70048311592634	0.414807266594048	0.414824835728592	McGill0002
0	0.705313981262676	0.414824835728592	0.414842404863136	McGill0002
0	0.695652177109201	0.414842404863136	0.414877543132225	McGill0002
0	0.681159434134735	0.414877543132225	0.414930250535859	McGill0002
0	0.661835752343129	0.414930250535859	0.414965388804947	McGill0002
0	0.652173948185801	0.414965388804947	0.414982957939492	McGill0002
0	0.642512070551523	0.414982957939492	0.415000527074036	McGill0002
0	0.637681131734384	0.415000527074036	0.415035665343125	McGill0002
0	0.628019327577056	0.415035665343125	0.41505323447767	McGill0002
0	0.618357523419729	0.41505323447767	0.415088372746759	McGill0002
0	0.61352658460259	0.415088372746759	0.415105941881303	McGill0002
0	0.623188388759917	0.415105941881303	0.415123511015847	McGill0002
0	0.632850266394196	0.415123511015847	0.415141080150392	McGill0002
0	0.637681131734384	0.415141080150392	0.415158649284936	McGill0002
0	0.642512070551523	0.415158649284936	0.415228925823114	McGill0002
0	0.637681131734384	0.415228925823114	0.415264064092203	McGill0002
0	0.632850266394196	0.415264064092203	0.415281633226747	McGill0002
0	0.637681131734384	0.415281633226747	0.415299202361292	McGill0002
0	0.642512070551523	0.415299202361292	0.415351909764925	McGill0002
0	0.652173948185801	0.415351909764925	0.415369478899469	McGill0002
0	0.647343009368662	0.415369478899469	0.415387048034014	McGill0002
0	0.661835752343129	0.415387048034014	0.415404617168558	McGill0002
0	0.657004813525989	0.415404617168558	0.415422186303103	McGill0002
0	0.661835752343129	0.415422186303103	0.415439755437647	McGill0002
0	0.657004813525989	0.415439755437647	0.415474893706736	McGill0002
0	0.661835752343129	0.415474893706736	0.41549246284128	McGill0002
0	0.642512070551523	0.41549246284128	0.415510031975825	McGill0002
0	0.618357523419729	0.415510031975825	0.415527601110369	McGill0002
0	0.628019327577056	0.415527601110369	0.415545170244914	McGill0002
0	0.618357523419729	0.415545170244914	0.415562739379458	McGill0002
0	0.60869564578545	0.415562739379458	0.415580308514003	McGill0002
0	0.61352658460259	0.415580308514003	0.415597877648547	McGill0002
0	0.603864743704861	0.415597877648547	0.415615446783091	McGill0002
0	0.584541061913255	0.415615446783091	0.415633015917636	McGill0002
0	0.579710159836517	0.415633015917636	0.41565058505218	McGill0002
0	0.570048318938788	0.41565058505218	0.415668154186725	McGill0002
0	0.565217380121649	0.415668154186725	0.415685723321269	McGill0002
0	0.570048318938788	0.415685723321269	0.415703292455814	McGill0002
0	0.531400955355577	0.415703292455814	0.415738430724903	McGill0002
0	0.536231894172716	0.415738430724903	0.415755999859447	McGill0002
0	0.541062796253306	0.415755999859447	0.415773568993991	McGill0002
0	0.51690821238111	0.415773568993991	0.415791138128536	McGill0002
0	0.5217391144617	0.415791138128536	0.41580870726308	McGill0002
0	0.526570053278839	0.41580870726308	0.415843845532169	McGill0002
0	0.5217391144617	0.415843845532169	0.415861414666714	McGill0002
0	0.526570053278839	0.415861414666714	0.415878983801258	McGill0002
0	0.531400955355577	0.415878983801258	0.415896552935802	McGill0002
0	0.526570053278839	0.415896552935802	0.415931691204891	McGill0002
0	0.5217391144617	0.415931691204891	0.415949260339436	McGill0002
0	0.51690821238111	0.415949260339436	0.415984398608525	McGill0002
0	0.507246371487233	0.415984398608525	0.416001967743069	McGill0002
0	0.497584530589504	0.416001967743069	0.416037106012158	McGill0002
0	0.5217391144617	0.416037106012158	0.416054675146702	McGill0002
0	0.507246371487233	0.416054675146702	0.416072244281247	McGill0002
0	0.502415469410496	0.416072244281247	0.416089813415791	McGill0002
0	0.492753628512767	0.416089813415791	0.416107382550336	McGill0002
0	0.502415469410496	0.416107382550336	0.41612495168488	McGill0002
0	0.512077310304373	0.41612495168488	0.416142520819424	McGill0002
0	0.502415469410496	0.416142520819424	0.416160089953969	McGill0002
0	0.492753628512767	0.416160089953969	0.416177659088513	McGill0002
0	0.48309178761889	0.416177659088513	0.416195228223058	McGill0002
0	0.4782608855383	0.416195228223058	0.416212797357602	McGill0002
0	0.468599044644424	0.416212797357602	0.416230366492147	McGill0002
0	0.463768105827284	0.416230366492147	0.416247935626691	McGill0002
0	0.458937203746694	0.416247935626691	0.416335781299413	McGill0002
0	0.463768105827284	0.416335781299413	0.416370919568502	McGill0002
0	0.449275362852818	0.416370919568502	0.416388488703047	McGill0002
0	0.439613521955089	0.416388488703047	0.416406057837591	McGill0002
0	0.434782619878351	0.416406057837591	0.416423626972135	McGill0002
0	0.458937203746694	0.416423626972135	0.416458765241224	McGill0002
0	0.454106264929555	0.416458765241224	0.416493903510313	McGill0002
0	0.449275362852818	0.416493903510313	0.416511472644858	McGill0002
0	0.439613521955089	0.416511472644858	0.416529041779402	McGill0002
0	0.425120778980622	0.416529041779402	0.416546610913946	McGill0002
0	0.415458938086745	0.416546610913946	0.416564180048491	McGill0002
0	0.420289840163483	0.416564180048491	0.416581749183035	McGill0002
0	0.410628036006155	0.416581749183035	0.41659931831758	McGill0002
0	0.405797097189016	0.41659931831758	0.416634456586669	McGill0002
0	0.400966195112279	0.416634456586669	0.416652025721213	McGill0002
0	0.410628036006155	0.416652025721213	0.416704733124846	McGill0002
0	0.415458938086745	0.416704733124846	0.416722302259391	McGill0002
0	0.405797097189016	0.416722302259391	0.416739871393935	McGill0002
0	0.434782619878351	0.416739871393935	0.416792578797568	McGill0002
0	0.439613521955089	0.416792578797568	0.416827717066657	McGill0002
0	0.429951681061212	0.416827717066657	0.416862855335746	McGill0002
0	0.425120778980622	0.416862855335746	0.416880424470291	McGill0002
0	0.415458938086745	0.416880424470291	0.416915562739379	McGill0002
0	0.410628036006155	0.416915562739379	0.416933131873924	McGill0002
0	0.429951681061212	0.416933131873924	0.416950701008468	McGill0002
0	0.410628036006155	0.416950701008468	0.416968270143013	McGill0002
0	0.415458938086745	0.416968270143013	0.416985839277557	McGill0002
0	0.410628036006155	0.416985839277557	0.417038546681191	McGill0002
0	0.400966195112279	0.417038546681191	0.417056115815735	McGill0002
0	0.429951681061212	0.417056115815735	0.417091254084824	McGill0002
0	0.425120778980622	0.417091254084824	0.417143961488457	McGill0002
0	0.415458938086745	0.417143961488457	0.417161530623002	McGill0002
0	0.410628036006155	0.417161530623002	0.417179099757546	McGill0002
0	0.400966195112279	0.417179099757546	0.417214238026635	McGill0002
0	0.396135256295139	0.417214238026635	0.417231807161179	McGill0002
0	0.405797097189016	0.417231807161179	0.417266945430268	McGill0002
0	0.410628036006155	0.417266945430268	0.417284514564813	McGill0002
0	0.415458938086745	0.417284514564813	0.417337221968446	McGill0002
0	0.429951681061212	0.417337221968446	0.41735479110299	McGill0002
0	0.425120778980622	0.41735479110299	0.417407498506624	McGill0002
0	0.434782619878351	0.417407498506624	0.417425067641168	McGill0002
0	0.429951681061212	0.417425067641168	0.417477775044801	McGill0002
0	0.425120778980622	0.417477775044801	0.417495344179346	McGill0002
0	0.415458938086745	0.417495344179346	0.41751291331389	McGill0002
0	0.420289840163483	0.41751291331389	0.417530482448435	McGill0002
0	0.400966195112279	0.417530482448435	0.417548051582979	McGill0002
0	0.396135256295139	0.417548051582979	0.417565620717523	McGill0002
0	0.425120778980622	0.417565620717523	0.417583189852068	McGill0002
0	0.434782619878351	0.417583189852068	0.417600758986612	McGill0002
0	0.439613521955089	0.417600758986612	0.417618328121157	McGill0002
0	0.434782619878351	0.417618328121157	0.417635897255701	McGill0002
0	0.425120778980622	0.417635897255701	0.417653466390246	McGill0002
0	0.415458938086745	0.417653466390246	0.417688604659335	McGill0002
0	0.405797097189016	0.417688604659335	0.417741312062968	McGill0002
0	0.396135256295139	0.417741312062968	0.417758881197512	McGill0002
0	0.400966195112279	0.417758881197512	0.417794019466601	McGill0002
0	0.38647341539741	0.417794019466601	0.417811588601146	McGill0002
0	0.381642513319517	0.417811588601146	0.417846726870234	McGill0002
0	0.376811611241624	0.417846726870234	0.417864296004779	McGill0002
0	0.367149770345436	0.417864296004779	0.417881865139323	McGill0002
0	0.357487929449633	0.417881865139323	0.417952141677501	McGill0002
0	0.376811611241624	0.417952141677501	0.417969710812045	McGill0002
0	0.381642513319517	0.417969710812045	0.41798727994659	McGill0002
0	0.38647341539741	0.41798727994659	0.418004849081134	McGill0002
0	0.39130435421455	0.418004849081134	0.418092694753856	McGill0002
0	0.381642513319517	0.418092694753856	0.418110263888401	McGill0002
0	0.38647341539741	0.418110263888401	0.41814540215749	McGill0002
0	0.39130435421455	0.41814540215749	0.418162971292034	McGill0002
0	0.38647341539741	0.418162971292034	0.418180540426579	McGill0002
0	0.376811611241624	0.418180540426579	0.418198109561123	McGill0002
0	0.371980672423714	0.418198109561123	0.418268386099301	McGill0002
0	0.376811611241624	0.418268386099301	0.418321093502934	McGill0002
0	0.371980672423714	0.418321093502934	0.418338662637478	McGill0002
0	0.376811611241624	0.418338662637478	0.418356231772023	McGill0002
0	0.38647341539741	0.418356231772023	0.418408939175656	McGill0002
0	0.381642513319517	0.418408939175656	0.418444077444745	McGill0002
0	0.376811611241624	0.418444077444745	0.41846164657929	McGill0002
0	0.371980672423714	0.41846164657929	0.418479215713834	McGill0002
0	0.376811611241624	0.418479215713834	0.418496784848378	McGill0002
0	0.362318831527911	0.418496784848378	0.418531923117467	McGill0002
0	0.367149770345436	0.418531923117467	0.418549492252012	McGill0002
0	0.362318831527911	0.418549492252012	0.418567061386556	McGill0002
0	0.371980672423714	0.418567061386556	0.4185846305211	McGill0002
0	0.367149770345436	0.4185846305211	0.418602199655645	McGill0002
0	0.371980672423714	0.418602199655645	0.418637337924734	McGill0002
0	0.376811611241624	0.418637337924734	0.418654907059278	McGill0002
0	0.38647341539741	0.418654907059278	0.418672476193823	McGill0002
0	0.376811611241624	0.418672476193823	0.418690045328367	McGill0002
0	0.371980672423714	0.418690045328367	0.418725183597456	McGill0002
0	0.376811611241624	0.418725183597456	0.418777891001089	McGill0002
0	0.371980672423714	0.418777891001089	0.418795460135634	McGill0002
0	0.362318831527911	0.418795460135634	0.418813029270178	McGill0002
0	0.328502406762224	0.418813029270178	0.418848167539267	McGill0002
0	0.333333345579749	0.418848167539267	0.418865736673811	McGill0002
0	0.34782608855383	0.418865736673811	0.418883305808356	McGill0002
0	0.338164247658027	0.418883305808356	0.418971151481078	McGill0002
0	0.342995186475552	0.418971151481078	0.418988720615623	McGill0002
0	0.328502406762224	0.418988720615623	0.419023858884711	McGill0002
0	0.318840565866421	0.419023858884711	0.419041428019256	McGill0002
0	0.323671504683946	0.419041428019256	0.419076566288345	McGill0002
0	0.318840565866421	0.419076566288345	0.419094135422889	McGill0002
0	0.309178761709864	0.419094135422889	0.419111704557434	McGill0002
0	0.318840565866421	0.419111704557434	0.419129273691978	McGill0002
0	0.314009663788143	0.419129273691978	0.419146842826522	McGill0002
0	0.318840565866421	0.419146842826522	0.419164411961067	McGill0002
0	0.323671504683946	0.419164411961067	0.419181981095611	McGill0002
0	0.318840565866421	0.419181981095611	0.419199550230156	McGill0002
0	0.309178761709864	0.419199550230156	0.419234688499245	McGill0002
0	0.30434782289234	0.419234688499245	0.419252257633789	McGill0002
0	0.294686000365968	0.419252257633789	0.419269826768333	McGill0002
0	0.280193239022456	0.419269826768333	0.419287395902878	McGill0002
0	0.289855079918259	0.419287395902878	0.419322534171967	McGill0002
0	0.270531398126268	0.419322534171967	0.419357672441056	McGill0002
0	0.280193239022456	0.419357672441056	0.4193752415756	McGill0002
0	0.289855079918259	0.4193752415756	0.419410379844689	McGill0002
0	0.294686000365968	0.419410379844689	0.419463087248322	McGill0002
0	0.299516902444246	0.419463087248322	0.419480656382867	McGill0002
0	0.30434782289234	0.419480656382867	0.419498225517411	McGill0002
0	0.309178761709864	0.419498225517411	0.419515794651955	McGill0002
0	0.299516902444246	0.419515794651955	0.4195333637865	McGill0002
0	0.30434782289234	0.4195333637865	0.419550932921044	McGill0002
0	0.314009663788143	0.419550932921044	0.419568502055589	McGill0002
0	0.318840565866421	0.419568502055589	0.419586071190133	McGill0002
0	0.314009663788143	0.419586071190133	0.419621209459222	McGill0002
0	0.323671504683946	0.419621209459222	0.419638778593767	McGill0002
0	0.328502406762224	0.419638778593767	0.419656347728311	McGill0002
0	0.333333345579749	0.419656347728311	0.4196914859974	McGill0002
0	0.342995186475552	0.4196914859974	0.419709055131944	McGill0002
0	0.323671504683946	0.419709055131944	0.419726624266489	McGill0002
0	0.328502406762224	0.419726624266489	0.419744193401033	McGill0002
0	0.323671504683946	0.419744193401033	0.419779331670122	McGill0002
0	0.333333345579749	0.419779331670122	0.419796900804666	McGill0002
0	0.338164247658027	0.419796900804666	0.419832039073755	McGill0002
0	0.342995186475552	0.419832039073755	0.4198496082083	McGill0002
0	0.338164247658027	0.4198496082083	0.419902315611933	McGill0002
0	0.342995186475552	0.419902315611933	0.419937453881022	McGill0002
0	0.338164247658027	0.419937453881022	0.419955023015566	McGill0002
0	0.342995186475552	0.419955023015566	0.419972592150111	McGill0002
0	0.352656990632108	0.419972592150111	0.419990161284655	McGill0002
0	0.34782608855383	0.419990161284655	0.420042868688288	McGill0002
0	0.357487929449633	0.420042868688288	0.420060437822833	McGill0002
0	0.352656990632108	0.420060437822833	0.420113145226466	McGill0002
0	0.333333345579749	0.420113145226466	0.420165852630099	McGill0002
0	0.342995186475552	0.420165852630099	0.420218560033733	McGill0002
0	0.338164247658027	0.420218560033733	0.420236129168277	McGill0002
0	0.34782608855383	0.420236129168277	0.420253698302822	McGill0002
0	0.342995186475552	0.420253698302822	0.42028883657191	McGill0002
0	0.338164247658027	0.42028883657191	0.420306405706455	McGill0002
0	0.34782608855383	0.420306405706455	0.420323974840999	McGill0002
0	0.338164247658027	0.420323974840999	0.420359113110088	McGill0002
0	0.333333345579749	0.420359113110088	0.420376682244633	McGill0002
0	0.34782608855383	0.420376682244633	0.420394251379177	McGill0002
0	0.333333345579749	0.420394251379177	0.420429389648266	McGill0002
0	0.338164247658027	0.420429389648266	0.42044695878281	McGill0002
0	0.328502406762224	0.42044695878281	0.420464527917355	McGill0002
0	0.338164247658027	0.420464527917355	0.420482097051899	McGill0002
0	0.342995186475552	0.420482097051899	0.420569942724621	McGill0002
0	0.34782608855383	0.420569942724621	0.420587511859166	McGill0002
0	0.352656990632108	0.420587511859166	0.42060508099371	McGill0002
0	0.34782608855383	0.42060508099371	0.420622650128255	McGill0002
0	0.338164247658027	0.420622650128255	0.420692926666432	McGill0002
0	0.34782608855383	0.420692926666432	0.420710495800977	McGill0002
0	0.342995186475552	0.420710495800977	0.420780772339155	McGill0002
0	0.338164247658027	0.420780772339155	0.420798341473699	McGill0002
0	0.333333345579749	0.420798341473699	0.420815910608243	McGill0002
0	0.34782608855383	0.420815910608243	0.420833479742788	McGill0002
0	0.352656990632108	0.420833479742788	0.420851048877332	McGill0002
0	0.362318831527911	0.420851048877332	0.420868618011877	McGill0002
0	0.371980672423714	0.420868618011877	0.420886187146421	McGill0002
0	0.376811611241624	0.420886187146421	0.420903756280966	McGill0002
0	0.371980672423714	0.420903756280966	0.42092132541551	McGill0002
0	0.376811611241624	0.42092132541551	0.420956463684599	McGill0002
0	0.381642513319517	0.420956463684599	0.420974032819143	McGill0002
0	0.39130435421455	0.420974032819143	0.421026740222777	McGill0002
0	0.381642513319517	0.421026740222777	0.421061878491865	McGill0002
0	0.376811611241624	0.421061878491865	0.42107944762641	McGill0002
0	0.381642513319517	0.42107944762641	0.421114585895499	McGill0002
0	0.376811611241624	0.421114585895499	0.421132155030043	McGill0002
0	0.367149770345436	0.421132155030043	0.421149724164588	McGill0002
0	0.362318831527911	0.421149724164588	0.421167293299132	McGill0002
0	0.357487929449633	0.421167293299132	0.421184862433677	McGill0002
0	0.38647341539741	0.421184862433677	0.421290277240943	McGill0002
0	0.371980672423714	0.421290277240943	0.421307846375488	McGill0002
0	0.381642513319517	0.421307846375488	0.421325415510032	McGill0002
0	0.38647341539741	0.421325415510032	0.421360553779121	McGill0002
0	0.39130435421455	0.421360553779121	0.42139569204821	McGill0002
0	0.38647341539741	0.42139569204821	0.421430830317299	McGill0002
0	0.381642513319517	0.421430830317299	0.421448399451843	McGill0002
0	0.362318831527911	0.421448399451843	0.421518675990021	McGill0002
0	0.352656990632108	0.421518675990021	0.421536245124565	McGill0002
0	0.34782608855383	0.421536245124565	0.421641659931832	McGill0002
0	0.352656990632108	0.421641659931832	0.421659229066376	McGill0002
0	0.338164247658027	0.421659229066376	0.421676798200921	McGill0002
0	0.342995186475552	0.421676798200921	0.421694367335465	McGill0002
0	0.338164247658027	0.421694367335465	0.421711936470009	McGill0002
0	0.333333345579749	0.421711936470009	0.421729505604554	McGill0002
0	0.338164247658027	0.421729505604554	0.421782213008187	McGill0002
0	0.34782608855383	0.421782213008187	0.421799782142732	McGill0002
0	0.338164247658027	0.421799782142732	0.421817351277276	McGill0002
0	0.342995186475552	0.421817351277276	0.421834920411821	McGill0002
0	0.338164247658027	0.421834920411821	0.421870058680909	McGill0002
0	0.352656990632108	0.421870058680909	0.421940335219087	McGill0002
0	0.34782608855383	0.421940335219087	0.421957904353632	McGill0002
0	0.362318831527911	0.421957904353632	0.421975473488176	McGill0002
0	0.367149770345436	0.421975473488176	0.42199304262272	McGill0002
0	0.371980672423714	0.42199304262272	0.422045750026354	McGill0002
0	0.367149770345436	0.422045750026354	0.422063319160898	McGill0002
0	0.362318831527911	0.422063319160898	0.422080888295443	McGill0002
0	0.371980672423714	0.422080888295443	0.422098457429987	McGill0002
0	0.367149770345436	0.422098457429987	0.42215116483362	McGill0002
0	0.371980672423714	0.42215116483362	0.422168733968165	McGill0002
0	0.376811611241624	0.422168733968165	0.422186303102709	McGill0002
0	0.371980672423714	0.422186303102709	0.422203872237254	McGill0002
0	0.38647341539741	0.422203872237254	0.422221441371798	McGill0002
0	0.39130435421455	0.422221441371798	0.422239010506342	McGill0002
0	0.38647341539741	0.422239010506342	0.422256579640887	McGill0002
0	0.381642513319517	0.422256579640887	0.422291717909976	McGill0002
0	0.38647341539741	0.422291717909976	0.422326856179065	McGill0002
0	0.39130435421455	0.422326856179065	0.422344425313609	McGill0002
0	0.38647341539741	0.422344425313609	0.422397132717242	McGill0002
0	0.39130435421455	0.422397132717242	0.422432270986331	McGill0002
0	0.376811611241624	0.422432270986331	0.422484978389965	McGill0002
0	0.38647341539741	0.422484978389965	0.422502547524509	McGill0002
0	0.381642513319517	0.422502547524509	0.422555254928142	McGill0002
0	0.376811611241624	0.422555254928142	0.422590393197231	McGill0002
0	0.371980672423714	0.422590393197231	0.422607962331776	McGill0002
0	0.34782608855383	0.422607962331776	0.42262553146632	McGill0002
0	0.333333345579749	0.42262553146632	0.422678238869953	McGill0002
0	0.328502406762224	0.422678238869953	0.422695808004498	McGill0002
0	0.333333345579749	0.422695808004498	0.422713377139042	McGill0002
0	0.342995186475552	0.422713377139042	0.422730946273587	McGill0002
0	0.338164247658027	0.422730946273587	0.422801222811764	McGill0002
0	0.333333345579749	0.422801222811764	0.422836361080853	McGill0002
0	0.323671504683946	0.422836361080853	0.422853930215398	McGill0002
0	0.338164247658027	0.422853930215398	0.422871499349942	McGill0002
0	0.328502406762224	0.422871499349942	0.422906637619031	McGill0002
0	0.333333345579749	0.422906637619031	0.42294177588812	McGill0002
0	0.318840565866421	0.42294177588812	0.422959345022664	McGill0002
0	0.323671504683946	0.422959345022664	0.422976914157209	McGill0002
0	0.314009663788143	0.422976914157209	0.422994483291753	McGill0002
0	0.309178761709864	0.422994483291753	0.423012052426297	McGill0002
0	0.314009663788143	0.423012052426297	0.423047190695386	McGill0002
0	0.30434782289234	0.423047190695386	0.423064759829931	McGill0002
0	0.299516902444246	0.423064759829931	0.423117467233564	McGill0002
0	0.294686000365968	0.423117467233564	0.423135036368109	McGill0002
0	0.299516902444246	0.423135036368109	0.423170174637197	McGill0002
0	0.289855079918259	0.423170174637197	0.423187743771742	McGill0002
0	0.299516902444246	0.423187743771742	0.423222882040831	McGill0002
0	0.30434782289234	0.423222882040831	0.42325802030992	McGill0002
0	0.309178761709864	0.42325802030992	0.423293158579008	McGill0002
0	0.30434782289234	0.423293158579008	0.423310727713553	McGill0002
0	0.309178761709864	0.423310727713553	0.423328296848097	McGill0002
0	0.314009663788143	0.423328296848097	0.423363435117186	McGill0002
0	0.309178761709864	0.423363435117186	0.423381004251731	McGill0002
0	0.318840565866421	0.423381004251731	0.423398573386275	McGill0002
0	0.314009663788143	0.423398573386275	0.423416142520819	McGill0002
0	0.309178761709864	0.423416142520819	0.423451280789908	McGill0002
0	0.30434782289234	0.423451280789908	0.423468849924453	McGill0002
0	0.309178761709864	0.423468849924453	0.423486419058997	McGill0002
0	0.30434782289234	0.423486419058997	0.423521557328086	McGill0002
0	0.294686000365968	0.423521557328086	0.423539126462631	McGill0002
0	0.289855079918259	0.423539126462631	0.423556695597175	McGill0002
0	0.285024159470165	0.423556695597175	0.423626972135353	McGill0002
0	0.270531398126268	0.423626972135353	0.423662110404441	McGill0002
0	0.260869557230465	0.423662110404441	0.423679679538986	McGill0002
0	0.270531398126268	0.423679679538986	0.42369724867353	McGill0002
0	0.256038655152186	0.42369724867353	0.423714817808075	McGill0002
0	0.251207734704477	0.423714817808075	0.423802663480797	McGill0002
0	0.246376814256383	0.423802663480797	0.423820232615341	McGill0002
0	0.251207734704477	0.423820232615341	0.423837801749886	McGill0002
0	0.241545893808675	0.423837801749886	0.423872940018975	McGill0002
0	0.23671497336058	0.423872940018975	0.423908078288064	McGill0002
0	0.231884052912872	0.423908078288064	0.423925647422608	McGill0002
0	0.222222230386499	0.423925647422608	0.423943216557152	McGill0002
0	0.212560389490696	0.423943216557152	0.423960785691697	McGill0002
0	0.207729469042602	0.423960785691697	0.423978354826241	McGill0002
0	0.202898548594893	0.423978354826241	0.424031062229875	McGill0002
0	0.198067628146799	0.424031062229875	0.424066200498963	McGill0002
0	0.202898548594893	0.424066200498963	0.424083769633508	McGill0002
0	0.198067628146799	0.424083769633508	0.424101338768052	McGill0002
0	0.19323670769909	0.424101338768052	0.424118907902597	McGill0002
0	0.188405805620812	0.424118907902597	0.424154046171686	McGill0002
0	0.198067628146799	0.424154046171686	0.424189184440774	McGill0002
0	0.202898548594893	0.424189184440774	0.424224322709863	McGill0002
0	0.198067628146799	0.424224322709863	0.424259460978952	McGill0002
0	0.19323670769909	0.424259460978952	0.424294599248041	McGill0002
0	0.198067628146799	0.424294599248041	0.424312168382586	McGill0002
0	0.202898548594893	0.424312168382586	0.424364875786219	McGill0002
0	0.198067628146799	0.424364875786219	0.424382444920763	McGill0002
0	0.19323670769909	0.424382444920763	0.424435152324396	McGill0002
0	0.188405805620812	0.424435152324396	0.424470290593485	McGill0002
0	0.173913044276915	0.424470290593485	0.424505428862574	McGill0002
0	0.178743964725009	0.424505428862574	0.424610843669841	McGill0002
0	0.169082123828821	0.424610843669841	0.424628412804385	McGill0002
0	0.173913044276915	0.424628412804385	0.42464598193893	McGill0002
0	0.178743964725009	0.42464598193893	0.424681120208019	McGill0002
0	0.183574885172718	0.424681120208019	0.424698689342563	McGill0002
0	0.178743964725009	0.424698689342563	0.424716258477107	McGill0002
0	0.173913044276915	0.424716258477107	0.424768965880741	McGill0002
0	0.169082123828821	0.424768965880741	0.424786535015285	McGill0002
0	0.164251203381112	0.424786535015285	0.424821673284374	McGill0002
0	0.159420282933018	0.424821673284374	0.424839242418918	McGill0002
0	0.169082123828821	0.424839242418918	0.424944657226185	McGill0002
0	0.164251203381112	0.424944657226185	0.424962226360729	McGill0002
0	0.169082123828821	0.424962226360729	0.424997364629818	McGill0002
0	0.159420282933018	0.424997364629818	0.425050072033452	McGill0002
0	0.164251203381112	0.425050072033452	0.425067641167996	McGill0002
0	0.15458938085474	0.425067641167996	0.425102779437085	McGill0002
0	0.149758451222123	0.425102779437085	0.425120348571629	McGill0002
0	0.144927539958937	0.425120348571629	0.425137917706174	McGill0002
0	0.149758451222123	0.425137917706174	0.425173055975263	McGill0002
0	0.144927539958937	0.425173055975263	0.425260901647985	McGill0002
0	0.15458938085474	0.425260901647985	0.425278470782529	McGill0002
0	0.149758451222123	0.425278470782529	0.425313609051618	McGill0002
0	0.15458938085474	0.425313609051618	0.425348747320707	McGill0002
0	0.159420282933018	0.425348747320707	0.425383885589796	McGill0002
0	0.144927539958937	0.425383885589796	0.425436592993429	McGill0002
0	0.140096619511228	0.425436592993429	0.425506869531607	McGill0002
0	0.144927539958937	0.425506869531607	0.425577146069785	McGill0002
0	0.149758451222123	0.425577146069785	0.425664991742507	McGill0002
0	0.15458938085474	0.425664991742507	0.425805544818862	McGill0002
0	0.149758451222123	0.425805544818862	0.425823113953407	McGill0002
0	0.144927539958937	0.425823113953407	0.425910959626129	McGill0002
0	0.135265699063134	0.425910959626129	0.425928528760673	McGill0002
0	0.130434778615425	0.425928528760673	0.425963667029762	McGill0002
0	0.135265699063134	0.425963667029762	0.425998805298851	McGill0002
0	0.144927539958937	0.425998805298851	0.426051512702484	McGill0002
0	0.140096619511228	0.426051512702484	0.426139358375206	McGill0002
0	0.144927539958937	0.426139358375206	0.426209634913384	McGill0002
0	0.149758451222123	0.426209634913384	0.426262342317018	McGill0002
0	0.159420282933018	0.426262342317018	0.426385326258828	McGill0002
0	0.149758451222123	0.426385326258828	0.426402895393373	McGill0002
0	0.144927539958937	0.426402895393373	0.426438033662462	McGill0002
0	0.140096619511228	0.426438033662462	0.426473171931551	McGill0002
0	0.149758451222123	0.426473171931551	0.426578586738817	McGill0002
0	0.144927539958937	0.426578586738817	0.426596155873362	McGill0002
0	0.130434778615425	0.426596155873362	0.426648863276995	McGill0002
0	0.135265699063134	0.426648863276995	0.426666432411539	McGill0002
0	0.125603867352239	0.426666432411539	0.426771847218806	McGill0002
0	0.120772946904145	0.426771847218806	0.426806985487895	McGill0002
0	0.115942026456436	0.426806985487895	0.426824554622439	McGill0002
0	0.120772946904145	0.426824554622439	0.426877262026073	McGill0002
0	0.115942026456436	0.426877262026073	0.426912400295161	McGill0002
0	0.120772946904145	0.426912400295161	0.426982676833339	McGill0002
0	0.125603867352239	0.426982676833339	0.427000245967884	McGill0002
0	0.120772946904145	0.427000245967884	0.427052953371517	McGill0002
0	0.11111111519325	0.427052953371517	0.427070522506061	McGill0002
0	0.115942026456436	0.427070522506061	0.42710566077515	McGill0002
0	0.11111111519325	0.42710566077515	0.427140799044239	McGill0002
0	0.120772946904145	0.427140799044239	0.427175937313328	McGill0002
0	0.125603867352239	0.427175937313328	0.427193506447872	McGill0002
0	0.115942026456436	0.427193506447872	0.427228644716961	McGill0002
0	0.11111111519325	0.427228644716961	0.427298921255139	McGill0002
0	0.106280194745156	0.427298921255139	0.427334059524228	McGill0002
0	0.11111111519325	0.427334059524228	0.427386766927861	McGill0002
0	0.115942026456436	0.427386766927861	0.427439474331494	McGill0002
0	0.11111111519325	0.427439474331494	0.427474612600583	McGill0002
0	0.120772946904145	0.427474612600583	0.427509750869672	McGill0002
0	0.125603867352239	0.427509750869672	0.427527320004217	McGill0002
0	0.130434778615425	0.427527320004217	0.427562458273305	McGill0002
0	0.125603867352239	0.427562458273305	0.427597596542394	McGill0002
0	0.130434778615425	0.427597596542394	0.427667873080572	McGill0002
0	0.125603867352239	0.427667873080572	0.427703011349661	McGill0002
0	0.120772946904145	0.427703011349661	0.427773287887839	McGill0002
0	0.125603867352239	0.427773287887839	0.427790857022383	McGill0002
0	0.120772946904145	0.427790857022383	0.427825995291472	McGill0002
0	0.125603867352239	0.427825995291472	0.427878702695105	McGill0002
0	0.130434778615425	0.427878702695105	0.42789627182965	McGill0002
0	0.125603867352239	0.42789627182965	0.427948979233283	McGill0002
0	0.130434778615425	0.427948979233283	0.428001686636916	McGill0002
0	0.125603867352239	0.428001686636916	0.428019255771461	McGill0002
0	0.130434778615425	0.428019255771461	0.42805439404055	McGill0002
0	0.125603867352239	0.42805439404055	0.428107101444183	McGill0002
0	0.130434778615425	0.428107101444183	0.42821251625145	McGill0002
0	0.125603867352239	0.42821251625145	0.428335500193261	McGill0002
0	0.130434778615425	0.428335500193261	0.428370638462349	McGill0002
0	0.135265699063134	0.428370638462349	0.428405776731438	McGill0002
0	0.130434778615425	0.428405776731438	0.428423345865983	McGill0002
0	0.135265699063134	0.428423345865983	0.428599037211427	McGill0002
0	0.144927539958937	0.428599037211427	0.428634175480516	McGill0002
0	0.149758451222123	0.428634175480516	0.428722021153238	McGill0002
0	0.159420282933018	0.428722021153238	0.428757159422327	McGill0002
0	0.169082123828821	0.428757159422327	0.428774728556871	McGill0002
0	0.173913044276915	0.428774728556871	0.428792297691416	McGill0002
0	0.183574885172718	0.428792297691416	0.42880986682596	McGill0002
0	0.188405805620812	0.42880986682596	0.428827435960505	McGill0002
0	0.183574885172718	0.428827435960505	0.428845005095049	McGill0002
0	0.188405805620812	0.428845005095049	0.428862574229593	McGill0002
0	0.198067628146799	0.428862574229593	0.428880143364138	McGill0002
0	0.188405805620812	0.428880143364138	0.428915281633227	McGill0002
0	0.198067628146799	0.428915281633227	0.428932850767771	McGill0002
0	0.19323670769909	0.428932850767771	0.42896798903686	McGill0002
0	0.202898548594893	0.42896798903686	0.429055834709582	McGill0002
0	0.198067628146799	0.429055834709582	0.429073403844127	McGill0002
0	0.202898548594893	0.429073403844127	0.429090972978671	McGill0002
0	0.198067628146799	0.429090972978671	0.429143680382304	McGill0002
0	0.19323670769909	0.429143680382304	0.429231526055027	McGill0002
0	0.188405805620812	0.429231526055027	0.429266664324115	McGill0002
0	0.178743964725009	0.429266664324115	0.429336940862293	McGill0002
0	0.173913044276915	0.429336940862293	0.429407217400471	McGill0002
0	0.183574885172718	0.429407217400471	0.42944235566956	McGill0002
0	0.19323670769909	0.42944235566956	0.429495063073193	McGill0002
0	0.188405805620812	0.429495063073193	0.429565339611371	McGill0002
0	0.19323670769909	0.429565339611371	0.429582908745915	McGill0002
0	0.207729469042602	0.429582908745915	0.42960047788046	McGill0002
0	0.21739130993879	0.42960047788046	0.429670754418637	McGill0002
0	0.222222230386499	0.429670754418637	0.429705892687726	McGill0002
0	0.21739130993879	0.429705892687726	0.42975860009136	McGill0002
0	0.212560389490696	0.42975860009136	0.429776169225904	McGill0002
0	0.21739130993879	0.429776169225904	0.429846445764082	McGill0002
0	0.222222230386499	0.429846445764082	0.429864014898626	McGill0002
0	0.21739130993879	0.429864014898626	0.429951860571348	McGill0002
0	0.227053132464778	0.429951860571348	0.430004567974982	McGill0002
0	0.231884052912872	0.430004567974982	0.43019782845497	McGill0002
0	0.227053132464778	0.43019782845497	0.430232966724059	McGill0002
0	0.23671497336058	0.430232966724059	0.430250535858604	McGill0002
0	0.241545893808675	0.430250535858604	0.430268104993148	McGill0002
0	0.23671497336058	0.430268104993148	0.430285674127692	McGill0002
0	0.241545893808675	0.430285674127692	0.430303243262237	McGill0002
0	0.23671497336058	0.430303243262237	0.430320812396781	McGill0002
0	0.231884052912872	0.430320812396781	0.430338381531326	McGill0002
0	0.241545893808675	0.430338381531326	0.43035595066587	McGill0002
0	0.23671497336058	0.43035595066587	0.430373519800415	McGill0002
0	0.241545893808675	0.430373519800415	0.430408658069504	McGill0002
0	0.23671497336058	0.430408658069504	0.430443796338592	McGill0002
0	0.241545893808675	0.430443796338592	0.430461365473137	McGill0002
0	0.251207734704477	0.430461365473137	0.430478934607681	McGill0002
0	0.246376814256383	0.430478934607681	0.430496503742226	McGill0002
0	0.251207734704477	0.430496503742226	0.43051407287677	McGill0002
0	0.23671497336058	0.43051407287677	0.430549211145859	McGill0002
0	0.231884052912872	0.430549211145859	0.430566780280403	McGill0002
0	0.227053132464778	0.430566780280403	0.430584349414948	McGill0002
0	0.222222230386499	0.430584349414948	0.430619487684037	McGill0002
0	0.21739130993879	0.430619487684037	0.43067219508767	McGill0002
0	0.222222230386499	0.43067219508767	0.430707333356759	McGill0002
0	0.21739130993879	0.430707333356759	0.43083031729857	McGill0002
0	0.212560389490696	0.43083031729857	0.430847886433114	McGill0002
0	0.207729469042602	0.430847886433114	0.430970870374925	McGill0002
0	0.202898548594893	0.430970870374925	0.431023577778559	McGill0002
0	0.207729469042602	0.431023577778559	0.431041146913103	McGill0002
0	0.198067628146799	0.431041146913103	0.431111423451281	McGill0002
0	0.202898548594893	0.431111423451281	0.431128992585825	McGill0002
0	0.207729469042602	0.431128992585825	0.431164130854914	McGill0002
0	0.198067628146799	0.431164130854914	0.431181699989459	McGill0002
0	0.202898548594893	0.431181699989459	0.431199269124003	McGill0002
0	0.19323670769909	0.431199269124003	0.431216838258547	McGill0002
0	0.188405805620812	0.431216838258547	0.431234407393092	McGill0002
0	0.198067628146799	0.431234407393092	0.431287114796725	McGill0002
0	0.202898548594893	0.431287114796725	0.431322253065814	McGill0002
0	0.198067628146799	0.431322253065814	0.431339822200358	McGill0002
0	0.202898548594893	0.431339822200358	0.431357391334903	McGill0002
0	0.198067628146799	0.431357391334903	0.431374960469447	McGill0002
0	0.19323670769909	0.431374960469447	0.431392529603992	McGill0002
0	0.188405805620812	0.431392529603992	0.431445237007625	McGill0002
0	0.19323670769909	0.431445237007625	0.431462806142169	McGill0002
0	0.202898548594893	0.431462806142169	0.431515513545803	McGill0002
0	0.207729469042602	0.431515513545803	0.431533082680347	McGill0002
0	0.202898548594893	0.431533082680347	0.431568220949436	McGill0002
0	0.207729469042602	0.431568220949436	0.431603359218525	McGill0002
0	0.202898548594893	0.431603359218525	0.431673635756703	McGill0002
0	0.207729469042602	0.431673635756703	0.431691204891247	McGill0002
0	0.202898548594893	0.431691204891247	0.431708774025792	McGill0002
0	0.198067628146799	0.431708774025792	0.431726343160336	McGill0002
0	0.19323670769909	0.431726343160336	0.431761481429425	McGill0002
0	0.188405805620812	0.431761481429425	0.431831757967603	McGill0002
0	0.19323670769909	0.431831757967603	0.431866896236691	McGill0002
0	0.188405805620812	0.431866896236691	0.431884465371236	McGill0002
0	0.19323670769909	0.431884465371236	0.43190203450578	McGill0002
0	0.188405805620812	0.43190203450578	0.431919603640325	McGill0002
0	0.173913044276915	0.431919603640325	0.431989880178502	McGill0002
0	0.159420282933018	0.431989880178502	0.432007449313047	McGill0002
0	0.15458938085474	0.432007449313047	0.432025018447591	McGill0002
0	0.159420282933018	0.432025018447591	0.43206015671668	McGill0002
0	0.164251203381112	0.43206015671668	0.432077725851225	McGill0002
0	0.159420282933018	0.432077725851225	0.432112864120313	McGill0002
0	0.15458938085474	0.432112864120313	0.432130433254858	McGill0002
0	0.149758451222123	0.432130433254858	0.432165571523947	McGill0002
0	0.144927539958937	0.432165571523947	0.432200709793036	McGill0002
0	0.130434778615425	0.432200709793036	0.43221827892758	McGill0002
0	0.120772946904145	0.43221827892758	0.432253417196669	McGill0002
0	0.115942026456436	0.432253417196669	0.432270986331213	McGill0002
0	0.120772946904145	0.432270986331213	0.432288555465758	McGill0002
0	0.115942026456436	0.432288555465758	0.432306124600302	McGill0002
0	0.11111111519325	0.432306124600302	0.432341262869391	McGill0002
0	0.115942026456436	0.432341262869391	0.432358832003936	McGill0002
0	0.11111111519325	0.432358832003936	0.432411539407569	McGill0002
0	0.120772946904145	0.432411539407569	0.432446677676658	McGill0002
0	0.115942026456436	0.432446677676658	0.432481815945747	McGill0002
0	0.120772946904145	0.432481815945747	0.432710214694824	McGill0002
0	0.135265699063134	0.432710214694824	0.432885906040268	McGill0002
0	0.130434778615425	0.432885906040268	0.432921044309357	McGill0002
0	0.135265699063134	0.432921044309357	0.432938613443902	McGill0002
0	0.140096619511228	0.432938613443902	0.432973751712991	McGill0002
0	0.144927539958937	0.432973751712991	0.432991320847535	McGill0002
0	0.140096619511228	0.432991320847535	0.433026459116624	McGill0002
0	0.144927539958937	0.433026459116624	0.433044028251168	McGill0002
0	0.125603867352239	0.433044028251168	0.433096735654802	McGill0002
0	0.120772946904145	0.433096735654802	0.433131873923891	McGill0002
0	0.125603867352239	0.433131873923891	0.433167012192979	McGill0002
0	0.120772946904145	0.433167012192979	0.433202150462068	McGill0002
0	0.115942026456436	0.433202150462068	0.433272427000246	McGill0002
0	0.11111111519325	0.433272427000246	0.433307565269335	McGill0002
0	0.115942026456436	0.433307565269335	0.433342703538424	McGill0002
0	0.125603867352239	0.433342703538424	0.433430549211146	McGill0002
0	0.120772946904145	0.433430549211146	0.433465687480235	McGill0002
0	0.115942026456436	0.433465687480235	0.433553533152957	McGill0002
0	0.11111111519325	0.433553533152957	0.433571102287501	McGill0002
0	0.115942026456436	0.433571102287501	0.433676517094768	McGill0002
0	0.120772946904145	0.433676517094768	0.433694086229312	McGill0002
0	0.125603867352239	0.433694086229312	0.433711655363857	McGill0002
0	0.120772946904145	0.433711655363857	0.433746793632946	McGill0002
0	0.125603867352239	0.433746793632946	0.43376436276749	McGill0002
0	0.115942026456436	0.43376436276749	0.433799501036579	McGill0002
0	0.130434778615425	0.433799501036579	0.433869777574757	McGill0002
0	0.135265699063134	0.433869777574757	0.433975192382023	McGill0002
0	0.140096619511228	0.433975192382023	0.433992761516568	McGill0002
0	0.135265699063134	0.433992761516568	0.434027899785657	McGill0002
0	0.149758451222123	0.434027899785657	0.43408060718929	McGill0002
0	0.15458938085474	0.43408060718929	0.434168452862012	McGill0002
0	0.149758451222123	0.434168452862012	0.434203591131101	McGill0002
0	0.159420282933018	0.434203591131101	0.43423872940019	McGill0002
0	0.15458938085474	0.43423872940019	0.434273867669279	McGill0002
0	0.169082123828821	0.434273867669279	0.434467128149267	McGill0002
0	0.159420282933018	0.434467128149267	0.434537404687445	McGill0002
0	0.169082123828821	0.434537404687445	0.434642819494712	McGill0002
0	0.164251203381112	0.434642819494712	0.434695526898345	McGill0002
0	0.149758451222123	0.434695526898345	0.434783372571067	McGill0002
0	0.144927539958937	0.434783372571067	0.434871218243789	McGill0002
0	0.140096619511228	0.434871218243789	0.434923925647423	McGill0002
0	0.144927539958937	0.434923925647423	0.434941494781967	McGill0002
0	0.149758451222123	0.434941494781967	0.434959063916511	McGill0002
0	0.135265699063134	0.434959063916511	0.435046909589234	McGill0002
0	0.140096619511228	0.435046909589234	0.435064478723778	McGill0002
0	0.144927539958937	0.435064478723778	0.435099616992867	McGill0002
0	0.140096619511228	0.435099616992867	0.435222600934678	McGill0002
0	0.15458938085474	0.435222600934678	0.435275308338311	McGill0002
0	0.149758451222123	0.435275308338311	0.4353104466074	McGill0002
0	0.144927539958937	0.4353104466074	0.435328015741945	McGill0002
0	0.140096619511228	0.435328015741945	0.435345584876489	McGill0002
0	0.144927539958937	0.435345584876489	0.435398292280122	McGill0002
0	0.140096619511228	0.435398292280122	0.435433430549211	McGill0002
0	0.135265699063134	0.435433430549211	0.435503707087389	McGill0002
0	0.130434778615425	0.435503707087389	0.435538845356478	McGill0002
0	0.125603867352239	0.435538845356478	0.435556414491022	McGill0002
0	0.11111111519325	0.435556414491022	0.4356266910292	McGill0002
0	0.106280194745156	0.4356266910292	0.435732105836467	McGill0002
0	0.101449274297447	0.435732105836467	0.4357848132401	McGill0002
0	0.0869565221384575	0.4357848132401	0.435872658912822	McGill0002
0	0.0917874425865516	0.435872658912822	0.435960504585544	McGill0002
0	0.0821256016903634	0.435960504585544	0.436030781123722	McGill0002
0	0.0676328495317595	0.436030781123722	0.436224041603711	McGill0002
0	0.0628019336761194	0.436224041603711	0.436294318141888	McGill0002
0	0.0579710132280253	0.436294318141888	0.436575424294599	McGill0002
0	0.0628019336761194	0.436575424294599	0.436610562563688	McGill0002
0	0.0676328495317595	0.436610562563688	0.436680839101866	McGill0002
0	0.0579710132280253	0.436680839101866	0.436715977370955	McGill0002
0	0.0628019336761194	0.436715977370955	0.436803823043677	McGill0002
0	0.0483091769246763	0.436803823043677	0.436821392178221	McGill0002
0	0.0434782610694214	0.436821392178221	0.436874099581855	McGill0002
0	0.0386473452137812	0.436874099581855	0.436979514389121	McGill0002
0	0.0289855066140897	0.436979514389121	0.437049790927299	McGill0002
0	0.0386473452137812	0.437049790927299	0.43733089708001	McGill0002
0	0.0338164247658027	0.43733089708001	0.437418742752732	McGill0002
0	0.0386473452137812	0.437418742752732	0.437541726694543	McGill0002
0	0.0338164247658027	0.437541726694543	0.437840401981798	McGill0002
0	0.0386473452137812	0.437840401981798	0.437893109385432	McGill0002
0	0.0531400973727704	0.437893109385432	0.437980955058154	McGill0002
0	0.0579710132280253	0.437980955058154	0.438262061210865	McGill0002
0	0.0676328495317595	0.438262061210865	0.438279630345409	McGill0002
0	0.0724637699794684	0.438279630345409	0.438297199479954	McGill0002
0	0.0676328495317595	0.438297199479954	0.438367476018131	McGill0002
0	0.0628019336761194	0.438367476018131	0.438455321690854	McGill0002
0	0.0579710132280253	0.438455321690854	0.438578305632665	McGill0002
0	0.0628019336761194	0.438578305632665	0.438648582170842	McGill0002
0	0.0676328495317595	0.438648582170842	0.438789135247198	McGill0002
0	0.0724637699794684	0.438789135247198	0.438806704381742	McGill0002
0	0.0676328495317595	0.438806704381742	0.438859411785375	McGill0002
0	0.0724637699794684	0.438859411785375	0.438964826592642	McGill0002
0	0.0772946904275624	0.438964826592642	0.439140517938086	McGill0002
0	0.0869565221384575	0.439140517938086	0.439544608032608	McGill0002
0	0.0917874425865516	0.439544608032608	0.439597315436242	McGill0002
0	0.0869565221384575	0.439597315436242	0.439632453705331	McGill0002
0	0.0821256016903634	0.439632453705331	0.439650022839875	McGill0002
0	0.0724637699794684	0.439650022839875	0.439667591974419	McGill0002
0	0.0676328495317595	0.439667591974419	0.439737868512597	McGill0002
0	0.0628019336761194	0.439737868512597	0.439860852454408	McGill0002
0	0.0676328495317595	0.439860852454408	0.440018974665308	McGill0002
0	0.0531400973727704	0.440018974665308	0.440194666010752	McGill0002
0	0.0579710132280253	0.440194666010752	0.440335219087108	McGill0002
0	0.0531400973727704	0.440335219087108	0.440387926490741	McGill0002
0	0.0579710132280253	0.440387926490741	0.440528479567097	McGill0002
0	0.0531400973727704	0.440528479567097	0.440563617836185	McGill0002
0	0.0483091769246763	0.440563617836185	0.440616325239819	McGill0002
0	0.0434782610694214	0.440616325239819	0.440721740047085	McGill0002
0	0.0386473452137812	0.440721740047085	0.440809585719807	McGill0002
0	0.0434782610694214	0.440809585719807	0.44089743139253	McGill0002
0	0.0386473452137812	0.44089743139253	0.440932569661619	McGill0002
0	0.0338164247658027	0.440932569661619	0.441055553603429	McGill0002
0	0.0434782610694214	0.441055553603429	0.441090691872518	McGill0002
0	0.0483091769246763	0.441090691872518	0.441301521487052	McGill0002
0	0.0434782610694214	0.441301521487052	0.441424505428863	McGill0002
0	0.0531400973727704	0.441424505428863	0.441529920236129	McGill0002
0	0.0579710132280253	0.441529920236129	0.441617765908851	McGill0002
0	0.0531400973727704	0.441617765908851	0.441705611581574	McGill0002
0	0.0579710132280253	0.441705611581574	0.441758318985207	McGill0002
0	0.0531400973727704	0.441758318985207	0.442074563407007	McGill0002
0	0.0483091769246763	0.442074563407007	0.442144839945184	McGill0002
0	0.0434782610694214	0.442144839945184	0.442408376963351	McGill0002
0	0.0386473452137812	0.442408376963351	0.442425946097895	McGill0002
0	0.0338164247658027	0.442425946097895	0.442531360905162	McGill0002
0	0.0434782610694214	0.442531360905162	0.442566499174251	McGill0002
0	0.0386473452137812	0.442566499174251	0.442584068308795	McGill0002
0	0.0434782610694214	0.442584068308795	0.442759759654239	McGill0002
0	0.0386473452137812	0.442759759654239	0.442794897923328	McGill0002
0	0.0434782610694214	0.442794897923328	0.442812467057873	McGill0002
0	0.0386473452137812	0.442812467057873	0.442830036192417	McGill0002
0	0.0483091769246763	0.442830036192417	0.443146280614217	McGill0002
0	0.0531400973727704	0.443146280614217	0.443181418883306	McGill0002
0	0.0434782610694214	0.443181418883306	0.443216557152395	McGill0002
0	0.0483091769246763	0.443216557152395	0.443286833690572	McGill0002
0	0.0434782610694214	0.443286833690572	0.443427386766928	McGill0002
0	0.0386473452137812	0.443427386766928	0.444288274359605	McGill0002
0	0.0289855066140897	0.444288274359605	0.444340981763238	McGill0002
0	0.0241545884623767	0.444340981763238	0.444376120032327	McGill0002
0	0.0289855066140897	0.444376120032327	0.444516673108683	McGill0002
0	0.0241545884623767	0.444516673108683	0.44458694964686	McGill0002
0	0.0144927533070448	0.44458694964686	0.444639657050494	McGill0002
0	0.0193236726068521	0.444639657050494	0.44490319406866	McGill0002
0	0.0144927533070448	0.44490319406866	0.444973470606838	McGill0002
0	0.00966183630342604	0.444973470606838	0.445078885414105	McGill0002
0	0.0144927533070448	0.445078885414105	0.445289715028638	McGill0002
0	0.0193236726068521	0.445289715028638	0.445430268104993	McGill0002
0	0.0241545884623767	0.445430268104993	0.44613303348677	McGill0002
0	0.0193236726068521	0.44613303348677	0.446396570504937	McGill0002
0	0.0144927533070448	0.446396570504937	0.446835798868548	McGill0002
0	0.00966183630342604	0.446835798868548	0.446941213675814	McGill0002
0	0.0144927533070448	0.446941213675814	0.447046628483081	McGill0002
0	0.00966183630342604	0.447046628483081	0.447169612424892	McGill0002
0	0.00483091815171302	0.447169612424892	0.447591271653958	McGill0002
0	0.00966183630342604	0.447591271653958	0.448662988861169	McGill0002
0	0.00483091815171302	0.448662988861169	0.448873818475702	McGill0002
0	0.0144927533070448	0.448873818475702	0.449348185108402	McGill0002
0	0.00966183630342604	0.449348185108402	0.449734706068379	McGill0002
0	0.0144927533070448	0.449734706068379	0.449752275202924	McGill0002
0	0.0193236726068521	0.449752275202924	0.450068519624723	McGill0002
0	0.0241545884623767	0.450068519624723	0.45049017885379	McGill0002
0	0.0193236726068521	0.45049017885379	0.450630731930145	McGill0002
0	0.0144927533070448	0.450630731930145	0.45080642327559	McGill0002
0	0.0338164247658027	0.45080642327559	0.451140236831934	McGill0002
0	0.0386473452137812	0.451140236831934	0.451192944235567	McGill0002
0	0.0434782610694214	0.451192944235567	0.451228082504656	McGill0002
0	0.0483091769246763	0.451228082504656	0.451263220773745	McGill0002
0	0.0531400973727704	0.451263220773745	0.451491619522822	McGill0002
0	0.0483091769246763	0.451491619522822	0.451509188657367	McGill0002
0	0.0531400973727704	0.451509188657367	0.451614603464633	McGill0002
0	0.0579710132280253	0.451614603464633	0.451825433079167	McGill0002
0	0.0531400973727704	0.451825433079167	0.452018693559155	McGill0002
0	0.0483091769246763	0.452018693559155	0.452405214519133	McGill0002
0	0.0531400973727704	0.452405214519133	0.452457921922766	McGill0002
0	0.0483091769246763	0.452457921922766	0.452475491057311	McGill0002
0	0.0434782610694214	0.452475491057311	0.452563336730033	McGill0002
0	0.0386473452137812	0.452563336730033	0.452879581151833	McGill0002
0	0.0338164247658027	0.452879581151833	0.452914719420921	McGill0002
0	0.0434782610694214	0.452914719420921	0.45294985769001	McGill0002
0	0.0386473452137812	0.45294985769001	0.452984995959099	McGill0002
0	0.0289855066140897	0.452984995959099	0.453055272497277	McGill0002
0	0.0338164247658027	0.453055272497277	0.453072841631821	McGill0002
0	0.0289855066140897	0.453072841631821	0.453968867493587	McGill0002
0	0.0241545884623767	0.453968867493587	0.454249973646298	McGill0002
0	0.0289855066140897	0.454249973646298	0.45465406374082	McGill0002
0	0.0241545884623767	0.45465406374082	0.454671632875365	McGill0002
0	0.0193236726068521	0.454671632875365	0.454706771144453	McGill0002
0	0.0241545884623767	0.454706771144453	0.454741909413542	McGill0002
0	0.0144927533070448	0.454741909413542	0.45481218595172	McGill0002
0	0.00966183630342604	0.45481218595172	0.455023015566253	McGill0002
0	0.0144927533070448	0.455023015566253	0.455216276046242	McGill0002
0	0.0193236726068521	0.455216276046242	0.455251414315331	McGill0002
0	0.0241545884623767	0.455251414315331	0.456006887100742	McGill0002
0	0.0193236726068521	0.456006887100742	0.456077163638919	McGill0002
0	0.0241545884623767	0.456077163638919	0.456410977195263	McGill0002
0	0.0289855066140897	0.456410977195263	0.456463684598897	McGill0002
0	0.0241545884623767	0.456463684598897	0.456762359886152	McGill0002
0	0.0193236726068521	0.456762359886152	0.456973189500685	McGill0002
0	0.0144927533070448	0.456973189500685	0.457008327769774	McGill0002
0	0.00966183630342604	0.457008327769774	0.457342141326118	McGill0002
0	0.00483091815171302	0.457342141326118	0.458167890649707	McGill0002
0	0.00483091815171302	0.45837872026424	0.460135633718683	McGill0002
0	0.00483091815171302	0.461488457078604	0.461541164482238	McGill0002
0	0.0144927533070448	0.461541164482238	0.46162901015496	McGill0002
0	0.0193236726068521	0.46162901015496	0.461664148424049	McGill0002
0	0.0241545884623767	0.461664148424049	0.462068238518571	McGill0002
0	0.0289855066140897	0.462068238518571	0.462577743420359	McGill0002
0	0.0338164247658027	0.462577743420359	0.462876418707615	McGill0002
0	0.0386473452137812	0.462876418707615	0.463122386591237	McGill0002
0	0.0434782610694214	0.463122386591237	0.463245370533048	McGill0002
0	0.0386473452137812	0.463245370533048	0.463280508802136	McGill0002
0	0.0338164247658027	0.463280508802136	0.463298077936681	McGill0002
0	0.0289855066140897	0.463298077936681	0.463385923609403	McGill0002
0	0.0193236726068521	0.463385923609403	0.463754875434836	McGill0002
0	0.0144927533070448	0.463754875434836	0.463772444569381	McGill0002
0	0.0241545884623767	0.463772444569381	0.464281949471169	McGill0002
0	0.0193236726068521	0.464281949471169	0.464545486489336	McGill0002
0	0.0241545884623767	0.464545486489336	0.464633332162058	McGill0002
0	0.0193236726068521	0.464633332162058	0.464703608700235	McGill0002
0	0.0289855066140897	0.464703608700235	0.464844161776591	McGill0002
0	0.0241545884623767	0.464844161776591	0.465125267929302	McGill0002
0	0.0289855066140897	0.465125267929302	0.465494219754735	McGill0002
0	0.0241545884623767	0.465494219754735	0.465529358023824	McGill0002
0	0.0193236726068521	0.465529358023824	0.465968586387435	McGill0002
0	0.0241545884623767	0.465968586387435	0.466284830809234	McGill0002
0	0.0193236726068521	0.466284830809234	0.466337538212868	McGill0002
0	0.0241545884623767	0.466337538212868	0.466460522154679	McGill0002
0	0.0144927533070448	0.466460522154679	0.466565936961945	McGill0002
0	0.0193236726068521	0.466565936961945	0.466759197441934	McGill0002
0	0.0241545884623767	0.466759197441934	0.466882181383745	McGill0002
0	0.0193236726068521	0.466882181383745	0.466917319652834	McGill0002
0	0.00966183630342604	0.466917319652834	0.466970027056467	McGill0002
0	0.0144927533070448	0.466970027056467	0.467233564074634	McGill0002
0	0.0193236726068521	0.467233564074634	0.467286271478267	McGill0002
0	0.0241545884623767	0.467286271478267	0.467426824554622	McGill0002
0	0.0289855066140897	0.467426824554622	0.467918760321867	McGill0002
0	0.0338164247658027	0.467918760321867	0.468270143012755	McGill0002
0	0.0289855066140897	0.468270143012755	0.468516110896377	McGill0002
0	0.0241545884623767	0.468516110896377	0.46872694051091	McGill0002
0	0.0193236726068521	0.46872694051091	0.468937770125444	McGill0002
0	0.0241545884623767	0.468937770125444	0.468990477529077	McGill0002
0	0.0193236726068521	0.468990477529077	0.46904318493271	McGill0002
0	0.0144927533070448	0.46904318493271	0.469183738009066	McGill0002
0	0.00966183630342604	0.469183738009066	0.469254014547243	McGill0002
0	0.0144927533070448	0.469254014547243	0.469658104641765	McGill0002
0	0.00966183630342604	0.469658104641765	0.470624407041709	McGill0002
0	0.00483091815171302	0.470624407041709	0.470694683579887	McGill0002
0	0.00483091815171302	0.47292596366703	0.473101655012474	McGill0002
0	0.00966183630342604	0.473101655012474	0.474682877121473	McGill0002
0	0.00483091815171302	0.474682877121473	0.474700446256018	McGill0002
0	0.0193236726068521	0.474700446256018	0.474858568466917	McGill0002
0	0.0144927533070448	0.474858568466917	0.475824870866861	McGill0002
0	0.00966183630342604	0.475824870866861	0.475930285674128	McGill0002
0	0.00483091815171302	0.475930285674128	0.475947854808672	McGill0002
0	0.00966183630342604	0.475947854808672	0.476351944903194	McGill0002
0	0.00483091815171302	0.476351944903194	0.476474928845005	McGill0002
0	0.00483091815171302	0.476615481921361	0.476685758459538	McGill0002
0	0.0144927533070448	0.476685758459538	0.478108858357637	McGill0002
0	0.0193236726068521	0.478108858357637	0.478372395375804	McGill0002
0	0.00483091815171302	0.478372395375804	0.478934607681226	McGill0002
0	0.00966183630342604	0.478934607681226	0.47942654344847	McGill0002
0	0.0144927533070448	0.47942654344847	0.479777926139358	McGill0002
0	0.0193236726068521	0.479777926139358	0.479865771812081	McGill0002
0	0.0144927533070448	0.479865771812081	0.480691521135669	McGill0002
0	0.00966183630342604	0.480691521135669	0.481078042095646	McGill0002
0	0.0193236726068521	0.481078042095646	0.481095611230191	McGill0002
0	0.0241545884623767	0.481095611230191	0.481183456902913	McGill0002
0	0.0193236726068521	0.481183456902913	0.481534839593802	McGill0002
0	0.0144927533070448	0.481534839593802	0.482307881513757	McGill0002
0	0.0193236726068521	0.482307881513757	0.48283495555009	McGill0002
0	0.00966183630342604	0.48283495555009	0.482852524684634	McGill0002
0	0.00483091815171302	0.482852524684634	0.482940370357356	McGill0002
0	0.00966183630342604	0.482940370357356	0.482957939491901	McGill0002
0	0.0144927533070448	0.482957939491901	0.483309322182789	McGill0002
0	0.0193236726068521	0.483309322182789	0.483572859200956	McGill0002
0	0.0241545884623767	0.483572859200956	0.484433746793633	McGill0002
0	0.0289855066140897	0.484433746793633	0.484574299869988	McGill0002
0	0.0338164247658027	0.484574299869988	0.484679714677255	McGill0002
0	0.0289855066140897	0.484679714677255	0.4846972838118	McGill0002
0	0.0241545884623767	0.4846972838118	0.485013528233599	McGill0002
0	0.0289855066140897	0.485013528233599	0.485066235637233	McGill0002
0	0.0193236726068521	0.485066235637233	0.485821708422643	McGill0002
0	0.0144927533070448	0.485821708422643	0.486173091113532	McGill0002
0	0.00966183630342604	0.486173091113532	0.486331213324432	McGill0002
0	0.00483091815171302	0.486331213324432	0.486770441688042	McGill0002
0	0.00483091815171302	0.487016409571664	0.487104255244387	McGill0002
0	0.00966183630342604	0.487104255244387	0.487385361397098	McGill0002
0	0.0144927533070448	0.487385361397098	0.487736744087986	McGill0002
0	0.0193236726068521	0.487736744087986	0.487754313222531	McGill0002
0	0.0241545884623767	0.487754313222531	0.487824589760708	McGill0002
0	0.0289855066140897	0.487824589760708	0.488052988509786	McGill0002
0	0.0386473452137812	0.488052988509786	0.48838680206613	McGill0002
0	0.0434782610694214	0.48838680206613	0.488404371200675	McGill0002
0	0.0483091769246763	0.488404371200675	0.488439509469764	McGill0002
0	0.0531400973727704	0.488439509469764	0.488755753891563	McGill0002
0	0.0483091769246763	0.488755753891563	0.488843599564286	McGill0002
0	0.0434782610694214	0.488843599564286	0.489089567447908	McGill0002
0	0.0483091769246763	0.489089567447908	0.489142274851541	McGill0002
0	0.0434782610694214	0.489142274851541	0.489194982255174	McGill0002
0	0.0386473452137812	0.489194982255174	0.489265258793352	McGill0002
0	0.0338164247658027	0.489265258793352	0.489476088407885	McGill0002
0	0.0289855066140897	0.489476088407885	0.489511226676974	McGill0002
0	0.0338164247658027	0.489511226676974	0.489581503215152	McGill0002
0	0.0289855066140897	0.489581503215152	0.489809901964229	McGill0002
0	0.0193236726068521	0.489809901964229	0.490161284655118	McGill0002
0	0.00966183630342604	0.490161284655118	0.490793773498718	McGill0002
0	0.00483091815171302	0.490793773498718	0.491268140131417	McGill0002
0	0.00483091815171302	0.491812783302295	0.493534558487649	McGill0002
0	0.00483091815171302	0.49504550405847	0.496802417512913	McGill0002
0	0.00483091815171302	0.497417337221969	0.499174250676412	McGill0002
0	0.00483091815171302	0.508942689483116	0.509768438806704	McGill0002
0	0.00966183630342604	0.509768438806704	0.510348220246671	McGill0002
0	0.0144927533070448	0.510348220246671	0.510436065919393	McGill0002
0	0.0193236726068521	0.510436065919393	0.510646895533926	McGill0002
0	0.0144927533070448	0.510646895533926	0.511490213992059	McGill0002
0	0.00966183630342604	0.511490213992059	0.51208756456657	McGill0002
0	0.00483091815171302	0.51208756456657	0.512192979373836	McGill0002
0	0.00483091815171302	0.515337854457289	0.515548684071823	McGill0002
0	0.0193236726068521	0.515548684071823	0.517094767911733	McGill0002
0	0.0144927533070448	0.517094767911733	0.517182613584455	McGill0002
0	0.0193236726068521	0.517182613584455	0.517305597526266	McGill0002
0	0.00483091815171302	0.517305597526266	0.517779964158966	McGill0002
0	0.00966183630342604	0.517779964158966	0.517815102428054	McGill0002
0	0.0144927533070448	0.517815102428054	0.518798973962543	McGill0002
0	0.0193236726068521	0.518798973962543	0.518939527038898	McGill0002
0	0.0144927533070448	0.518939527038898	0.519080080115254	McGill0002
0	0.0193236726068521	0.519080080115254	0.519238202326153	McGill0002
0	0.0144927533070448	0.519238202326153	0.519519308478864	McGill0002
0	0.00966183630342604	0.519519308478864	0.519554446747953	McGill0002
0	0.00483091815171302	0.519554446747953	0.519572015882498	McGill0002
0	0.00483091815171302	0.519923398573386	0.521188376260585	McGill0002
0	0.00966183630342604	0.521223514529674	0.52152218981693	McGill0002
0	0.0144927533070448	0.52152218981693	0.522207386064163	McGill0002
0	0.0193236726068521	0.522207386064163	0.522892582311395	McGill0002
0	0.0289855066140897	0.522892582311395	0.522980427984118	McGill0002
0	0.0193236726068521	0.522980427984118	0.523279103271373	McGill0002
0	0.0144927533070448	0.523279103271373	0.523964299518606	McGill0002
0	0.00966183630342604	0.523964299518606	0.524421097016761	McGill0002
0	0.0144927533070448	0.524421097016761	0.524649495765839	McGill0002
0	0.00483091815171302	0.524649495765839	0.525404968551249	McGill0002
0	0.0144927533070448	0.525404968551249	0.52675779191117	McGill0002
0	0.0193236726068521	0.52675779191117	0.52691591412207	McGill0002
0	0.0144927533070448	0.52691591412207	0.527161882005692	McGill0002
0	0.00483091815171302	0.527161882005692	0.527407849889315	McGill0002
0	0.00966183630342604	0.527407849889315	0.527425419023859	McGill0002
0	0.00483091815171302	0.527425419023859	0.527970062194736	McGill0002
0	0.0144927533070448	0.527970062194736	0.529006641132858	McGill0002
0	0.00966183630342604	0.529006641132858	0.52972697564918	McGill0002
0	0.00966183630342604	0.532274500158122	0.532467760638111	McGill0002
0	0.0144927533070448	0.532467760638111	0.532906989001722	McGill0002
0	0.0193236726068521	0.532906989001722	0.532924558136266	McGill0002
0	0.0241545884623767	0.532924558136266	0.532942127270811	McGill0002
0	0.0289855066140897	0.532942127270811	0.534031413612565	McGill0002
0	0.0193236726068521	0.534031413612565	0.534189535823465	McGill0002
0	0.0144927533070448	0.534189535823465	0.534417934572543	McGill0002
0	0.0193236726068521	0.534417934572543	0.534453072841632	McGill0002
0	0.0241545884623767	0.534453072841632	0.534663902456165	McGill0002
0	0.0193236726068521	0.534663902456165	0.536174848026986	McGill0002
0	0.0144927533070448	0.536174848026986	0.536209986296075	McGill0002
0	0.0193236726068521	0.536209986296075	0.536438385045153	McGill0002
0	0.00966183630342604	0.536438385045153	0.536912751677852	McGill0002
0	0.0144927533070448	0.536912751677852	0.537966899750518	McGill0002
0	0.00483091815171302	0.537966899750518	0.538142591095963	McGill0002
0	0.00966183630342604	0.538142591095963	0.538652095997751	McGill0002
0	0.00483091815171302	0.538652095997751	0.538880494746829	McGill0002
0	0.00966183630342604	0.538880494746829	0.539249446572262	McGill0002
0	0.0193236726068521	0.539249446572262	0.539899504550406	McGill0002
0	0.0144927533070448	0.539899504550406	0.539987350223128	McGill0002
0	0.0241545884623767	0.539987350223128	0.540567131663094	McGill0002
0	0.0193236726068521	0.540567131663094	0.540953652623072	McGill0002
0	0.0241545884623767	0.540953652623072	0.541006360026705	McGill0002
0	0.0144927533070448	0.541006360026705	0.541551003197583	McGill0002
0	0.0241545884623767	0.541551003197583	0.541744263677571	McGill0002
0	0.0144927533070448	0.541744263677571	0.542464598193893	McGill0002
0	0.0193236726068521	0.542464598193893	0.542534874732071	McGill0002
0	0.0241545884623767	0.542534874732071	0.542640289539337	McGill0002
0	0.0338164247658027	0.542640289539337	0.542710566077515	McGill0002
0	0.0289855066140897	0.542710566077515	0.542851119153871	McGill0002
0	0.0338164247658027	0.542851119153871	0.542868688288415	McGill0002
0	0.0531400973727704	0.542868688288415	0.543079517902948	McGill0002
0	0.0676328495317595	0.543079517902948	0.543307916652026	McGill0002
0	0.0579710132280253	0.543307916652026	0.54332548578657	McGill0002
0	0.0628019336761194	0.54332548578657	0.543343054921115	McGill0002
0	0.0676328495317595	0.543343054921115	0.543624161073826	McGill0002
0	0.0772946904275624	0.543624161073826	0.54364173020837	McGill0002
0	0.0869565221384575	0.54364173020837	0.543659299342914	McGill0002
0	0.0917874425865516	0.543659299342914	0.543712006746548	McGill0002
0	0.0966183538493526	0.543712006746548	0.543729575881092	McGill0002
0	0.11111111519325	0.543729575881092	0.543747145015637	McGill0002
0	0.115942026456436	0.543747145015637	0.544010682033803	McGill0002
0	0.120772946904145	0.544010682033803	0.544080958571981	McGill0002
0	0.125603867352239	0.544080958571981	0.544133665975614	McGill0002
0	0.120772946904145	0.544133665975614	0.54427421905197	McGill0002
0	0.125603867352239	0.54427421905197	0.544291788186514	McGill0002
0	0.120772946904145	0.544291788186514	0.544397202993781	McGill0002
0	0.115942026456436	0.544397202993781	0.544449910397414	McGill0002
0	0.120772946904145	0.544449910397414	0.544467479531958	McGill0002
0	0.125603867352239	0.544467479531958	0.544537756070136	McGill0002
0	0.130434778615425	0.544537756070136	0.544572894339225	McGill0002
0	0.140096619511228	0.544572894339225	0.544590463473769	McGill0002
0	0.130434778615425	0.544590463473769	0.544625601742858	McGill0002
0	0.115942026456436	0.544625601742858	0.544660740011947	McGill0002
0	0.130434778615425	0.544660740011947	0.544801293088303	McGill0002
0	0.125603867352239	0.544801293088303	0.544818862222847	McGill0002
0	0.115942026456436	0.544818862222847	0.545082399241013	McGill0002
0	0.106280194745156	0.545082399241013	0.545135106644647	McGill0002
0	0.11111111519325	0.545135106644647	0.545363505393724	McGill0002
0	0.115942026456436	0.545363505393724	0.545381074528269	McGill0002
0	0.106280194745156	0.545381074528269	0.545398643662813	McGill0002
0	0.101449274297447	0.545398643662813	0.545416212797358	McGill0002
0	0.0966183538493526	0.545416212797358	0.545451351066447	McGill0002
0	0.0917874425865516	0.545451351066447	0.545486489335535	McGill0002
0	0.0772946904275624	0.545486489335535	0.54550405847008	McGill0002
0	0.0724637699794684	0.54550405847008	0.545521627604624	McGill0002
0	0.0676328495317595	0.545521627604624	0.545539196739169	McGill0002
0	0.0772946904275624	0.545539196739169	0.545591904142802	McGill0002
0	0.0724637699794684	0.545591904142802	0.545697318950069	McGill0002
0	0.0869565221384575	0.545697318950069	0.545732457219157	McGill0002
0	0.0772946904275624	0.545732457219157	0.545750026353702	McGill0002
0	0.0917874425865516	0.545750026353702	0.545785164622791	McGill0002
0	0.0966183538493526	0.545785164622791	0.545855441160968	McGill0002
0	0.0917874425865516	0.545855441160968	0.545960855968235	McGill0002
0	0.0869565221384575	0.545960855968235	0.545995994237324	McGill0002
0	0.0917874425865516	0.545995994237324	0.546031132506413	McGill0002
0	0.0869565221384575	0.546031132506413	0.546154116448224	McGill0002
0	0.0821256016903634	0.546154116448224	0.546224392986401	McGill0002
0	0.0772946904275624	0.546224392986401	0.546294669524579	McGill0002
0	0.0676328495317595	0.546294669524579	0.546329807793668	McGill0002
0	0.0628019336761194	0.546329807793668	0.546505499139112	McGill0002
0	0.0724637699794684	0.546505499139112	0.546523068273657	McGill0002
0	0.0772946904275624	0.546523068273657	0.546593344811835	McGill0002
0	0.0821256016903634	0.546593344811835	0.546751467022735	McGill0002
0	0.0772946904275624	0.546751467022735	0.546804174426368	McGill0002
0	0.0869565221384575	0.546804174426368	0.54689202009909	McGill0002
0	0.0821256016903634	0.54689202009909	0.547067711444534	McGill0002
0	0.0869565221384575	0.547067711444534	0.547085280579079	McGill0002
0	0.0821256016903634	0.547085280579079	0.547137987982712	McGill0002
0	0.0869565221384575	0.547137987982712	0.54736638673179	McGill0002
0	0.0917874425865516	0.54736638673179	0.547454232404512	McGill0002
0	0.0821256016903634	0.547454232404512	0.547489370673601	McGill0002
0	0.0772946904275624	0.547489370673601	0.547506939808145	McGill0002
0	0.0628019336761194	0.547506939808145	0.547542078077234	McGill0002
0	0.0579710132280253	0.547542078077234	0.547612354615412	McGill0002
0	0.0628019336761194	0.547612354615412	0.547629923749956	McGill0002
0	0.0676328495317595	0.547629923749956	0.547700200288134	McGill0002
0	0.0724637699794684	0.547700200288134	0.547717769422678	McGill0002
0	0.0676328495317595	0.547717769422678	0.548016444709934	McGill0002
0	0.0724637699794684	0.548016444709934	0.548262412593556	McGill0002
0	0.0579710132280253	0.548262412593556	0.548297550862645	McGill0002
0	0.0724637699794684	0.548297550862645	0.548350258266278	McGill0002
0	0.0676328495317595	0.548350258266278	0.548543518746267	McGill0002
0	0.0579710132280253	0.548543518746267	0.548807055764433	McGill0002
0	0.0483091769246763	0.548807055764433	0.548894901437155	McGill0002
0	0.0434782610694214	0.548894901437155	0.549035454513511	McGill0002
0	0.0483091769246763	0.549035454513511	0.549140869320777	McGill0002
0	0.0531400973727704	0.549140869320777	0.549158438455322	McGill0002
0	0.0483091769246763	0.549158438455322	0.54935169893531	McGill0002
0	0.0531400973727704	0.54935169893531	0.549369268069855	McGill0002
0	0.0434782610694214	0.549369268069855	0.549457113742577	McGill0002
0	0.0386473452137812	0.549457113742577	0.54966794335711	McGill0002
0	0.0434782610694214	0.54966794335711	0.549755789029832	McGill0002
0	0.0386473452137812	0.549755789029832	0.550019326047999	McGill0002
0	0.0338164247658027	0.550019326047999	0.550036895182543	McGill0002
0	0.0289855066140897	0.550036895182543	0.550054464317088	McGill0002
0	0.0241545884623767	0.550054464317088	0.550318001335254	McGill0002
0	0.0289855066140897	0.550318001335254	0.550704522295232	McGill0002
0	0.0338164247658027	0.550704522295232	0.55077479883341	McGill0002
0	0.0386473452137812	0.55077479883341	0.550792367967954	McGill0002
0	0.0289855066140897	0.550792367967954	0.550897782775221	McGill0002
0	0.0241545884623767	0.550897782775221	0.55105590498612	McGill0002
0	0.0193236726068521	0.55105590498612	0.551249165466109	McGill0002
0	0.0241545884623767	0.551249165466109	0.55137214940792	McGill0002
0	0.0193236726068521	0.55137214940792	0.551916792578798	McGill0002
0	0.0241545884623767	0.551916792578798	0.551951930847887	McGill0002
0	0.0289855066140897	0.551951930847887	0.552022207386064	McGill0002
0	0.0241545884623767	0.552022207386064	0.552145191327875	McGill0002
0	0.0289855066140897	0.552145191327875	0.552426297480586	McGill0002
0	0.0338164247658027	0.552426297480586	0.552531712287853	McGill0002
0	0.0289855066140897	0.552531712287853	0.552988509786008	McGill0002
0	0.0241545884623767	0.552988509786008	0.553006078920553	McGill0002
0	0.0193236726068521	0.553006078920553	0.55307635545873	McGill0002
0	0.0144927533070448	0.55307635545873	0.55323447766963	McGill0002
0	0.0241545884623767	0.55323447766963	0.553304754207808	McGill0002
0	0.0289855066140897	0.553304754207808	0.55339259988053	McGill0002
0	0.0241545884623767	0.55339259988053	0.553568291225974	McGill0002
0	0.0193236726068521	0.553568291225974	0.553761551705963	McGill0002
0	0.0241545884623767	0.553761551705963	0.553919673916863	McGill0002
0	0.0289855066140897	0.553919673916863	0.553954812185952	McGill0002
0	0.0338164247658027	0.553954812185952	0.554130503531396	McGill0002
0	0.0289855066140897	0.554130503531396	0.554271056607752	McGill0002
0	0.0241545884623767	0.554271056607752	0.55430619487684	McGill0002
0	0.0338164247658027	0.55430619487684	0.554657577567729	McGill0002
0	0.0434782610694214	0.554657577567729	0.55493868372044	McGill0002
0	0.0483091769246763	0.55493868372044	0.554956252854984	McGill0002
0	0.0531400973727704	0.554956252854984	0.554991391124073	McGill0002
0	0.0434782610694214	0.554991391124073	0.555131944200429	McGill0002
0	0.0483091769246763	0.555131944200429	0.555430619487684	McGill0002
0	0.0676328495317595	0.555430619487684	0.555518465160406	McGill0002
0	0.0628019336761194	0.555518465160406	0.555659018236762	McGill0002
0	0.0531400973727704	0.555659018236762	0.556063108331284	McGill0002
0	0.0434782610694214	0.556063108331284	0.556379352753083	McGill0002
0	0.0386473452137812	0.556379352753083	0.556396921887628	McGill0002
0	0.0338164247658027	0.556396921887628	0.556414491022172	McGill0002
0	0.0289855066140897	0.556414491022172	0.556625320636706	McGill0002
0	0.0338164247658027	0.556625320636706	0.556678028040339	McGill0002
0	0.0386473452137812	0.556678028040339	0.556695597174883	McGill0002
0	0.0289855066140897	0.556695597174883	0.556765873713061	McGill0002
0	0.0338164247658027	0.556765873713061	0.55680101198215	McGill0002
0	0.0386473452137812	0.55680101198215	0.556871288520328	McGill0002
0	0.0338164247658027	0.556871288520328	0.556941565058505	McGill0002
0	0.0386473452137812	0.556941565058505	0.557187532942127	McGill0002
0	0.0241545884623767	0.557187532942127	0.557345655153027	McGill0002
0	0.0289855066140897	0.557345655153027	0.557380793422116	McGill0002
0	0.0338164247658027	0.557380793422116	0.557732176113005	McGill0002
0	0.0386473452137812	0.557732176113005	0.557749745247549	McGill0002
0	0.0434782610694214	0.557749745247549	0.557943005727538	McGill0002
0	0.0386473452137812	0.557943005727538	0.558382234091149	McGill0002
0	0.0193236726068521	0.558382234091149	0.558698478512948	McGill0002
0	0.0144927533070448	0.558698478512948	0.558716047647493	McGill0002
0	0.0193236726068521	0.558716047647493	0.559102568607471	McGill0002
0	0.0144927533070448	0.559102568607471	0.559313398222004	McGill0002
0	0.0193236726068521	0.559313398222004	0.559471520432903	McGill0002
0	0.0144927533070448	0.559471520432903	0.559506658701992	McGill0002
0	0.00966183630342604	0.559506658701992	0.559594504374715	McGill0002
0	0.0144927533070448	0.559594504374715	0.560244562352859	McGill0002
0	0.0193236726068521	0.560244562352859	0.560437822832847	McGill0002
0	0.0144927533070448	0.560437822832847	0.56096489686918	McGill0002
0	0.0193236726068521	0.56096489686918	0.561070311676447	McGill0002
0	0.0144927533070448	0.561070311676447	0.561351417829158	McGill0002
0	0.00966183630342604	0.561351417829158	0.561983906672757	McGill0002
0	0.00483091815171302	0.561983906672757	0.562721810323624	McGill0002
0	0.00483091815171302	0.562950209072701	0.563951649741734	McGill0002
0	0.00966183630342604	0.563951649741734	0.564584138585333	McGill0002
0	0.0193236726068521	0.564584138585333	0.564619276854422	McGill0002
0	0.0144927533070448	0.564619276854422	0.564724691661689	McGill0002
0	0.0193236726068521	0.564724691661689	0.564777399065322	McGill0002
0	0.0241545884623767	0.564777399065322	0.565216627428933	McGill0002
0	0.0289855066140897	0.565216627428933	0.565269334832566	McGill0002
0	0.0338164247658027	0.565269334832566	0.565568010119822	McGill0002
0	0.0386473452137812	0.565568010119822	0.565708563196177	McGill0002
0	0.0338164247658027	0.565708563196177	0.566112653290699	McGill0002
0	0.0483091769246763	0.566112653290699	0.566165360694332	McGill0002
0	0.0531400973727704	0.566165360694332	0.566288344636143	McGill0002
0	0.0579710132280253	0.566288344636143	0.566341052039777	McGill0002
0	0.0483091769246763	0.566341052039777	0.566464035981588	McGill0002
0	0.0386473452137812	0.566464035981588	0.566973540883376	McGill0002
0	0.0289855066140897	0.566973540883376	0.567324923574265	McGill0002
0	0.0241545884623767	0.567324923574265	0.567869566745142	McGill0002
0	0.0144927533070448	0.567869566745142	0.567922274148775	McGill0002
0	0.00966183630342604	0.567922274148775	0.568045258090587	McGill0002
0	0.00483091815171302	0.568045258090587	0.56825608770512	McGill0002
0	0.00966183630342604	0.56825608770512	0.568273656839664	McGill0002
0	0.0144927533070448	0.568273656839664	0.568291225974209	McGill0002
0	0.0193236726068521	0.568291225974209	0.569591341930497	McGill0002
0	0.0144927533070448	0.569591341930497	0.570013001159563	McGill0002
0	0.00483091815171302	0.571980744228539	0.572367265188517	McGill0002
0	0.00966183630342604	0.572367265188517	0.572437541726695	McGill0002
0	0.0144927533070448	0.572437541726695	0.573034892301205	McGill0002
0	0.0193236726068521	0.573034892301205	0.573702519413894	McGill0002
0	0.0144927533070448	0.573702519413894	0.573843072490249	McGill0002
0	0.0193236726068521	0.573843072490249	0.574106609508416	McGill0002
0	0.0144927533070448	0.574106609508416	0.57412417864296	McGill0002
0	0.00483091815171302	0.57412417864296	0.574141747777505	McGill0002
0	0.0144927533070448	0.574141747777505	0.574194455181138	McGill0002
0	0.00966183630342604	0.574194455181138	0.574422853930216	McGill0002
0	0.0144927533070448	0.574422853930216	0.574563407006571	McGill0002
0	0.0193236726068521	0.574563407006571	0.574616114410204	McGill0002
0	0.0144927533070448	0.574616114410204	0.574703960082926	McGill0002
0	0.0193236726068521	0.574703960082926	0.575582416810148	McGill0002
0	0.0144927533070448	0.575582416810148	0.576162198250114	McGill0002
0	0.00966183630342604	0.576162198250114	0.57630275132647	McGill0002
0	0.00483091815171302	0.57630275132647	0.576443304402825	McGill0002
0	0.00483091815171302	0.576847394497347	0.577146069784602	McGill0002
0	0.00966183630342604	0.577146069784602	0.57753259074458	McGill0002
0	0.0144927533070448	0.57753259074458	0.57860430795179	McGill0002
0	0.00966183630342604	0.57860430795179	0.578692153624512	McGill0002
0	0.00483091815171302	0.578692153624512	0.579184089391757	McGill0002
0	0.00966183630342604	0.579184089391757	0.579271935064479	McGill0002
0	0.00483091815171302	0.579271935064479	0.579904423908078	McGill0002
0	0.00966183630342604	0.579904423908078	0.580203099195334	McGill0002
0	0.0144927533070448	0.580203099195334	0.5809410028462	McGill0002
0	0.00966183630342604	0.5809410028462	0.581661337362522	McGill0002
0	0.00483091815171302	0.581661337362522	0.581924874380688	McGill0002
0	0.00483091815171302	0.582223549667943	0.582293826206121	McGill0002
0	0.00966183630342604	0.582293826206121	0.582926315049721	McGill0002
0	0.0193236726068521	0.582926315049721	0.583312836009698	McGill0002
0	0.0144927533070448	0.583312836009698	0.583769633507853	McGill0002
0	0.0193236726068521	0.583769633507853	0.583787202642398	McGill0002
0	0.0241545884623767	0.583787202642398	0.583980463122387	McGill0002
0	0.0289855066140897	0.583980463122387	0.584226431006009	McGill0002
0	0.0338164247658027	0.584226431006009	0.584261569275098	McGill0002
0	0.0386473452137812	0.584261569275098	0.584683228504164	McGill0002
0	0.0289855066140897	0.584683228504164	0.584929196387786	McGill0002
0	0.0241545884623767	0.584929196387786	0.585052180329597	McGill0002
0	0.0289855066140897	0.585052180329597	0.585210302540497	McGill0002
0	0.0241545884623767	0.585210302540497	0.585298148213219	McGill0002
0	0.0289855066140897	0.585298148213219	0.58557925436593	McGill0002
0	0.0338164247658027	0.58557925436593	0.58573737657683	McGill0002
0	0.0289855066140897	0.58573737657683	0.585842791384097	McGill0002
0	0.0338164247658027	0.585842791384097	0.585965775325907	McGill0002
0	0.0386473452137812	0.585965775325907	0.585983344460452	McGill0002
0	0.0289855066140897	0.585983344460452	0.58621174320953	McGill0002
0	0.0338164247658027	0.58621174320953	0.58680909378404	McGill0002
0	0.0289855066140897	0.58680909378404	0.586879370322218	McGill0002
0	0.0338164247658027	0.586879370322218	0.587037492533118	McGill0002
0	0.0289855066140897	0.587037492533118	0.587160476474929	McGill0002
0	0.0338164247658027	0.587160476474929	0.587265891282195	McGill0002
0	0.0386473452137812	0.587265891282195	0.58728346041674	McGill0002
0	0.0338164247658027	0.58728346041674	0.587336167820373	McGill0002
0	0.0289855066140897	0.587336167820373	0.58759970483854	McGill0002
0	0.0241545884623767	0.58759970483854	0.587722688780351	McGill0002
0	0.0193236726068521	0.587722688780351	0.587863241856706	McGill0002
0	0.0241545884623767	0.587863241856706	0.587951087529428	McGill0002
0	0.0193236726068521	0.587951087529428	0.588618714642117	McGill0002
0	0.0144927533070448	0.588618714642117	0.588917389929372	McGill0002
0	0.00966183630342604	0.588917389929372	0.589005235602094	McGill0002
0	0.00483091815171302	0.589005235602094	0.589409325696616	McGill0002
0	0.00483091815171302	0.589918830598405	0.590006676271127	McGill0002
0	0.00966183630342604	0.590006676271127	0.590270213289293	McGill0002
0	0.0144927533070448	0.590270213289293	0.590797287325626	McGill0002
0	0.0193236726068521	0.590797287325626	0.59084999472926	McGill0002
0	0.0241545884623767	0.59084999472926	0.591429776169226	McGill0002
0	0.0289855066140897	0.591429776169226	0.59176358972557	McGill0002
0	0.0241545884623767	0.59176358972557	0.592027126743737	McGill0002
0	0.0193236726068521	0.592027126743737	0.592255525492814	McGill0002
0	0.0241545884623767	0.592255525492814	0.592378509434625	McGill0002
0	0.0193236726068521	0.592378509434625	0.592501493376436	McGill0002
0	0.0144927533070448	0.592501493376436	0.592747461260058	McGill0002
0	0.0193236726068521	0.592747461260058	0.593063705681858	McGill0002
0	0.0144927533070448	0.593063705681858	0.593169120489125	McGill0002
0	0.00966183630342604	0.593169120489125	0.594012438947257	McGill0002
0	0.00483091815171302	0.594012438947257	0.594486805579957	McGill0002
0	0.00483091815171302	0.595382831441723	0.5964018412453	McGill0002
0	0.00966183630342604	0.5964018412453	0.597139744896166	McGill0002
0	0.00483091815171302	0.597139744896166	0.598158754699743	McGill0002
0	0.00483091815171302	0.599089918830598	0.600267050845075	McGill0002
0	0.00966183630342604	0.600267050845075	0.600829263150497	McGill0002
0	0.00483091815171302	0.600829263150497	0.600917108823219	McGill0002
0	0.00966183630342604	0.600917108823219	0.601865842088619	McGill0002
0	0.0193236726068521	0.601865842088619	0.601918549492252	McGill0002
0	0.0241545884623767	0.601918549492252	0.60198882603043	McGill0002
0	0.0289855066140897	0.60198882603043	0.602006395164974	McGill0002
0	0.0338164247658027	0.602006395164974	0.602023964299519	McGill0002
0	0.0289855066140897	0.602023964299519	0.602568607470396	McGill0002
0	0.0241545884623767	0.602568607470396	0.603587617273973	McGill0002
0	0.0193236726068521	0.603587617273973	0.603605186408518	McGill0002
0	0.0144927533070448	0.603605186408518	0.603675462946695	McGill0002
0	0.00483091815171302	0.603675462946695	0.603763308619417	McGill0002
0	0.00483091815171302	0.604887733230261	0.605186408517516	McGill0002
0	0.00966183630342604	0.605186408517516	0.605432376401138	McGill0002
0	0.0144927533070448	0.605432376401138	0.606644646684704	McGill0002
0	0.00966183630342604	0.606644646684704	0.60694332197196	McGill0002
0	0.00483091815171302	0.60694332197196	0.607136582451949	McGill0002
0	0.00483091815171302	0.607593379950104	0.607769071295548	McGill0002
0	0.00966183630342604	0.607769071295548	0.609350293404547	McGill0002
0	0.00483091815171302	0.609350293404547	0.609508415615447	McGill0002
0	0.00483091815171302	0.609666537826347	0.611370743877157	McGill0002
0	0.00483091815171302	0.611388313011701	0.613092519062511	McGill0002
0	0.00483091815171302	0.614779155978777	0.615253522611476	McGill0002
0	0.00966183630342604	0.615253522611476	0.61653606943322	McGill0002
0	0.00483091815171302	0.61653606943322	0.616957728662286	McGill0002
0	0.00483091815171302	0.617080712604097	0.618451105098563	McGill0002
0	0.00966183630342604	0.618451105098563	0.61883762605854	McGill0002
0	0.00483091815171302	0.61883762605854	0.620208018553006	McGill0002
0	0.00483091815171302	0.621244597491128	0.622140623352894	McGill0002
0	0.00966183630342604	0.622140623352894	0.622825819600127	McGill0002
0	0.0144927533070448	0.622825819600127	0.623001510945571	McGill0002
0	0.00966183630342604	0.623001510945571	0.623739414596437	McGill0002
0	0.0193236726068521	0.623739414596437	0.624371903440037	McGill0002
0	0.0144927533070448	0.624371903440037	0.624494887381848	McGill0002
0	0.00966183630342604	0.624494887381848	0.625057099687269	McGill0002
0	0.0144927533070448	0.625057099687269	0.625074668821814	McGill0002
0	0.0193236726068521	0.625074668821814	0.625408482378158	McGill0002
0	0.0144927533070448	0.625408482378158	0.62549632805088	McGill0002
0	0.00966183630342604	0.62549632805088	0.62644506131628	McGill0002
0	0.0144927533070448	0.62644506131628	0.626814013141713	McGill0002
0	0.00483091815171302	0.626814013141713	0.626901858814435	McGill0002
0	0.00966183630342604	0.626901858814435	0.626919427948979	McGill0002
0	0.0144927533070448	0.626919427948979	0.628307389577989	McGill0002
0	0.0193236726068521	0.628307389577989	0.628324958712534	McGill0002
0	0.0241545884623767	0.628324958712534	0.628483080923434	McGill0002
0	0.0289855066140897	0.628483080923434	0.628535788327067	McGill0002
0	0.0241545884623767	0.628535788327067	0.6285884957307	McGill0002
0	0.0289855066140897	0.6285884957307	0.628676341403422	McGill0002
0	0.0241545884623767	0.628676341403422	0.629098000632489	McGill0002
0	0.0193236726068521	0.629098000632489	0.629203415439755	McGill0002
0	0.0241545884623767	0.629203415439755	0.629941319090622	McGill0002
0	0.0289855066140897	0.629941319090622	0.630064303032433	McGill0002
0	0.0241545884623767	0.630064303032433	0.630081872166977	McGill0002
0	0.0193236726068521	0.630081872166977	0.630222425243333	McGill0002
0	0.0144927533070448	0.630222425243333	0.630275132646966	McGill0002
0	0.00966183630342604	0.630275132646966	0.630907621490565	McGill0002
0	0.0144927533070448	0.630907621490565	0.630942759759654	McGill0002
0	0.00966183630342604	0.630942759759654	0.631048174566921	McGill0002
0	0.0289855066140897	0.631048174566921	0.631136020239643	McGill0002
0	0.0386473452137812	0.631136020239643	0.631171158508732	McGill0002
0	0.0434782610694214	0.631171158508732	0.631698232545065	McGill0002
0	0.0386473452137812	0.631698232545065	0.631715801679609	McGill0002
0	0.0434782610694214	0.631715801679609	0.632067184370498	McGill0002
0	0.0386473452137812	0.632067184370498	0.632137460908676	McGill0002
0	0.0434782610694214	0.632137460908676	0.63215503004322	McGill0002
0	0.0628019336761194	0.63215503004322	0.632348290523209	McGill0002
0	0.0676328495317595	0.632348290523209	0.632664534945009	McGill0002
0	0.0628019336761194	0.632664534945009	0.632717242348642	McGill0002
0	0.0676328495317595	0.632717242348642	0.632805088021364	McGill0002
0	0.0434782610694214	0.632805088021364	0.632892933694086	McGill0002
0	0.0386473452137812	0.632892933694086	0.633261885519519	McGill0002
0	0.0434782610694214	0.633261885519519	0.633472715134053	McGill0002
0	0.0386473452137812	0.633472715134053	0.633507853403141	McGill0002
0	0.0434782610694214	0.633507853403141	0.633876805228575	McGill0002
0	0.0386473452137812	0.633876805228575	0.633911943497663	McGill0002
0	0.0193236726068521	0.633911943497663	0.634105203977652	McGill0002
0	0.0144927533070448	0.634105203977652	0.634474155803085	McGill0002
0	0.00966183630342604	0.634474155803085	0.635018798973963	McGill0002
0	0.00483091815171302	0.63619593098844	0.637900137039249	McGill0002
0	0.00483091815171302	0.63849748761376	0.640096278857303	McGill0002
0	0.00483091815171302	0.642046452791735	0.642573526828068	McGill0002
0	0.00966183630342604	0.642573526828068	0.643030324326224	McGill0002
0	0.0144927533070448	0.643030324326224	0.643434414420746	McGill0002
0	0.0193236726068521	0.643434414420746	0.643539829228012	McGill0002
0	0.0241545884623767	0.643539829228012	0.643750658842546	McGill0002
0	0.0193236726068521	0.643750658842546	0.644330440282512	McGill0002
0	0.0144927533070448	0.644330440282512	0.644365578551601	McGill0002
0	0.0193236726068521	0.644365578551601	0.644787237780667	McGill0002
0	0.0144927533070448	0.644787237780667	0.645191327875189	McGill0002
0	0.00966183630342604	0.645191327875189	0.645261604413367	McGill0002
0	0.00483091815171302	0.645261604413367	0.646122492006044	McGill0002
0	0.00483091815171302	0.646965810464177	0.648687585649531	McGill0002
0	0.00483091815171302	0.649934994202186	0.651006711409396	McGill0002
0	0.00966183630342604	0.651006711409396	0.651639200252996	McGill0002
0	0.00483091815171302	0.651639200252996	0.652306827365684	McGill0002
0	0.00966183630342604	0.652306827365684	0.65272848659475	McGill0002
0	0.00483091815171302	0.65272848659475	0.654028602551038	McGill0002
0	0.00966183630342604	0.654028602551038	0.654415123511016	McGill0002
0	0.0144927533070448	0.654415123511016	0.654485400049194	McGill0002
0	0.0193236726068521	0.654485400049194	0.65474893706736	McGill0002
0	0.0289855066140897	0.65474893706736	0.655188165430971	McGill0002
0	0.0386473452137812	0.655188165430971	0.655434133314593	McGill0002
0	0.0483091769246763	0.655434133314593	0.655697670332759	McGill0002
0	0.0434782610694214	0.655697670332759	0.655767946870937	McGill0002
0	0.0386473452137812	0.655767946870937	0.656013914754559	McGill0002
0	0.0434782610694214	0.656013914754559	0.65613689869637	McGill0002
0	0.0483091769246763	0.65613689869637	0.656172036965459	McGill0002
0	0.0434782610694214	0.656172036965459	0.656242313503637	McGill0002
0	0.0386473452137812	0.656242313503637	0.656488281387259	McGill0002
0	0.0531400973727704	0.656488281387259	0.656505850521803	McGill0002
0	0.0434782610694214	0.656505850521803	0.656699111001792	McGill0002
0	0.0483091769246763	0.656699111001792	0.656716680136336	McGill0002
0	0.0579710132280253	0.656716680136336	0.656945078885414	McGill0002
0	0.0483091769246763	0.656945078885414	0.657191046769036	McGill0002
0	0.0386473452137812	0.657191046769036	0.657770828209003	McGill0002
0	0.0338164247658027	0.657770828209003	0.657893812150813	McGill0002
0	0.0289855066140897	0.657893812150813	0.658227625707158	McGill0002
0	0.0193236726068521	0.658227625707158	0.658245194841702	McGill0002
0	0.0144927533070448	0.658245194841702	0.658456024456235	McGill0002
0	0.00966183630342604	0.667135176921185	0.668242032397484	McGill0002
0	0.0193236726068521	0.668242032397484	0.668874521241084	McGill0002
0	0.0144927533070448	0.668874521241084	0.668892090375628	McGill0002
0	0.00966183630342604	0.668892090375628	0.669067781721072	McGill0002
0	0.0144927533070448	0.669067781721072	0.669225903931972	McGill0002
0	0.0193236726068521	0.669225903931972	0.669998945851927	McGill0002
0	0.00966183630342604	0.669998945851927	0.670824695175516	McGill0002
0	0.00483091815171302	0.670824695175516	0.670982817386416	McGill0002
0	0.00483091815171302	0.672932991320848	0.672950560455392	McGill0002
0	0.00966183630342604	0.672950560455392	0.673793878913525	McGill0002
0	0.0144927533070448	0.673793878913525	0.673811448048069	McGill0002
0	0.0241545884623767	0.673811448048069	0.674074985066236	McGill0002
0	0.0289855066140897	0.674074985066236	0.674654766506202	McGill0002
0	0.0241545884623767	0.674654766506202	0.674689904775291	McGill0002
0	0.0193236726068521	0.674689904775291	0.674830457851646	McGill0002
0	0.0241545884623767	0.674830457851646	0.675146702273446	McGill0002
0	0.0289855066140897	0.675146702273446	0.675199409677079	McGill0002
0	0.0241545884623767	0.675199409677079	0.675252117080713	McGill0002
0	0.0338164247658027	0.675252117080713	0.675287255349802	McGill0002
0	0.0289855066140897	0.675287255349802	0.675550792367968	McGill0002
0	0.0241545884623767	0.675550792367968	0.675831898520679	McGill0002
0	0.0193236726068521	0.675831898520679	0.676025159000668	McGill0002
0	0.0289855066140897	0.676025159000668	0.676534663902456	McGill0002
0	0.0338164247658027	0.676534663902456	0.67658737130609	McGill0002
0	0.0289855066140897	0.67658737130609	0.676903615727889	McGill0002
0	0.0241545884623767	0.676903615727889	0.677009030535156	McGill0002
0	0.0144927533070448	0.677009030535156	0.677114445342422	McGill0002
0	0.0193236726068521	0.677114445342422	0.677202291015145	McGill0002
0	0.0241545884623767	0.677202291015145	0.677219860149689	McGill0002
0	0.0289855066140897	0.677219860149689	0.677290136687867	McGill0002
0	0.0338164247658027	0.677290136687867	0.677782072455111	McGill0002
0	0.0241545884623767	0.677782072455111	0.678238869953266	McGill0002
0	0.0193236726068521	0.678238869953266	0.678344284760533	McGill0002
0	0.0241545884623767	0.678344284760533	0.678484837836888	McGill0002
0	0.0289855066140897	0.678484837836888	0.678871358796866	McGill0002
0	0.0241545884623767	0.678871358796866	0.678924066200499	McGill0002
0	0.0144927533070448	0.678924066200499	0.67904705014231	McGill0002
0	0.00966183630342604	0.67904705014231	0.679082188411399	McGill0002
0	0.0193236726068521	0.679082188411399	0.679732246389543	McGill0002
0	0.0241545884623767	0.679732246389543	0.679767384658632	McGill0002
0	0.0289855066140897	0.679767384658632	0.679855230331354	McGill0002
0	0.0338164247658027	0.679855230331354	0.680101198214976	McGill0002
0	0.0289855066140897	0.680101198214976	0.680224182156787	McGill0002
0	0.0241545884623767	0.680224182156787	0.680452580905865	McGill0002
0	0.0338164247658027	0.680452580905865	0.680557995713131	McGill0002
0	0.0386473452137812	0.680557995713131	0.680733687058576	McGill0002
0	0.0434782610694214	0.680733687058576	0.680839101865842	McGill0002
0	0.0338164247658027	0.680839101865842	0.681243191960364	McGill0002
0	0.0386473452137812	0.681243191960364	0.681489159843986	McGill0002
0	0.0289855066140897	0.681489159843986	0.681612143785797	McGill0002
0	0.0241545884623767	0.681612143785797	0.682174356091219	McGill0002
0	0.0193236726068521	0.682174356091219	0.682209494360308	McGill0002
0	0.0144927533070448	0.682209494360308	0.682314909167574	McGill0002
0	0.00483091815171302	0.682314909167574	0.682490600513019	McGill0002
0	0.00966183630342604	0.682490600513019	0.682666291858463	McGill0002
0	0.0144927533070448	0.682666291858463	0.683931269545662	McGill0002
0	0.0193236726068521	0.683931269545662	0.684177237429284	McGill0002
0	0.0289855066140897	0.684177237429284	0.684247513967462	McGill0002
0	0.0241545884623767	0.684247513967462	0.684370497909273	McGill0002
0	0.0193236726068521	0.684370497909273	0.684598896658351	McGill0002
0	0.0144927533070448	0.684598896658351	0.685301662040128	McGill0002
0	0.0193236726068521	0.685301662040128	0.685688183000105	McGill0002
0	0.0144927533070448	0.685688183000105	0.685828736076461	McGill0002
0	0.0193236726068521	0.685828736076461	0.685899012614639	McGill0002
0	0.0144927533070448	0.685899012614639	0.685934150883727	McGill0002
0	0.00966183630342604	0.685934150883727	0.686232826170983	McGill0002
0	0.0193236726068521	0.686232826170983	0.687058575494571	McGill0002
0	0.0144927533070448	0.687058575494571	0.687234266840016	McGill0002
0	0.0193236726068521	0.687234266840016	0.687585649530904	McGill0002
0	0.0144927533070448	0.687585649530904	0.687989739625426	McGill0002
0	0.00483091815171302	0.687989739625426	0.68816543097087	McGill0002
0	0.00966183630342604	0.68816543097087	0.688499244527215	McGill0002
0	0.0144927533070448	0.688499244527215	0.688973611159914	McGill0002
0	0.00966183630342604	0.688973611159914	0.689289855581714	McGill0002
0	0.0144927533070448	0.689289855581714	0.689729083945325	McGill0002
0	0.0193236726068521	0.689729083945325	0.689887206156225	McGill0002
0	0.0144927533070448	0.689887206156225	0.690256157981658	McGill0002
0	0.00966183630342604	0.690256157981658	0.690853508556169	McGill0002
0	0.00483091815171302	0.690853508556169	0.691345444323413	McGill0002
0	0.00966183630342604	0.691345444323413	0.691485997399768	McGill0002
0	0.00483091815171302	0.691485997399768	0.691714396148846	McGill0002
0	0.00966183630342604	0.691714396148846	0.692505007203345	McGill0002
0	0.0144927533070448	0.692505007203345	0.693049650374223	McGill0002
0	0.00966183630342604	0.693049650374223	0.693365894796022	McGill0002
0	0.00483091815171302	0.693365894796022	0.6934361713342	McGill0002
0	0.00966183630342604	0.6934361713342	0.693541586141467	McGill0002
0	0.0144927533070448	0.693541586141467	0.693734846621456	McGill0002
0	0.0193236726068521	0.693734846621456	0.693805123159633	McGill0002
0	0.0241545884623767	0.693805123159633	0.694174074985066	McGill0002
0	0.0193236726068521	0.694174074985066	0.694648441617766	McGill0002
0	0.0241545884623767	0.694648441617766	0.695193084788643	McGill0002
0	0.0289855066140897	0.695193084788643	0.69529849959591	McGill0002
0	0.0241545884623767	0.69529849959591	0.695368776134088	McGill0002
0	0.0289855066140897	0.695368776134088	0.695421483537721	McGill0002
0	0.0241545884623767	0.695421483537721	0.695474190941354	McGill0002
0	0.0193236726068521	0.695474190941354	0.696299940264943	McGill0002
0	0.0144927533070448	0.696299940264943	0.69637021680312	McGill0002
0	0.00966183630342604	0.69637021680312	0.696879721704909	McGill0002
0	0.00483091815171302	0.696879721704909	0.697125689588531	McGill0002
0	0.00483091815171302	0.697371657472153	0.697810885835764	McGill0002
0	0.00966183630342604	0.697810885835764	0.698408236410274	McGill0002
0	0.0144927533070448	0.698408236410274	0.699128570926596	McGill0002
0	0.00966183630342604	0.699128570926596	0.699567799290207	McGill0002
0	0.00483091815171302	0.699567799290207	0.700165149864718	McGill0002
0	0.0193236726068521	0.704399311289926	0.704452018693559	McGill0002
0	0.0241545884623767	0.704452018693559	0.704996661864437	McGill0002
0	0.0289855066140897	0.704996661864437	0.705471028497136	McGill0002
0	0.0338164247658027	0.705471028497136	0.70552373590077	McGill0002
0	0.0386473452137812	0.70552373590077	0.705910256860747	McGill0002
0	0.0434782610694214	0.705910256860747	0.706050809937103	McGill0002
0	0.0386473452137812	0.706050809937103	0.706138655609825	McGill0002
0	0.0289855066140897	0.706138655609825	0.706156224744369	McGill0002
0	0.0241545884623767	0.706156224744369	0.706191363013458	McGill0002
0	0.0193236726068521	0.706191363013458	0.706454900031624	McGill0002
0	0.0241545884623767	0.706454900031624	0.706472469166169	McGill0002
0	0.0289855066140897	0.706472469166169	0.706490038300713	McGill0002
0	0.0338164247658027	0.706490038300713	0.706525176569802	McGill0002
0	0.0386473452137812	0.706525176569802	0.706665729646158	McGill0002
0	0.0531400973727704	0.706665729646158	0.706736006184335	McGill0002
0	0.0483091769246763	0.706736006184335	0.707140096278857	McGill0002
0	0.0434782610694214	0.707140096278857	0.707175234547946	McGill0002
0	0.0386473452137812	0.707175234547946	0.707649601180646	McGill0002
0	0.0193236726068521	0.707649601180646	0.707948276467901	McGill0002
0	0.0241545884623767	0.707948276467901	0.707965845602446	McGill0002
0	0.0289855066140897	0.707965845602446	0.708036122140623	McGill0002
0	0.0338164247658027	0.708036122140623	0.708053691275168	McGill0002
0	0.0386473452137812	0.708053691275168	0.708194244351523	McGill0002
0	0.0338164247658027	0.708194244351523	0.708387504831512	McGill0002
0	0.0241545884623767	0.708387504831512	0.708422643100601	McGill0002
0	0.0193236726068521	0.708422643100601	0.708668610984223	McGill0002
0	0.0241545884623767	0.708668610984223	0.709107839347834	McGill0002
0	0.0289855066140897	0.709107839347834	0.709705189922345	McGill0002
0	0.0144927533070448	0.709705189922345	0.709810604729611	McGill0002
0	0.00966183630342604	0.709810604729611	0.710337678765944	McGill0002
0	0.00483091815171302	0.710337678765944	0.710864752802277	McGill0002
0	0.00483091815171302	0.711040444147721	0.711690502125865	McGill0002
0	0.00966183630342604	0.711690502125865	0.712797357602165	McGill0002
0	0.00483091815171302	0.712797357602165	0.712955479813064	McGill0002
0	0.00966183630342604	0.712955479813064	0.71325415510032	McGill0002
0	0.0193236726068521	0.71325415510032	0.71341227731122	McGill0002
0	0.0144927533070448	0.71341227731122	0.713429846445764	McGill0002
0	0.0193236726068521	0.713429846445764	0.713552830387575	McGill0002
0	0.0241545884623767	0.713552830387575	0.713640676060297	McGill0002
0	0.0289855066140897	0.713640676060297	0.713904213078464	McGill0002
0	0.0386473452137812	0.713904213078464	0.713974489616641	McGill0002
0	0.0434782610694214	0.713974489616641	0.71400962788573	McGill0002
0	0.0483091769246763	0.71400962788573	0.714431287114797	McGill0002
0	0.0531400973727704	0.714431287114797	0.714606978460241	McGill0002
0	0.0483091769246763	0.714606978460241	0.714712393267508	McGill0002
0	0.0531400973727704	0.714712393267508	0.714765100671141	McGill0002
0	0.0579710132280253	0.714765100671141	0.714817808074774	McGill0002
0	0.0628019336761194	0.714817808074774	0.714923222882041	McGill0002
0	0.0676328495317595	0.714923222882041	0.714993499420219	McGill0002
0	0.0724637699794684	0.714993499420219	0.715011068554763	McGill0002
0	0.0676328495317595	0.715011068554763	0.715063775958396	McGill0002
0	0.0724637699794684	0.715063775958396	0.71511648336203	McGill0002
0	0.0772946904275624	0.71511648336203	0.715151621631119	McGill0002
0	0.0821256016903634	0.715151621631119	0.715186759900207	McGill0002
0	0.0724637699794684	0.715186759900207	0.715204329034752	McGill0002
0	0.0821256016903634	0.715204329034752	0.715239467303841	McGill0002
0	0.0869565221384575	0.715239467303841	0.715257036438385	McGill0002
0	0.0917874425865516	0.715257036438385	0.715292174707474	McGill0002
0	0.0966183538493526	0.715292174707474	0.715362451245652	McGill0002
0	0.101449274297447	0.715362451245652	0.715380020380196	McGill0002
0	0.106280194745156	0.715380020380196	0.715432727783829	McGill0002
0	0.11111111519325	0.715432727783829	0.715450296918374	McGill0002
0	0.106280194745156	0.715450296918374	0.715590849994729	McGill0002
0	0.11111111519325	0.715590849994729	0.715661126532907	McGill0002
0	0.101449274297447	0.715661126532907	0.71571383393654	McGill0002
0	0.106280194745156	0.71571383393654	0.715766541340174	McGill0002
0	0.101449274297447	0.715766541340174	0.715994940089251	McGill0002
0	0.11111111519325	0.715994940089251	0.71603007835834	McGill0002
0	0.120772946904145	0.71603007835834	0.71618820056924	McGill0002
0	0.115942026456436	0.71618820056924	0.716205769703784	McGill0002
0	0.120772946904145	0.716205769703784	0.716258477107418	McGill0002
0	0.125603867352239	0.716258477107418	0.716293615376507	McGill0002
0	0.120772946904145	0.716293615376507	0.716399030183773	McGill0002
0	0.125603867352239	0.716399030183773	0.716434168452862	McGill0002
0	0.130434778615425	0.716434168452862	0.716469306721951	McGill0002
0	0.125603867352239	0.716469306721951	0.716522014125584	McGill0002
0	0.120772946904145	0.716522014125584	0.716574721529217	McGill0002
0	0.115942026456436	0.716574721529217	0.716750412874662	McGill0002
0	0.11111111519325	0.716750412874662	0.716785551143751	McGill0002
0	0.120772946904145	0.716785551143751	0.716803120278295	McGill0002
0	0.115942026456436	0.716803120278295	0.716890965951017	McGill0002
0	0.11111111519325	0.716890965951017	0.716908535085562	McGill0002
0	0.106280194745156	0.716908535085562	0.716943673354651	McGill0002
0	0.101449274297447	0.716943673354651	0.716961242489195	McGill0002
0	0.0966183538493526	0.716961242489195	0.716996380758284	McGill0002
0	0.0869565221384575	0.716996380758284	0.717013949892828	McGill0002
0	0.0917874425865516	0.717013949892828	0.717049088161917	McGill0002
0	0.0821256016903634	0.717049088161917	0.717119364700095	McGill0002
0	0.0724637699794684	0.717119364700095	0.717136933834639	McGill0002
0	0.0676328495317595	0.717136933834639	0.717189641238273	McGill0002
0	0.0724637699794684	0.717189641238273	0.717330194314628	McGill0002
0	0.0821256016903634	0.717330194314628	0.717347763449173	McGill0002
0	0.0772946904275624	0.717347763449173	0.717488316525528	McGill0002
0	0.0869565221384575	0.717488316525528	0.717523454794617	McGill0002
0	0.0917874425865516	0.717523454794617	0.717593731332795	McGill0002
0	0.101449274297447	0.717593731332795	0.717611300467339	McGill0002
0	0.106280194745156	0.717611300467339	0.717681577005517	McGill0002
0	0.101449274297447	0.717681577005517	0.717699146140061	McGill0002
0	0.106280194745156	0.717699146140061	0.71773428440915	McGill0002
0	0.11111111519325	0.71773428440915	0.717751853543694	McGill0002
0	0.115942026456436	0.717751853543694	0.717786991812783	McGill0002
0	0.106280194745156	0.717786991812783	0.717962683158228	McGill0002
0	0.0917874425865516	0.717962683158228	0.718015390561861	McGill0002
0	0.0869565221384575	0.718015390561861	0.718032959696405	McGill0002
0	0.11111111519325	0.718032959696405	0.718173512772761	McGill0002
0	0.115942026456436	0.718173512772761	0.718191081907305	McGill0002
0	0.11111111519325	0.718191081907305	0.718278927580028	McGill0002
0	0.106280194745156	0.718278927580028	0.718331634983661	McGill0002
0	0.115942026456436	0.718331634983661	0.71836677325275	McGill0002
0	0.120772946904145	0.71836677325275	0.718437049790927	McGill0002
0	0.125603867352239	0.718437049790927	0.718595172001827	McGill0002
0	0.130434778615425	0.718595172001827	0.718700586809094	McGill0002
0	0.149758451222123	0.718700586809094	0.718753294212727	McGill0002
0	0.144927539958937	0.718753294212727	0.718858709019994	McGill0002
0	0.149758451222123	0.718858709019994	0.718911416423627	McGill0002
0	0.15458938085474	0.718911416423627	0.718981692961805	McGill0002
0	0.159420282933018	0.718981692961805	0.719069538634527	McGill0002
0	0.164251203381112	0.719069538634527	0.719087107769071	McGill0002
0	0.159420282933018	0.719087107769071	0.719245229979971	McGill0002
0	0.149758451222123	0.719245229979971	0.719262799114516	McGill0002
0	0.15458938085474	0.719262799114516	0.719315506518149	McGill0002
0	0.164251203381112	0.719315506518149	0.719333075652693	McGill0002
0	0.159420282933018	0.719333075652693	0.719350644787238	McGill0002
0	0.149758451222123	0.719350644787238	0.719368213921782	McGill0002
0	0.15458938085474	0.719368213921782	0.719403352190871	McGill0002
0	0.159420282933018	0.719403352190871	0.719456059594504	McGill0002
0	0.149758451222123	0.719456059594504	0.719473628729049	McGill0002
0	0.144927539958937	0.719473628729049	0.719491197863593	McGill0002
0	0.140096619511228	0.719491197863593	0.719702027478126	McGill0002
0	0.144927539958937	0.719702027478126	0.719737165747215	McGill0002
0	0.140096619511228	0.719737165747215	0.71975473488176	McGill0002
0	0.144927539958937	0.71975473488176	0.719789873150849	McGill0002
0	0.130434778615425	0.719789873150849	0.719860149689026	McGill0002
0	0.135265699063134	0.719860149689026	0.71991285709266	McGill0002
0	0.140096619511228	0.71991285709266	0.719930426227204	McGill0002
0	0.144927539958937	0.719930426227204	0.719947995361749	McGill0002
0	0.149758451222123	0.719947995361749	0.720018271899926	McGill0002
0	0.15458938085474	0.720018271899926	0.720088548438104	McGill0002
0	0.140096619511228	0.720088548438104	0.720176394110826	McGill0002
0	0.135265699063134	0.720176394110826	0.720211532379915	McGill0002
0	0.130434778615425	0.720211532379915	0.720299378052637	McGill0002
0	0.120772946904145	0.720299378052637	0.72035208545627	McGill0002
0	0.115942026456436	0.72035208545627	0.720457500263537	McGill0002
0	0.0917874425865516	0.720457500263537	0.720492638532626	McGill0002
0	0.0869565221384575	0.720492638532626	0.72051020766717	McGill0002
0	0.0821256016903634	0.72051020766717	0.720545345936259	McGill0002
0	0.0869565221384575	0.720545345936259	0.720562915070804	McGill0002
0	0.0917874425865516	0.720562915070804	0.720598053339892	McGill0002
0	0.101449274297447	0.720598053339892	0.720615622474437	McGill0002
0	0.0966183538493526	0.720615622474437	0.72082645208897	McGill0002
0	0.0917874425865516	0.72082645208897	0.720844021223515	McGill0002
0	0.0966183538493526	0.720844021223515	0.720861590358059	McGill0002
0	0.101449274297447	0.720861590358059	0.721002143434414	McGill0002
0	0.0966183538493526	0.721002143434414	0.721037281703503	McGill0002
0	0.0821256016903634	0.721037281703503	0.721072419972592	McGill0002
0	0.0772946904275624	0.721072419972592	0.721125127376225	McGill0002
0	0.0724637699794684	0.721125127376225	0.721160265645314	McGill0002
0	0.0676328495317595	0.721160265645314	0.721265680452581	McGill0002
0	0.0724637699794684	0.721265680452581	0.721423802663481	McGill0002
0	0.0821256016903634	0.721423802663481	0.72145894093257	McGill0002
0	0.0772946904275624	0.72145894093257	0.721494079201659	McGill0002
0	0.0821256016903634	0.721494079201659	0.72161706314347	McGill0002
0	0.0772946904275624	0.72161706314347	0.721669770547103	McGill0002
0	0.0676328495317595	0.721669770547103	0.721687339681647	McGill0002
0	0.0579710132280253	0.721687339681647	0.721704908816192	McGill0002
0	0.0628019336761194	0.721704908816192	0.721740047085281	McGill0002
0	0.0579710132280253	0.721740047085281	0.721898169296181	McGill0002
0	0.0628019336761194	0.721898169296181	0.721950876699814	McGill0002
0	0.0724637699794684	0.721950876699814	0.722038722372536	McGill0002
0	0.0772946904275624	0.722038722372536	0.722091429776169	McGill0002
0	0.0821256016903634	0.722091429776169	0.722126568045258	McGill0002
0	0.0869565221384575	0.722126568045258	0.722179275448891	McGill0002
0	0.0917874425865516	0.722179275448891	0.722302259390702	McGill0002
0	0.0869565221384575	0.722302259390702	0.722319828525247	McGill0002
0	0.0821256016903634	0.722319828525247	0.722354966794336	McGill0002
0	0.0724637699794684	0.722354966794336	0.72237253592888	McGill0002
0	0.0772946904275624	0.72237253592888	0.722600934677958	McGill0002
0	0.0724637699794684	0.722600934677958	0.722618503812502	McGill0002
0	0.0676328495317595	0.722618503812502	0.722653642081591	McGill0002
0	0.0724637699794684	0.722653642081591	0.722917179099758	McGill0002
0	0.0772946904275624	0.722917179099758	0.723022593907024	McGill0002
0	0.0724637699794684	0.723022593907024	0.723180716117924	McGill0002
0	0.0628019336761194	0.723180716117924	0.723233423521557	McGill0002
0	0.0579710132280253	0.723233423521557	0.723250992656102	McGill0002
0	0.0531400973727704	0.723250992656102	0.723461822270635	McGill0002
0	0.0483091769246763	0.723461822270635	0.723549667943357	McGill0002
0	0.0579710132280253	0.723549667943357	0.723637513616079	McGill0002
0	0.0628019336761194	0.723637513616079	0.723655082750624	McGill0002
0	0.0579710132280253	0.723655082750624	0.723707790154257	McGill0002
0	0.0483091769246763	0.723707790154257	0.723778066692435	McGill0002
0	0.0434782610694214	0.723778066692435	0.723848343230612	McGill0002
0	0.0386473452137812	0.723848343230612	0.723883481499701	McGill0002
0	0.0289855066140897	0.723883481499701	0.724129449383323	McGill0002
0	0.0241545884623767	0.724129449383323	0.724252433325134	McGill0002
0	0.0289855066140897	0.724252433325134	0.724410555536034	McGill0002
0	0.0241545884623767	0.724410555536034	0.724674092554201	McGill0002
0	0.0193236726068521	0.724674092554201	0.724744369092378	McGill0002
0	0.0241545884623767	0.724744369092378	0.725271443128712	McGill0002
0	0.0289855066140897	0.725271443128712	0.7253065813978	McGill0002
0	0.0193236726068521	0.7253065813978	0.725394427070523	McGill0002
0	0.0144927533070448	0.725394427070523	0.725534980146878	McGill0002
0	0.0193236726068521	0.725534980146878	0.725798517165044	McGill0002
0	0.0241545884623767	0.725798517165044	0.726009346779578	McGill0002
0	0.0193236726068521	0.726009346779578	0.726448575143189	McGill0002
0	0.0144927533070448	0.726448575143189	0.727028356583155	McGill0002
0	0.00966183630342604	0.727028356583155	0.727133771390421	McGill0002
0	0.0144927533070448	0.727133771390421	0.727239186197688	McGill0002
0	0.00483091815171302	0.727239186197688	0.727836536772199	McGill0002
0	0.00966183630342604	0.727836536772199	0.728767700903054	McGill0002
0	0.0144927533070448	0.728767700903054	0.72887311571032	McGill0002
0	0.00966183630342604	0.72887311571032	0.729206929266664	McGill0002
0	0.0144927533070448	0.729206929266664	0.729224498401209	McGill0002
0	0.0193236726068521	0.729224498401209	0.729593450226642	McGill0002
0	0.0144927533070448	0.729593450226642	0.729698865033909	McGill0002
0	0.0193236726068521	0.729698865033909	0.730524614357497	McGill0002
0	0.0144927533070448	0.730524614357497	0.730700305702941	McGill0002
0	0.00966183630342604	0.730700305702941	0.730717874837486	McGill0002
0	0.0144927533070448	0.730717874837486	0.730805720510208	McGill0002
0	0.0193236726068521	0.730805720510208	0.73089356618293	McGill0002
0	0.0144927533070448	0.73089356618293	0.730981411855652	McGill0002
0	0.00966183630342604	0.730981411855652	0.730998980990196	McGill0002
0	0.0241545884623767	0.730998980990196	0.73196528339014	McGill0002
0	0.0289855066140897	0.73196528339014	0.732070698197407	McGill0002
0	0.0338164247658027	0.732070698197407	0.732193682139218	McGill0002
0	0.0386473452137812	0.732193682139218	0.732474788291929	McGill0002
0	0.0338164247658027	0.732474788291929	0.732562633964651	McGill0002
0	0.0289855066140897	0.732562633964651	0.73275589444464	McGill0002
0	0.0144927533070448	0.73275589444464	0.733195122808251	McGill0002
0	0.0193236726068521	0.733195122808251	0.733388383288239	McGill0002
0	0.0144927533070448	0.733388383288239	0.733704627710039	McGill0002
0	0.00966183630342604	0.733704627710039	0.733915457324572	McGill0002
0	0.00483091815171302	0.733915457324572	0.734952036262694	McGill0002
0	0.00483091815171302	0.739115921149724	0.739484872975157	McGill0002
0	0.00966183630342604	0.739484872975157	0.740205207491479	McGill0002
0	0.0144927533070448	0.740205207491479	0.740855265469623	McGill0002
0	0.00966183630342604	0.740855265469623	0.741224217295056	McGill0002
0	0.00483091815171302	0.741224217295056	0.7415580308514	McGill0002
0	0.00966183630342604	0.7415580308514	0.741944551811378	McGill0002
0	0.00483091815171302	0.741944551811378	0.742805439404055	McGill0002
0	0.00966183630342604	0.742805439404055	0.743227098633121	McGill0002
0	0.0144927533070448	0.743227098633121	0.743314944305844	McGill0002
0	0.00966183630342604	0.743314944305844	0.744316384974876	McGill0002
0	0.0144927533070448	0.744316384974876	0.744984012087565	McGill0002
0	0.00966183630342604	0.744984012087565	0.745405671316631	McGill0002
0	0.0193236726068521	0.745405671316631	0.745686777469342	McGill0002
0	0.0289855066140897	0.745686777469342	0.746055729294775	McGill0002
0	0.0241545884623767	0.746055729294775	0.746231420640219	McGill0002
0	0.0289855066140897	0.746231420640219	0.746301697178397	McGill0002
0	0.0241545884623767	0.746301697178397	0.747127446501985	McGill0002
0	0.0193236726068521	0.747127446501985	0.747162584771074	McGill0002
0	0.0144927533070448	0.747162584771074	0.747443690923785	McGill0002
0	0.00483091815171302	0.747443690923785	0.747970764960118	McGill0002
0	0.00483091815171302	0.748427562458273	0.750184475912717	McGill0002
0	0.00483091815171302	0.751414315330827	0.75194138936716	McGill0002
0	0.0144927533070448	0.75194138936716	0.752011665905338	McGill0002
0	0.0193236726068521	0.752011665905338	0.752081942443515	McGill0002
0	0.0241545884623767	0.752081942443515	0.75209951157806	McGill0002
0	0.0289855066140897	0.75209951157806	0.752380617730771	McGill0002
0	0.0338164247658027	0.752380617730771	0.752450894268948	McGill0002
0	0.0386473452137812	0.752450894268948	0.752468463403493	McGill0002
0	0.0434782610694214	0.752468463403493	0.752995537439826	McGill0002
0	0.0386473452137812	0.752995537439826	0.753206367054359	McGill0002
0	0.0434782610694214	0.753206367054359	0.753557749745248	McGill0002
0	0.0531400973727704	0.753557749745248	0.753592888014337	McGill0002
0	0.0579710132280253	0.753592888014337	0.75364559541797	McGill0002
0	0.0531400973727704	0.75364559541797	0.753698302821603	McGill0002
0	0.0483091769246763	0.753698302821603	0.753733441090692	McGill0002
0	0.0531400973727704	0.753733441090692	0.753768579359781	McGill0002
0	0.0483091769246763	0.753768579359781	0.75380371762887	McGill0002
0	0.0434782610694214	0.75380371762887	0.753838855897959	McGill0002
0	0.0386473452137812	0.753838855897959	0.753891563301592	McGill0002
0	0.0434782610694214	0.753891563301592	0.754137531185214	McGill0002
0	0.0386473452137812	0.754137531185214	0.754190238588847	McGill0002
0	0.0289855066140897	0.754190238588847	0.754524052145191	McGill0002
0	0.0338164247658027	0.754524052145191	0.75455919041428	McGill0002
0	0.0386473452137812	0.75455919041428	0.754963280508802	McGill0002
0	0.0338164247658027	0.754963280508802	0.754998418777891	McGill0002
0	0.0531400973727704	0.754998418777891	0.755209248392424	McGill0002
0	0.0579710132280253	0.755209248392424	0.755314663199691	McGill0002
0	0.0434782610694214	0.755314663199691	0.755490354545135	McGill0002
0	0.0386473452137812	0.755490354545135	0.755648476756035	McGill0002
0	0.0338164247658027	0.755648476756035	0.75594715204329	McGill0002
0	0.0434782610694214	0.75594715204329	0.755964721177835	McGill0002
0	0.0531400973727704	0.755964721177835	0.756193119926912	McGill0002
0	0.0579710132280253	0.756193119926912	0.756210689061457	McGill0002
0	0.0531400973727704	0.756210689061457	0.756280965599635	McGill0002
0	0.0483091769246763	0.756280965599635	0.756491795214168	McGill0002
0	0.0434782610694214	0.756491795214168	0.756755332232334	McGill0002
0	0.0289855066140897	0.756755332232334	0.757229698865034	McGill0002
0	0.0241545884623767	0.757229698865034	0.757704065497734	McGill0002
0	0.00483091815171302	0.757704065497734	0.757844618574089	McGill0002
0	0.0144927533070448	0.758196001264978	0.758459538283144	McGill0002
0	0.0193236726068521	0.758459538283144	0.758775782704944	McGill0002
0	0.0241545884623767	0.758775782704944	0.759074457992199	McGill0002
0	0.0289855066140897	0.759074457992199	0.759250149337644	McGill0002
0	0.0386473452137812	0.759250149337644	0.759285287606733	McGill0002
0	0.0434782610694214	0.759285287606733	0.759654239432166	McGill0002
0	0.0386473452137812	0.759654239432166	0.759777223373977	McGill0002
0	0.0338164247658027	0.759777223373977	0.759935345584877	McGill0002
0	0.0386473452137812	0.759935345584877	0.759952914719421	McGill0002
0	0.0338164247658027	0.759952914719421	0.760128606064865	McGill0002
0	0.0289855066140897	0.760128606064865	0.760216451737588	McGill0002
0	0.0241545884623767	0.760216451737588	0.760269159141221	McGill0002
0	0.0289855066140897	0.760269159141221	0.760813802312098	McGill0002
0	0.0241545884623767	0.760813802312098	0.760989493657542	McGill0002
0	0.0338164247658027	0.760989493657542	0.761007062792087	McGill0002
0	0.0193236726068521	0.761007062792087	0.761446291155698	McGill0002
0	0.0241545884623767	0.761446291155698	0.761463860290242	McGill0002
0	0.0289855066140897	0.761463860290242	0.76169225903932	McGill0002
0	0.0241545884623767	0.76169225903932	0.761762535577497	McGill0002
0	0.0386473452137812	0.761762535577497	0.762026072595664	McGill0002
0	0.0338164247658027	0.762026072595664	0.762254471344742	McGill0002
0	0.0386473452137812	0.762254471344742	0.762324747882919	McGill0002
0	0.0483091769246763	0.762324747882919	0.762342317017464	McGill0002
0	0.0579710132280253	0.762342317017464	0.762728837977441	McGill0002
0	0.0483091769246763	0.762728837977441	0.762869391053797	McGill0002
0	0.0531400973727704	0.762869391053797	0.76292209845743	McGill0002
0	0.0628019336761194	0.76292209845743	0.763009944130152	McGill0002
0	0.0676328495317595	0.763009944130152	0.763203204610141	McGill0002
0	0.0628019336761194	0.763203204610141	0.763466741628307	McGill0002
0	0.0531400973727704	0.763466741628307	0.763519449031941	McGill0002
0	0.0483091769246763	0.763519449031941	0.764081661337363	McGill0002
0	0.0386473452137812	0.764081661337363	0.764099230471907	McGill0002
0	0.0338164247658027	0.764099230471907	0.764591166239151	McGill0002
0	0.0289855066140897	0.764591166239151	0.76462630450824	McGill0002
0	0.0241545884623767	0.76462630450824	0.764679011911873	McGill0002
0	0.0193236726068521	0.764679011911873	0.764766857584595	McGill0002
0	0.0144927533070448	0.764766857584595	0.764960118064584	McGill0002
0	0.00966183630342604	0.764960118064584	0.765065532871851	McGill0002
0	0.0144927533070448	0.765065532871851	0.765153378544573	McGill0002
0	0.0193236726068521	0.765153378544573	0.765206085948206	McGill0002
0	0.0241545884623767	0.765206085948206	0.765680452580906	McGill0002
0	0.0193236726068521	0.765680452580906	0.765838574791806	McGill0002
0	0.0144927533070448	0.765838574791806	0.766734600653572	McGill0002
0	0.00483091815171302	0.766734600653572	0.766962999402649	McGill0002
0	0.00483091815171302	0.767103552479005	0.767525211708071	McGill0002
0	0.00966183630342604	0.767525211708071	0.767788748726238	McGill0002
0	0.0144927533070448	0.767788748726238	0.768491514108015	McGill0002
0	0.0193236726068521	0.768491514108015	0.768772620260726	McGill0002
0	0.0241545884623767	0.768772620260726	0.768860465933448	McGill0002
0	0.0193236726068521	0.768860465933448	0.769071295547981	McGill0002
0	0.0241545884623767	0.769071295547981	0.769282125162515	McGill0002
0	0.0193236726068521	0.769282125162515	0.769510523911592	McGill0002
0	0.0144927533070448	0.769510523911592	0.769686215257036	McGill0002
0	0.0338164247658027	0.769686215257036	0.770195720158825	McGill0002
0	0.0289855066140897	0.770195720158825	0.770388980638814	McGill0002
0	0.0338164247658027	0.770388980638814	0.770406549773358	McGill0002
0	0.0386473452137812	0.770406549773358	0.770511964580625	McGill0002
0	0.0338164247658027	0.770511964580625	0.770793070733336	McGill0002
0	0.0289855066140897	0.770793070733336	0.770828209002425	McGill0002
0	0.0434782610694214	0.770828209002425	0.771056607751502	McGill0002
0	0.0483091769246763	0.771056607751502	0.771109315155136	McGill0002
0	0.0579710132280253	0.771109315155136	0.771144453424224	McGill0002
0	0.0628019336761194	0.771144453424224	0.771407990442391	McGill0002
0	0.0724637699794684	0.771407990442391	0.77144312871148	McGill0002
0	0.0579710132280253	0.77144312871148	0.771671527460557	McGill0002
0	0.0628019336761194	0.771671527460557	0.771794511402368	McGill0002
0	0.0676328495317595	0.771794511402368	0.771882357075091	McGill0002
0	0.0724637699794684	0.771882357075091	0.771952633613268	McGill0002
0	0.0821256016903634	0.771952633613268	0.772145894093257	McGill0002
0	0.0772946904275624	0.772145894093257	0.772163463227801	McGill0002
0	0.0724637699794684	0.772163463227801	0.772532415053234	McGill0002
0	0.0676328495317595	0.772532415053234	0.772549984187779	McGill0002
0	0.0628019336761194	0.772549984187779	0.772585122456868	McGill0002
0	0.0579710132280253	0.772585122456868	0.772778382936857	McGill0002
0	0.0628019336761194	0.772778382936857	0.772813521205945	McGill0002
0	0.0483091769246763	0.772813521205945	0.772848659475034	McGill0002
0	0.0434782610694214	0.772848659475034	0.773129765627745	McGill0002
0	0.0338164247658027	0.773129765627745	0.773164903896834	McGill0002
0	0.0289855066140897	0.773164903896834	0.773182473031378	McGill0002
0	0.0338164247658027	0.773182473031378	0.773375733511367	McGill0002
0	0.0434782610694214	0.773375733511367	0.773393302645912	McGill0002
0	0.0386473452137812	0.773393302645912	0.773551424856812	McGill0002
0	0.0338164247658027	0.773551424856812	0.773639270529534	McGill0002
0	0.0193236726068521	0.773639270529534	0.773937945816789	McGill0002
0	0.0241545884623767	0.773937945816789	0.774113637162233	McGill0002
0	0.0289855066140897	0.774113637162233	0.774236621104044	McGill0002
0	0.0338164247658027	0.774236621104044	0.7745352963913	McGill0002
0	0.0289855066140897	0.7745352963913	0.774746126005833	McGill0002
0	0.0338164247658027	0.774746126005833	0.774939386485822	McGill0002
0	0.0289855066140897	0.774939386485822	0.77513264696581	McGill0002
0	0.0193236726068521	0.77513264696581	0.775150216100355	McGill0002
0	0.0241545884623767	0.775150216100355	0.775185354369444	McGill0002
0	0.0289855066140897	0.775185354369444	0.775870550616677	McGill0002
0	0.0241545884623767	0.775870550616677	0.775940827154854	McGill0002
0	0.0289855066140897	0.775940827154854	0.775958396289399	McGill0002
0	0.0241545884623767	0.775958396289399	0.776028672827577	McGill0002
0	0.0193236726068521	0.776028672827577	0.77608138023121	McGill0002
0	0.0241545884623767	0.77608138023121	0.776116518500299	McGill0002
0	0.0289855066140897	0.776116518500299	0.776134087634843	McGill0002
0	0.0338164247658027	0.776134087634843	0.776503039460276	McGill0002
0	0.0289855066140897	0.776503039460276	0.776907129554798	McGill0002
0	0.0241545884623767	0.776907129554798	0.776942267823887	McGill0002
0	0.0193236726068521	0.776942267823887	0.777258512245687	McGill0002
0	0.0241545884623767	0.777258512245687	0.777293650514776	McGill0002
0	0.0289855066140897	0.777293650514776	0.777680171474753	McGill0002
0	0.0241545884623767	0.777680171474753	0.777838293685653	McGill0002
0	0.0144927533070448	0.777838293685653	0.777891001089286	McGill0002
0	0.00966183630342604	0.777891001089286	0.77901542570013	McGill0002
0	0.00483091815171302	0.77901542570013	0.779032994834675	McGill0002
0	0.00966183630342604	0.779806036754629	0.780789908289118	McGill0002
0	0.0193236726068521	0.780789908289118	0.780842615692751	McGill0002
0	0.0241545884623767	0.780842615692751	0.780912892230929	McGill0002
0	0.0289855066140897	0.780912892230929	0.781457535401806	McGill0002
0	0.0241545884623767	0.781457535401806	0.781545381074528	McGill0002
0	0.0193236726068521	0.781545381074528	0.78210759337995	McGill0002
0	0.0241545884623767	0.78210759337995	0.782177869918128	McGill0002
0	0.0289855066140897	0.782177869918128	0.782318422994483	McGill0002
0	0.0241545884623767	0.782318422994483	0.782546821743561	McGill0002
0	0.0144927533070448	0.782546821743561	0.783073895779894	McGill0002
0	0.0193236726068521	0.783073895779894	0.783407709336238	McGill0002
0	0.0241545884623767	0.783407709336238	0.78381179943076	McGill0002
0	0.0193236726068521	0.78381179943076	0.783934783372571	McGill0002
0	0.0144927533070448	0.783934783372571	0.784409150005271	McGill0002
0	0.00966183630342604	0.784409150005271	0.784672687023437	McGill0002
0	0.0241545884623767	0.784672687023437	0.784830809234337	McGill0002
0	0.0193236726068521	0.784830809234337	0.784918654907059	McGill0002
0	0.0338164247658027	0.784918654907059	0.785094346252504	McGill0002
0	0.0289855066140897	0.785094346252504	0.78642960047788	McGill0002
0	0.0144927533070448	0.78642960047788	0.786675568361503	McGill0002
0	0.00483091815171302	0.787395902877824	0.787747285568713	McGill0002
0	0.00966183630342604	0.787747285568713	0.78860817316139	McGill0002
0	0.0144927533070448	0.78860817316139	0.78908253979409	McGill0002
0	0.00966183630342604	0.78908253979409	0.789223092870445	McGill0002
0	0.0144927533070448	0.789223092870445	0.789433922484978	McGill0002
0	0.0193236726068521	0.789433922484978	0.789486629888612	McGill0002
0	0.0144927533070448	0.789486629888612	0.789908289117678	McGill0002
0	0.0193236726068521	0.789908289117678	0.790365086615833	McGill0002
0	0.0144927533070448	0.790365086615833	0.7909448680558	McGill0002
0	0.00966183630342604	0.7909448680558	0.791190835939422	McGill0002
0	0.00483091815171302	0.791190835939422	0.791665202572121	McGill0002
0	0.00483091815171302	0.792086861801188	0.79233282968481	McGill0002
0	0.00966183630342604	0.79233282968481	0.793035595066587	McGill0002
0	0.0144927533070448	0.793035595066587	0.793843775255631	McGill0002
0	0.00966183630342604	0.793843775255631	0.793984328331986	McGill0002
0	0.00483091815171302	0.793984328331986	0.794142450542886	McGill0002
0	0.00966183630342604	0.794142450542886	0.794546540637408	McGill0002
0	0.0144927533070448	0.794546540637408	0.79479250852103	McGill0002
0	0.00966183630342604	0.79479250852103	0.794880354193753	McGill0002
0	0.0144927533070448	0.794880354193753	0.795846656593696	McGill0002
0	0.00966183630342604	0.795846656593696	0.795881794862785	McGill0002
0	0.00483091815171302	0.795881794862785	0.796215608419129	McGill0002
0	0.00966183630342604	0.796215608419129	0.796303454091851	McGill0002
0	0.00483091815171302	0.796303454091851	0.797638708317228	McGill0002
0	0.00966183630342604	0.797638708317228	0.797972521873573	McGill0002
0	0.00483091815171302	0.797972521873573	0.799395621771672	McGill0002
0	0.00966183630342604	0.800959274746126	0.801855300607892	McGill0002
0	0.0144927533070448	0.801855300607892	0.802259390702414	McGill0002
0	0.0193236726068521	0.802259390702414	0.802364805509681	McGill0002
0	0.0241545884623767	0.802364805509681	0.802628342527847	McGill0002
0	0.0193236726068521	0.802628342527847	0.80268104993148	McGill0002
0	0.0144927533070448	0.80268104993148	0.80331353877508	McGill0002
0	0.0193236726068521	0.80331353877508	0.803612214062335	McGill0002
0	0.00966183630342604	0.803612214062335	0.803682490600513	McGill0002
0	0.0193236726068521	0.803682490600513	0.804139288098668	McGill0002
0	0.0241545884623767	0.804139288098668	0.80454337819319	McGill0002
0	0.0338164247658027	0.80454337819319	0.805000175691346	McGill0002
0	0.0289855066140897	0.805000175691346	0.805439404054956	McGill0002
0	0.0193236726068521	0.805439404054956	0.805527249727678	McGill0002
0	0.0144927533070448	0.805527249727678	0.805878632418567	McGill0002
0	0.00966183630342604	0.805878632418567	0.806300291647633	McGill0002
0	0.00483091815171302	0.81013036297832	0.811887276432763	McGill0002
0	0.00483091815171302	0.811904845567307	0.813591482483573	McGill0002
0	0.00966183630342604	0.820671843704979	0.821778699181278	McGill0002
0	0.0144927533070448	0.821778699181278	0.821796268315823	McGill0002
0	0.00966183630342604	0.821796268315823	0.821936821392178	McGill0002
0	0.0144927533070448	0.821936821392178	0.822376049755789	McGill0002
0	0.00966183630342604	0.822376049755789	0.823272075617555	McGill0002
0	0.0144927533070448	0.823272075617555	0.823518043501177	McGill0002
0	0.0193236726068521	0.823518043501177	0.823535612635722	McGill0002
0	0.0144927533070448	0.823535612635722	0.823693734846622	McGill0002
0	0.00966183630342604	0.823693734846622	0.824818159457465	McGill0002
0	0.00483091815171302	0.827348114831863	0.827523806177308	McGill0002
0	0.0144927533070448	0.827523806177308	0.827681928388208	McGill0002
0	0.0193236726068521	0.827681928388208	0.82776977406093	McGill0002
0	0.0241545884623767	0.82776977406093	0.828823922133596	McGill0002
0	0.0289855066140897	0.828823922133596	0.829105028286307	McGill0002
0	0.0241545884623767	0.829105028286307	0.829122597420851	McGill0002
0	0.0193236726068521	0.829122597420851	0.829245581362662	McGill0002
0	0.0144927533070448	0.829245581362662	0.829421272708106	McGill0002
0	0.00483091815171302	0.829421272708106	0.830457851646228	McGill0002
0	0.00966183630342604	0.830457851646228	0.830563266453495	McGill0002
0	0.00483091815171302	0.830563266453495	0.831090340489828	McGill0002
0	0.0144927533070448	0.831090340489828	0.831406584911627	McGill0002
0	0.0241545884623767	0.831406584911627	0.832109350293404	McGill0002
0	0.0289855066140897	0.832109350293404	0.832214765100671	McGill0002
0	0.0241545884623767	0.832214765100671	0.83224990336976	McGill0002
0	0.0289855066140897	0.83224990336976	0.83240802558066	McGill0002
0	0.0338164247658027	0.83240802558066	0.832531009522471	McGill0002
0	0.0386473452137812	0.832531009522471	0.832812115675182	McGill0002
0	0.0338164247658027	0.832812115675182	0.832847253944271	McGill0002
0	0.0289855066140897	0.832847253944271	0.833163498366071	McGill0002
0	0.0193236726068521	0.833163498366071	0.833848694613303	McGill0002
0	0.0144927533070448	0.833848694613303	0.834006816824203	McGill0002
0	0.00966183630342604	0.834006816824203	0.834164939035103	McGill0002
0	0.00483091815171302	0.834164939035103	0.834287922976914	McGill0002
0	0.00483091815171302	0.834463614322359	0.835746161144102	McGill0002
0	0.0144927533070448	0.835746161144102	0.836220527776802	McGill0002
0	0.00966183630342604	0.836220527776802	0.837415228925823	McGill0002
0	0.0144927533070448	0.837415228925823	0.837450367194912	McGill0002
0	0.0241545884623767	0.837450367194912	0.837485505464001	McGill0002
0	0.0193236726068521	0.837485505464001	0.837503074598545	McGill0002
0	0.0144927533070448	0.837503074598545	0.839049158438455	McGill0002
0	0.0193236726068521	0.839049158438455	0.839172142380267	McGill0002
0	0.00966183630342604	0.839172142380267	0.839207280649355	McGill0002
0	0.00483091815171302	0.839207280649355	0.840806071892899	McGill0002
0	0.00483091815171302	0.841298007660143	0.841385853332865	McGill0002
0	0.00966183630342604	0.841385853332865	0.842527847078253	McGill0002
0	0.0144927533070448	0.842527847078253	0.843054921114586	McGill0002
0	0.00966183630342604	0.843054921114586	0.843142766787308	McGill0002
0	0.00483091815171302	0.843142766787308	0.843669840823641	McGill0002
0	0.00966183630342604	0.843669840823641	0.843792824765452	McGill0002
0	0.0193236726068521	0.843792824765452	0.843968516110896	McGill0002
0	0.0241545884623767	0.843968516110896	0.844284760532696	McGill0002
0	0.0193236726068521	0.844284760532696	0.844355037070874	McGill0002
0	0.0241545884623767	0.844355037070874	0.844495590147229	McGill0002
0	0.0289855066140897	0.844495590147229	0.844530728416318	McGill0002
0	0.0386473452137812	0.844530728416318	0.845426754278084	McGill0002
0	0.0338164247658027	0.845426754278084	0.845479461681718	McGill0002
0	0.0289855066140897	0.845479461681718	0.845549738219895	McGill0002
0	0.0241545884623767	0.845549738219895	0.845707860430795	McGill0002
0	0.0193236726068521	0.845707860430795	0.846076812256228	McGill0002
0	0.0144927533070448	0.846076812256228	0.846287641870761	McGill0002
0	0.00483091815171302	0.846287641870761	0.847078252925261	McGill0002
0	0.00483091815171302	0.847974278787027	0.848413507150638	McGill0002
0	0.00966183630342604	0.848413507150638	0.848694613303349	McGill0002
0	0.0144927533070448	0.848694613303349	0.848800028110615	McGill0002
0	0.0193236726068521	0.848800028110615	0.84973119224147	McGill0002
0	0.0144927533070448	0.84973119224147	0.850170420605081	McGill0002
0	0.00966183630342604	0.850170420605081	0.850451526757792	McGill0002
0	0.00483091815171302	0.850451526757792	0.850539372430514	McGill0002
0	0.00966183630342604	0.850574510699603	0.850644787237781	McGill0002
0	0.0144927533070448	0.850644787237781	0.851136723005025	McGill0002
0	0.0193236726068521	0.851136723005025	0.851224568677747	McGill0002
0	0.0289855066140897	0.851224568677747	0.851452967426825	McGill0002
0	0.0338164247658027	0.851452967426825	0.851839488386802	McGill0002
0	0.0434782610694214	0.851839488386802	0.85190976492498	McGill0002
0	0.0483091769246763	0.85190976492498	0.852261147615869	McGill0002
0	0.0531400973727704	0.852261147615869	0.852278716750413	McGill0002
0	0.0579710132280253	0.852278716750413	0.852296285884957	McGill0002
0	0.0531400973727704	0.852296285884957	0.852313855019502	McGill0002
0	0.0483091769246763	0.852313855019502	0.852384131557679	McGill0002
0	0.0531400973727704	0.852384131557679	0.85298148213219	McGill0002
0	0.0386473452137812	0.85298148213219	0.853209880881268	McGill0002
0	0.0338164247658027	0.853209880881268	0.853245019150357	McGill0002
0	0.0386473452137812	0.853245019150357	0.853596401841245	McGill0002
0	0.0289855066140897	0.853596401841245	0.853666678379423	McGill0002
0	0.0241545884623767	0.853666678379423	0.854018061070312	McGill0002
0	0.0144927533070448	0.854018061070312	0.854070768473945	McGill0002
0	0.0193236726068521	0.854070768473945	0.854088337608489	McGill0002
0	0.0144927533070448	0.854088337608489	0.854299167223023	McGill0002
0	0.0193236726068521	0.854299167223023	0.8545275659721	McGill0002
0	0.0241545884623767	0.8545275659721	0.854597842510278	McGill0002
0	0.0289855066140897	0.854597842510278	0.854615411644822	McGill0002
0	0.0241545884623767	0.854615411644822	0.854931656066622	McGill0002
0	0.0193236726068521	0.854931656066622	0.855458730102955	McGill0002
0	0.0241545884623767	0.855458730102955	0.855529006641133	McGill0002
0	0.0289855066140897	0.855529006641133	0.855827681928388	McGill0002
0	0.0241545884623767	0.855827681928388	0.855968235004744	McGill0002
0	0.0338164247658027	0.855968235004744	0.856056080677466	McGill0002
0	0.0289855066140897	0.856056080677466	0.856266910291999	McGill0002
0	0.0338164247658027	0.856266910291999	0.856284479426543	McGill0002
0	0.0289855066140897	0.856284479426543	0.856354755964721	McGill0002
0	0.0241545884623767	0.856354755964721	0.856512878175621	McGill0002
0	0.0289855066140897	0.856512878175621	0.856530447310166	McGill0002
0	0.0338164247658027	0.856530447310166	0.856776415193788	McGill0002
0	0.0386473452137812	0.856776415193788	0.857127797884676	McGill0002
0	0.0434782610694214	0.857127797884676	0.857250781826487	McGill0002
0	0.0386473452137812	0.857250781826487	0.857321058364665	McGill0002
0	0.0434782610694214	0.857321058364665	0.857391334902843	McGill0002
0	0.0531400973727704	0.857391334902843	0.857444042306476	McGill0002
0	0.0483091769246763	0.857444042306476	0.857479180575565	McGill0002
0	0.0531400973727704	0.857479180575565	0.857584595382832	McGill0002
0	0.0579710132280253	0.857584595382832	0.857690010190098	McGill0002
0	0.0531400973727704	0.857690010190098	0.85793597807372	McGill0002
0	0.0483091769246763	0.85793597807372	0.85809410028462	McGill0002
0	0.0531400973727704	0.85809410028462	0.858181945957342	McGill0002
0	0.0579710132280253	0.858181945957342	0.858269791630064	McGill0002
0	0.0531400973727704	0.858269791630064	0.858480621244597	McGill0002
0	0.0579710132280253	0.858480621244597	0.858498190379142	McGill0002
0	0.0628019336761194	0.858498190379142	0.858533328648231	McGill0002
0	0.0531400973727704	0.858533328648231	0.858656312590042	McGill0002
0	0.0579710132280253	0.858656312590042	0.858937418742753	McGill0002
0	0.0531400973727704	0.858937418742753	0.859025264415475	McGill0002
0	0.0483091769246763	0.859025264415475	0.859148248357286	McGill0002
0	0.0386473452137812	0.859148248357286	0.859236094030008	McGill0002
0	0.0338164247658027	0.859236094030008	0.859341508837275	McGill0002
0	0.0289855066140897	0.859341508837275	0.859780737200886	McGill0002
0	0.0338164247658027	0.859780737200886	0.859851013739063	McGill0002
0	0.0289855066140897	0.859851013739063	0.859868582873608	McGill0002
0	0.0241545884623767	0.859868582873608	0.859921290277241	McGill0002
0	0.0193236726068521	0.859921290277241	0.860009135949963	McGill0002
0	0.0144927533070448	0.860009135949963	0.860079412488141	McGill0002
0	0.0193236726068521	0.860079412488141	0.860237534699041	McGill0002
0	0.0144927533070448	0.860237534699041	0.860395656909941	McGill0002
0	0.00966183630342604	0.860395656909941	0.860940300080818	McGill0002
0	0.0144927533070448	0.860940300080818	0.86134439017534	McGill0002
0	0.00966183630342604	0.86134439017534	0.861379528444429	McGill0002
0	0.00483091815171302	0.861379528444429	0.86150251238624	McGill0002
0	0.00966183630342604	0.86150251238624	0.861520081520784	McGill0002
0	0.0144927533070448	0.861520081520784	0.861607927193506	McGill0002
0	0.00966183630342604	0.861607927193506	0.862328261709828	McGill0002
0	0.0144927533070448	0.862328261709828	0.862539091324361	McGill0002
0	0.0193236726068521	0.862539091324361	0.862785059207984	McGill0002
0	0.0289855066140897	0.862785059207984	0.86289047401525	McGill0002
0	0.0338164247658027	0.86289047401525	0.862925612284339	McGill0002
0	0.0386473452137812	0.862925612284339	0.86320671843705	McGill0002
0	0.0338164247658027	0.86320671843705	0.863259425840683	McGill0002
0	0.0289855066140897	0.863259425840683	0.863927052953371	McGill0002
0	0.0338164247658027	0.863927052953371	0.864085175164271	McGill0002
0	0.0289855066140897	0.864085175164271	0.864296004778805	McGill0002
0	0.0241545884623767	0.864296004778805	0.864541972662427	McGill0002
0	0.0144927533070448	0.864541972662427	0.86459468006606	McGill0002
0	0.0193236726068521	0.86459468006606	0.864629818335149	McGill0002
0	0.00966183630342604	0.864629818335149	0.864700094873327	McGill0002
0	0.0144927533070448	0.864700094873327	0.864928493622404	McGill0002
0	0.0193236726068521	0.864928493622404	0.865033908429671	McGill0002
0	0.0241545884623767	0.865033908429671	0.865262307178749	McGill0002
0	0.0289855066140897	0.865262307178749	0.865806950349626	McGill0002
0	0.0338164247658027	0.865806950349626	0.866281316982325	McGill0002
0	0.0289855066140897	0.866281316982325	0.866386731789592	McGill0002
0	0.0338164247658027	0.866386731789592	0.86645700832777	McGill0002
0	0.0289855066140897	0.86645700832777	0.866632699673214	McGill0002
0	0.0338164247658027	0.866632699673214	0.866685407076847	McGill0002
0	0.0289855066140897	0.866685407076847	0.866755683615025	McGill0002
0	0.0241545884623767	0.866755683615025	0.867019220633192	McGill0002
0	0.0193236726068521	0.867019220633192	0.867440879862258	McGill0002
0	0.0144927533070448	0.867440879862258	0.867546294669525	McGill0002
0	0.00966183630342604	0.867546294669525	0.867757124284058	McGill0002
0	0.0144927533070448	0.867757124284058	0.867774693418602	McGill0002
0	0.0193236726068521	0.867774693418602	0.868126076109491	McGill0002
0	0.0144927533070448	0.868126076109491	0.86831933658948	McGill0002
0	0.00966183630342604	0.86831933658948	0.868459889665835	McGill0002
0	0.0144927533070448	0.868459889665835	0.868688288414913	McGill0002
0	0.0193236726068521	0.868688288414913	0.86923293158579	McGill0002
0	0.0241545884623767	0.86923293158579	0.869373484662146	McGill0002
0	0.0289855066140897	0.869373484662146	0.869426192065779	McGill0002
0	0.0338164247658027	0.869426192065779	0.869514037738501	McGill0002
0	0.0289855066140897	0.869514037738501	0.869531606873045	McGill0002
0	0.0241545884623767	0.869531606873045	0.869584314276679	McGill0002
0	0.0289855066140897	0.869584314276679	0.869619452545768	McGill0002
0	0.0386473452137812	0.869619452545768	0.869900558698479	McGill0002
0	0.0434782610694214	0.869900558698479	0.870216803120278	McGill0002
0	0.0386473452137812	0.870216803120278	0.870251941389367	McGill0002
0	0.0434782610694214	0.870251941389367	0.870322217927545	McGill0002
0	0.0483091769246763	0.870322217927545	0.870374925331178	McGill0002
0	0.0434782610694214	0.870374925331178	0.870726308022067	McGill0002
0	0.0628019336761194	0.870726308022067	0.870849291963878	McGill0002
0	0.0724637699794684	0.870849291963878	0.870972275905689	McGill0002
0	0.0676328495317595	0.870972275905689	0.871112828982044	McGill0002
0	0.0628019336761194	0.871112828982044	0.871165536385678	McGill0002
0	0.0579710132280253	0.871165536385678	0.871200674654767	McGill0002
0	0.0628019336761194	0.871200674654767	0.871306089462033	McGill0002
0	0.0821256016903634	0.871306089462033	0.871341227731122	McGill0002
0	0.0772946904275624	0.871341227731122	0.871393935134755	McGill0002
0	0.0821256016903634	0.871393935134755	0.871991285709266	McGill0002
0	0.0772946904275624	0.871991285709266	0.872079131381988	McGill0002
0	0.0724637699794684	0.872079131381988	0.872131838785622	McGill0002
0	0.0821256016903634	0.872131838785622	0.872395375803788	McGill0002
0	0.0869565221384575	0.872395375803788	0.87248322147651	McGill0002
0	0.0724637699794684	0.87248322147651	0.872606205418321	McGill0002
0	0.0628019336761194	0.872606205418321	0.872817035032854	McGill0002
0	0.0676328495317595	0.872817035032854	0.873063002916476	McGill0002
0	0.0483091769246763	0.873063002916476	0.87311571032011	McGill0002
0	0.0434782610694214	0.87311571032011	0.873133279454654	McGill0002
0	0.0386473452137812	0.873133279454654	0.873414385607365	McGill0002
0	0.0289855066140897	0.873414385607365	0.873449523876454	McGill0002
0	0.0338164247658027	0.873449523876454	0.87371306089462	McGill0002
0	0.0386473452137812	0.87371306089462	0.873836044836432	McGill0002
0	0.0531400973727704	0.873836044836432	0.87387118310552	McGill0002
0	0.0434782610694214	0.87387118310552	0.873959028778242	McGill0002
0	0.0483091769246763	0.873959028778242	0.874152289258231	McGill0002
0	0.0434782610694214	0.874152289258231	0.874204996661864	McGill0002
0	0.0483091769246763	0.874204996661864	0.874240134930953	McGill0002
0	0.0434782610694214	0.874240134930953	0.874556379352753	McGill0002
0	0.0483091769246763	0.874556379352753	0.874573948487298	McGill0002
0	0.0434782610694214	0.874573948487298	0.874714501563653	McGill0002
0	0.0531400973727704	0.874714501563653	0.874872623774553	McGill0002
0	0.0483091769246763	0.874872623774553	0.87497803858182	McGill0002
0	0.0531400973727704	0.87497803858182	0.875048315119997	McGill0002
0	0.0579710132280253	0.875048315119997	0.875206437330897	McGill0002
0	0.0531400973727704	0.875206437330897	0.875346990407252	McGill0002
0	0.0579710132280253	0.875346990407252	0.875364559541797	McGill0002
0	0.0628019336761194	0.875364559541797	0.875469974349064	McGill0002
0	0.0579710132280253	0.875469974349064	0.875592958290875	McGill0002
0	0.0434782610694214	0.875592958290875	0.875715942232686	McGill0002
0	0.0386473452137812	0.875715942232686	0.875961910116308	McGill0002
0	0.0338164247658027	0.875961910116308	0.876120032327208	McGill0002
0	0.0386473452137812	0.876120032327208	0.876313292807196	McGill0002
0	0.0338164247658027	0.876313292807196	0.876471415018096	McGill0002
0	0.0241545884623767	0.876471415018096	0.876647106363541	McGill0002
0	0.0289855066140897	0.876647106363541	0.876717382901718	McGill0002
0	0.0241545884623767	0.876717382901718	0.876770090305352	McGill0002
0	0.0289855066140897	0.876770090305352	0.876875505112618	McGill0002
0	0.0386473452137812	0.876875505112618	0.877086334727151	McGill0002
0	0.0338164247658027	0.877086334727151	0.87712147299624	McGill0002
0	0.0289855066140897	0.87712147299624	0.877349871745318	McGill0002
0	0.0338164247658027	0.877349871745318	0.877402579148951	McGill0002
0	0.0434782610694214	0.877402579148951	0.877420148283496	McGill0002
0	0.0386473452137812	0.877420148283496	0.877876945781651	McGill0002
0	0.0338164247658027	0.877876945781651	0.878122913665273	McGill0002
0	0.0386473452137812	0.878122913665273	0.87822832847254	McGill0002
0	0.0434782610694214	0.87822832847254	0.878404019817984	McGill0002
0	0.0386473452137812	0.878404019817984	0.878527003759795	McGill0002
0	0.0338164247658027	0.878527003759795	0.878614849432517	McGill0002
0	0.0289855066140897	0.878614849432517	0.878632418567061	McGill0002
0	0.0241545884623767	0.878632418567061	0.878720264239784	McGill0002
0	0.0289855066140897	0.878720264239784	0.878860817316139	McGill0002
0	0.0241545884623767	0.878860817316139	0.879124354334305	McGill0002
0	0.0289855066140897	0.879124354334305	0.87914192346885	McGill0002
0	0.0193236726068521	0.87914192346885	0.879159492603394	McGill0002
0	0.0289855066140897	0.879159492603394	0.879493306159739	McGill0002
0	0.0338164247658027	0.879493306159739	0.879510875294283	McGill0002
0	0.0386473452137812	0.879510875294283	0.879879827119716	McGill0002
0	0.0338164247658027	0.879879827119716	0.879985241926983	McGill0002
0	0.0289855066140897	0.879985241926983	0.880319055483327	McGill0002
0	0.0241545884623767	0.880319055483327	0.88037176288696	McGill0002
0	0.0289855066140897	0.88037176288696	0.880828560385116	McGill0002
0	0.0241545884623767	0.880828560385116	0.880863698654204	McGill0002
0	0.0193236726068521	0.880863698654204	0.880898836923293	McGill0002
0	0.0144927533070448	0.880898836923293	0.881250219614182	McGill0002
0	0.00483091815171302	0.881250219614182	0.881425910959626	McGill0002
0	0.00966183630342604	0.881425910959626	0.88147861836326	McGill0002
0	0.0144927533070448	0.88147861836326	0.882128676341404	McGill0002
0	0.00966183630342604	0.882128676341404	0.883182824414069	McGill0002
0	0.00483091815171302	0.883182824414069	0.883235531817703	McGill0002
0	0.0193236726068521	0.88330580835588	0.883446361432236	McGill0002
0	0.0241545884623767	0.883446361432236	0.883516637970414	McGill0002
0	0.0289855066140897	0.883516637970414	0.883569345374047	McGill0002
0	0.0338164247658027	0.883569345374047	0.884518078639446	McGill0002
0	0.0386473452137812	0.884518078639446	0.884992445272146	McGill0002
0	0.0434782610694214	0.884992445272146	0.885062721810324	McGill0002
0	0.0241545884623767	0.885062721810324	0.885203274886679	McGill0002
0	0.0386473452137812	0.885203274886679	0.885273551424857	McGill0002
0	0.0338164247658027	0.885273551424857	0.885291120559401	McGill0002
0	0.0386473452137812	0.885291120559401	0.885308689693946	McGill0002
0	0.0338164247658027	0.885308689693946	0.88627499209389	McGill0002
0	0.0289855066140897	0.88627499209389	0.886415545170245	McGill0002
0	0.0338164247658027	0.886415545170245	0.886749358726589	McGill0002
0	0.0289855066140897	0.886749358726589	0.886960188341122	McGill0002
0	0.00483091815171302	0.886960188341122	0.887891352471977	McGill0002
0	0.00966183630342604	0.887891352471977	0.888172458624688	McGill0002
0	0.00483091815171302	0.888172458624688	0.889332021504621	McGill0002
0	0.00966183630342604	0.889332021504621	0.889648265926421	McGill0002
0	0.00483091815171302	0.889648265926421	0.891088934959064	McGill0002
0	0.00966183630342604	0.89384728908254	0.894778453213395	McGill0002
0	0.0193236726068521	0.894778453213395	0.895604202536983	McGill0002
0	0.00966183630342604	0.895604202536983	0.896008292631505	McGill0002
0	0.0144927533070448	0.896008292631505	0.896535366667838	McGill0002
0	0.00483091815171302	0.896535366667838	0.897466530798693	McGill0002
0	0.00966183630342604	0.897466530798693	0.897765206085948	McGill0002
0	0.00483091815171302	0.897765206085948	0.899223444253136	McGill0002
0	0.00483091815171302	0.899697810885836	0.900962788573035	McGill0002
0	0.00966183630342604	0.900962788573035	0.901454724340279	McGill0002
0	0.00483091815171302	0.901454724340279	0.902719702027478	McGill0002
0	0.00483091815171302	0.909343265750729	0.910274429881584	McGill0002
0	0.00966183630342604	0.910274429881584	0.910555536034295	McGill0002
0	0.00483091815171302	0.910555536034295	0.91117045574335	McGill0002
0	0.00483091815171302	0.912540848237816	0.914297761692259	McGill0002
0	0.00483091815171302	0.914403176499526	0.916160089953969	McGill0002
0	0.00483091815171302	0.916388488703046	0.917179099757546	McGill0002
0	0.00966183630342604	0.917179099757546	0.917548051582979	McGill0002
0	0.0144927533070448	0.917548051582979	0.918022418215679	McGill0002
0	0.0193236726068521	0.918022418215679	0.918127833022945	McGill0002
0	0.0241545884623767	0.918127833022945	0.91814540215749	McGill0002
0	0.0193236726068521	0.91814540215749	0.918567061386556	McGill0002
0	0.0241545884623767	0.918567061386556	0.9185846305211	McGill0002
0	0.0338164247658027	0.9185846305211	0.918936013211989	McGill0002
0	0.0289855066140897	0.918936013211989	0.919287395902878	McGill0002
0	0.0241545884623767	0.919287395902878	0.919586071190133	McGill0002
0	0.0289855066140897	0.919586071190133	0.919726624266489	McGill0002
0	0.0338164247658027	0.919726624266489	0.919761762535578	McGill0002
0	0.0289855066140897	0.919761762535578	0.919884746477388	McGill0002
0	0.0241545884623767	0.919884746477388	0.919972592150111	McGill0002
0	0.0193236726068521	0.919972592150111	0.92028883657191	McGill0002
0	0.0241545884623767	0.92028883657191	0.920323974840999	McGill0002
0	0.0289855066140897	0.920323974840999	0.920341543975544	McGill0002
0	0.0193236726068521	0.920341543975544	0.920499666186444	McGill0002
0	0.0289855066140897	0.920499666186444	0.921272708106399	McGill0002
0	0.0241545884623767	0.921272708106399	0.921342984644576	McGill0002
0	0.0193236726068521	0.921342984644576	0.921483537720932	McGill0002
0	0.0144927533070448	0.921483537720932	0.922045750026354	McGill0002
0	0.00966183630342604	0.922045750026354	0.922256579640887	McGill0002
0	0.00483091815171302	0.928546329807794	0.929986998840437	McGill0002
0	0.00966183630342604	0.929986998840437	0.930303243262237	McGill0002
0	0.00483091815171302	0.930303243262237	0.93174391229488	McGill0002
0	0.00966183630342604	0.932499385080291	0.933079166520257	McGill0002
0	0.0144927533070448	0.933079166520257	0.933149443058435	McGill0002
0	0.0193236726068521	0.933149443058435	0.933202150462068	McGill0002
0	0.0241545884623767	0.933202150462068	0.933781931902035	McGill0002
0	0.0289855066140897	0.933781931902035	0.933957623247479	McGill0002
0	0.0338164247658027	0.933957623247479	0.93423872940019	McGill0002
0	0.0289855066140897	0.93423872940019	0.934256298534734	McGill0002
0	0.0241545884623767	0.934256298534734	0.934800941705612	McGill0002
0	0.0289855066140897	0.934800941705612	0.934818510840156	McGill0002
0	0.0386473452137812	0.934818510840156	0.9348360799747	McGill0002
0	0.0338164247658027	0.9348360799747	0.934906356512878	McGill0002
0	0.0241545884623767	0.934906356512878	0.934976633051056	McGill0002
0	0.0289855066140897	0.934976633051056	0.935538845356478	McGill0002
0	0.0241545884623767	0.935538845356478	0.935714536701922	McGill0002
0	0.0193236726068521	0.935714536701922	0.935732105836466	McGill0002
0	0.0241545884623767	0.935732105836466	0.935855089778278	McGill0002
0	0.0193236726068521	0.935855089778278	0.936557855160055	McGill0002
0	0.00966183630342604	0.936557855160055	0.936575424294599	McGill0002
0	0.00483091815171302	0.936575424294599	0.937278189676377	McGill0002
0	0.00966183630342604	0.937278189676377	0.937436311887276	McGill0002
0	0.00483091815171302	0.937436311887276	0.937664710636354	McGill0002
0	0.00966183630342604	0.937664710636354	0.939017533996275	McGill0002
0	0.00483091815171302	0.939017533996275	0.93919322534172	McGill0002
0	0.00966183630342604	0.942584068308795	0.944007168206894	McGill0002
0	0.0193236726068521	0.944007168206894	0.944340981763238	McGill0002
0	0.00966183630342604	0.944340981763238	0.945447837239538	McGill0002
0	0.0144927533070448	0.945447837239538	0.945764081661337	McGill0002
0	0.00483091815171302	0.945764081661337	0.946396570504937	McGill0002
0	0.00966183630342604	0.946396570504937	0.946466847043115	McGill0002
0	0.0144927533070448	0.946466847043115	0.946537123581292	McGill0002
0	0.0193236726068521	0.946537123581292	0.94660740011947	McGill0002
0	0.0241545884623767	0.94660740011947	0.947204750693981	McGill0002
0	0.0193236726068521	0.947204750693981	0.94815348395938	McGill0002
0	0.00966183630342604	0.94815348395938	0.94831160617028	McGill0002
0	0.00483091815171302	0.94831160617028	0.949594152992024	McGill0002
0	0.00966183630342604	0.949594152992024	0.949892828279279	McGill0002
0	0.00483091815171302	0.949892828279279	0.951175375101023	McGill0002
0	0.00483091815171302	0.951263220773745	0.951526757791911	McGill0002
0	0.00966183630342604	0.951526757791911	0.952264661442777	McGill0002
0	0.0144927533070448	0.952264661442777	0.952739028075477	McGill0002
0	0.0193236726068521	0.952739028075477	0.953020134228188	McGill0002
0	0.0144927533070448	0.953020134228188	0.95326610211181	McGill0002
0	0.00966183630342604	0.95326610211181	0.953564777399065	McGill0002
0	0.00483091815171302	0.953564777399065	0.95449594152992	McGill0002
0	0.00483091815171302	0.954618925471731	0.955075722969887	McGill0002
0	0.00966183630342604	0.955075722969887	0.955427105660775	McGill0002
0	0.0144927533070448	0.955427105660775	0.956375838926174	McGill0002
0	0.00966183630342604	0.956375838926174	0.956692083347974	McGill0002
0	0.0144927533070448	0.956692083347974	0.956815067289785	McGill0002
0	0.00966183630342604	0.956815067289785	0.957131311711585	McGill0002
0	0.0144927533070448	0.957131311711585	0.957184019115218	McGill0002
0	0.00966183630342604	0.957184019115218	0.958448996802417	McGill0002
0	0.00483091815171302	0.958448996802417	0.958888225166028	McGill0002
0	0.00483091815171302	0.963280508802136	0.963614322358481	McGill0002
0	0.00966183630342604	0.963614322358481	0.964492779085702	McGill0002
0	0.0144927533070448	0.964492779085702	0.964686039565691	McGill0002
0	0.0193236726068521	0.964686039565691	0.965019853122035	McGill0002
0	0.0144927533070448	0.965019853122035	0.965125267929302	McGill0002
0	0.00966183630342604	0.965125267929302	0.965933448118346	McGill0002
0	0.0144927533070448	0.965933448118346	0.966126708598335	McGill0002
0	0.00966183630342604	0.966126708598335	0.966407814751045	McGill0002
0	0.00483091815171302	0.966407814751045	0.967093010998278	McGill0002
0	0.00966183630342604	0.967093010998278	0.967532239361889	McGill0002
0	0.0144927533070448	0.967532239361889	0.967690361572789	McGill0002
0	0.00966183630342604	0.967690361572789	0.968375557820022	McGill0002
0	0.0144927533070448	0.968375557820022	0.968849924452721	McGill0002
0	0.00966183630342604	0.968849924452721	0.969289152816332	McGill0002
0	0.00483091815171302	0.969289152816332	0.969798657718121	McGill0002
0	0.00966183630342604	0.969798657718121	0.970132471274465	McGill0002
0	0.00483091815171302	0.970132471274465	0.970255455216276	McGill0002
0	0.00966183630342604	0.970255455216276	0.970659545310798	McGill0002
0	0.0144927533070448	0.970659545310798	0.970729821848976	McGill0002
0	0.0193236726068521	0.970729821848976	0.971204188481675	McGill0002
0	0.0241545884623767	0.971204188481675	0.971555571172564	McGill0002
0	0.0193236726068521	0.971555571172564	0.971994799536175	McGill0002
0	0.0144927533070448	0.971994799536175	0.972398889630697	McGill0002
0	0.00966183630342604	0.972398889630697	0.972679995783408	McGill0002
0	0.0144927533070448	0.972679995783408	0.972961101936119	McGill0002
0	0.00966183630342604	0.972961101936119	0.973663867317896	McGill0002
0	0.0193236726068521	0.973663867317896	0.974243648757862	McGill0002
0	0.0144927533070448	0.974243648757862	0.974436909237851	McGill0002
0	0.00966183630342604	0.974436909237851	0.974524754910573	McGill0002
0	0.0144927533070448	0.974524754910573	0.974858568466917	McGill0002
0	0.0193236726068521	0.974858568466917	0.97522752029235	McGill0002
0	0.0241545884623767	0.97522752029235	0.97538564250325	McGill0002
0	0.0193236726068521	0.97538564250325	0.976264099230472	McGill0002
0	0.0144927533070448	0.976264099230472	0.976580343652272	McGill0002
0	0.00966183630342604	0.976580343652272	0.976650620190449	McGill0002
0	0.0144927533070448	0.976650620190449	0.976984433746794	McGill0002
0	0.00483091815171302	0.976984433746794	0.978407533644893	McGill0002
0	0.00483091815171302	0.978864331143048	0.980586106328402	McGill0002
0	0.00966183630342604	0.980586106328402	0.980621244597491	McGill0002
0	0.00483091815171302	0.980621244597491	0.981201026037457	McGill0002
0	0.00966183630342604	0.981201026037457	0.981534839593802	McGill0002
0	0.0144927533070448	0.981534839593802	0.982343019782846	McGill0002
0	0.0193236726068521	0.982343019782846	0.982483572859201	McGill0002
0	0.0144927533070448	0.982483572859201	0.983203907375523	McGill0002
0	0.00966183630342604	0.983203907375523	0.983291753048245	McGill0002
0	0.00483091815171302	0.983291753048245	0.983801257950033	McGill0002
0	0.00966183630342604	0.983801257950033	0.983853965353667	McGill0002
0	0.00483091815171302	0.983853965353667	0.984785129484522	McGill0002
0	0.00966183630342604	0.984785129484522	0.985224357848132	McGill0002
0	0.0144927533070448	0.985224357848132	0.985540602269932	McGill0002
0	0.00966183630342604	0.985540602269932	0.98652447380442	McGill0002
0	0.00483091815171302	0.98652447380442	0.986946133033487	McGill0002
0	0.00966183630342604	0.986946133033487	0.986981271302576	McGill0002
0	0.00483091815171302	0.986981271302576	0.988580062546119	McGill0002
0	0.00483091815171302	0.989739625426052	0.991461400611406	McGill0002
0	0.00483091815171302	0.991514108015039	0.99195333637865	McGill0002
0	0.00966183630342604	0.99195333637865	0.992181735127728	McGill0002
0	0.0144927533070448	0.992181735127728	0.992568256087705	McGill0002
0	0.0289855066140897	0.992568256087705	0.99258582522225	McGill0002
0	0.0338164247658027	0.99258582522225	0.992989915316772	McGill0002
0	0.0483091769246763	0.992989915316772	0.993165606662216	McGill0002
0	0.0531400973727704	0.993165606662216	0.99318317579676	McGill0002
0	0.0483091769246763	0.99318317579676	0.993235883200393	McGill0002
0	0.0531400973727704	0.993235883200393	0.993692680698549	McGill0002
0	0.0483091769246763	0.993692680698549	0.993710249833093	McGill0002
0	0.0531400973727704	0.993710249833093	0.993938648582171	McGill0002
0	0.0483091769246763	0.993938648582171	0.994325169542148	McGill0002
0	0.0289855066140897	0.994325169542148	0.994746828771215	McGill0002
0	0.0144927533070448	0.994746828771215	0.994904950982115	McGill0002
0	0.0193236726068521	0.994904950982115	0.994922520116659	McGill0002
0	0.0144927533070448	0.994922520116659	0.994975227520292	McGill0002
0	0.0193236726068521	0.994975227520292	0.994992796654837	McGill0002
0	0.0144927533070448	0.994992796654837	0.995010365789381	McGill0002
0	0.0289855066140897	0.995010365789381	0.995467163287536	McGill0002
0	0.0241545884623767	0.995467163287536	0.995555008960259	McGill0002
0	0.0289855066140897	0.995555008960259	0.995642854632981	McGill0002
0	0.0338164247658027	0.995642854632981	0.995730700305703	McGill0002
0	0.0386473452137812	0.995730700305703	0.996240205207491	McGill0002
0	0.0338164247658027	0.996240205207491	0.996644295302013	McGill0002
0	0.0289855066140897	0.996644295302013	0.996714571840191	McGill0002
0	0.0241545884623767	0.996714571840191	0.996767279243825	McGill0002
0	0.0193236726068521	0.996767279243825	0.996802417512913	McGill0002
0	0.0241545884623767	0.996802417512913	0.997311922414702	McGill0002
0	0.00966183630342604	0.997311922414702	0.997470044625602	McGill0002
0	0.00483091815171302	0.997470044625602	0.998559330967356	McGill0002
